{
  "format_version": "1.8.0",
  "animations": {
	"animation.reactor_sabotage_anim": {
      "animation_length": 30.1,
      "timeline": {
        "0.0": [ "/titleraw @a[tag=Crewmate] title {\"rawtext\": [ { \"text\":\"§cREACTOR MELTDOWN (30s) \n\n\n\n\"}]}", "/playsound music.game.sabotage @a[tag=Crewmate]" ],
        "2": [ "/titleraw @a[tag=Crewmate] title {\"rawtext\": [ { \"text\":\"§cREACTOR MELTDOWN (28s) \n\n\n\n\"}]}", "/playsound music.game.sabotage @a[tag=Crewmate]" ],
        "4": [ "/titleraw @a[tag=Crewmate] title {\"rawtext\": [ { \"text\":\"§cREACTOR MELTDOWN (26s) \n\n\n\n\"}]}", "/playsound music.game.sabotage @a[tag=Crewmate]" ],
        "6": [ "/titleraw @a[tag=Crewmate] title {\"rawtext\": [ { \"text\":\"§cREACTOR MELTDOWN (24s) \n\n\n\n\"}]}", "/playsound music.game.sabotage @a[tag=Crewmate]" ],
        "8": [ "/titleraw @a[tag=Crewmate] title {\"rawtext\": [ { \"text\":\"§cREACTOR MELTDOWN (22s) \n\n\n\n\"}]}", "/playsound music.game.sabotage @a[tag=Crewmate]" ],
        "10": [ "/titleraw @a[tag=Crewmate] title {\"rawtext\": [ { \"text\":\"§cREACTOR MELTDOWN (20s) \n\n\n\n\"}]}", "/playsound music.game.sabotage @a[tag=Crewmate]" ],
        "12": [ "/titleraw @a[tag=Crewmate] title {\"rawtext\": [ { \"text\":\"§cREACTOR MELTDOWN (18s) \n\n\n\n\"}]}", "/playsound music.game.sabotage @a[tag=Crewmate]" ],
        "14": [ "/titleraw @a[tag=Crewmate] title {\"rawtext\": [ { \"text\":\"§cREACTOR MELTDOWN (16s) \n\n\n\n\"}]}", "/playsound music.game.sabotage @a[tag=Crewmate]" ],
        "16": [ "/titleraw @a[tag=Crewmate] title {\"rawtext\": [ { \"text\":\"§cREACTOR MELTDOWN (14s) \n\n\n\n\"}]}", "/playsound music.game.sabotage @a[tag=Crewmate]" ],
        "18": [ "/titleraw @a[tag=Crewmate] title {\"rawtext\": [ { \"text\":\"§cREACTOR MELTDOWN (12s) \n\n\n\n\"}]}", "/playsound music.game.sabotage @a[tag=Crewmate]" ],
        "20": [ "/titleraw @a[tag=Crewmate] title {\"rawtext\": [ { \"text\":\"§cREACTOR MELTDOWN (10s) \n\n\n\n\"}]}", "/playsound music.game.sabotage @a[tag=Crewmate]" ],
        "22": [ "/titleraw @a[tag=Crewmate] title {\"rawtext\": [ { \"text\":\"§cREACTOR MELTDOWN (8s) \n\n\n\n\"}]}", "/playsound music.game.sabotage @a[tag=Crewmate]" ],
        "24": [ "/titleraw @a[tag=Crewmate] title {\"rawtext\": [ { \"text\":\"§cREACTOR MELTDOWN (6s) \n\n\n\n\"}]}", "/playsound music.game.sabotage @a[tag=Crewmate]" ],
        "26": [ "/titleraw @a[tag=Crewmate] title {\"rawtext\": [ { \"text\":\"§cREACTOR MELTDOWN (4s) \n\n\n\n\"}]}", "/playsound music.game.sabotage @a[tag=Crewmate]" ],
        "28": [ "/titleraw @a[tag=Crewmate] title {\"rawtext\": [ { \"text\":\"§cREACTOR MELTDOWN (2s) \n\n\n\n\"}]}", "/playsound music.game.sabotage @a[tag=Crewmate]" ],
        "30": [ "/titleraw @a[tag=Crewmate] title {\"rawtext\": [ { \"text\":\"§cREACTOR MELTDOWN (0s) \n\n\n\n\"}]}", "/playsound music.game.sabotage @a[tag=Crewmate]", "/function game/victory_impostor" ]
      }
    },
	"animation.fix_oxygen_anim": {
      "animation_length": 60.1,
      "timeline": {
        "0.0": [ "/titleraw @a[tag=Crewmate] title {\"rawtext\": [ { \"text\":\"§cOXYGEN DEPLETED (60s) \n\n\n\n\"}]}", "/playsound music.game.sabotage @a[tag=Crewmate]" ],
        "2.0": [ "/titleraw @a[tag=Crewmate] title {\"rawtext\": [ { \"text\":\"§cOXYGEN DEPLETED (58s) \n\n\n\n\"}]}", "/playsound music.game.sabotage @a[tag=Crewmate]" ],
        "4.0": [ "/titleraw @a[tag=Crewmate] title {\"rawtext\": [ { \"text\":\"§cOXYGEN DEPLETED (56s) \n\n\n\n\"}]}", "/playsound music.game.sabotage @a[tag=Crewmate]" ],
        "6.0": [ "/titleraw @a[tag=Crewmate] title {\"rawtext\": [ { \"text\":\"§cOXYGEN DEPLETED (54s) \n\n\n\n\"}]}", "/playsound music.game.sabotage @a[tag=Crewmate]" ],
        "8.0": [ "/titleraw @a[tag=Crewmate] title {\"rawtext\": [ { \"text\":\"§cOXYGEN DEPLETED (52s) \n\n\n\n\"}]}", "/playsound music.game.sabotage @a[tag=Crewmate]" ],
        "10.0": [ "/titleraw @a[tag=Crewmate] title {\"rawtext\": [ { \"text\":\"§cOXYGEN DEPLETED (50s) \n\n\n\n\"}]}", "/playsound music.game.sabotage @a[tag=Crewmate]" ],
        "12.0": [ "/titleraw @a[tag=Crewmate] title {\"rawtext\": [ { \"text\":\"§cOXYGEN DEPLETED (48s) \n\n\n\n\"}]}", "/playsound music.game.sabotage @a[tag=Crewmate]" ],
        "14.0": [ "/titleraw @a[tag=Crewmate] title {\"rawtext\": [ { \"text\":\"§cOXYGEN DEPLETED (46s) \n\n\n\n\"}]}", "/playsound music.game.sabotage @a[tag=Crewmate]" ],
        "16.0": [ "/titleraw @a[tag=Crewmate] title {\"rawtext\": [ { \"text\":\"§cOXYGEN DEPLETED (44s) \n\n\n\n\"}]}", "/playsound music.game.sabotage @a[tag=Crewmate]" ],
        "18.0": [ "/titleraw @a[tag=Crewmate] title {\"rawtext\": [ { \"text\":\"§cOXYGEN DEPLETED (42s) \n\n\n\n\"}]}", "/playsound music.game.sabotage @a[tag=Crewmate]" ],
        "20.0": [ "/titleraw @a[tag=Crewmate] title {\"rawtext\": [ { \"text\":\"§cOXYGEN DEPLETED (40s) \n\n\n\n\"}]}", "/playsound music.game.sabotage @a[tag=Crewmate]" ],
        "22.0": [ "/titleraw @a[tag=Crewmate] title {\"rawtext\": [ { \"text\":\"§cOXYGEN DEPLETED (38s) \n\n\n\n\"}]}", "/playsound music.game.sabotage @a[tag=Crewmate]" ],
        "24.0": [ "/titleraw @a[tag=Crewmate] title {\"rawtext\": [ { \"text\":\"§cOXYGEN DEPLETED (36s) \n\n\n\n\"}]}", "/playsound music.game.sabotage @a[tag=Crewmate]" ],
        "26.0": [ "/titleraw @a[tag=Crewmate] title {\"rawtext\": [ { \"text\":\"§cOXYGEN DEPLETED (34s) \n\n\n\n\"}]}", "/playsound music.game.sabotage @a[tag=Crewmate]" ],
        "28.0": [ "/titleraw @a[tag=Crewmate] title {\"rawtext\": [ { \"text\":\"§cOXYGEN DEPLETED (32s) \n\n\n\n\"}]}", "/playsound music.game.sabotage @a[tag=Crewmate]" ],
        "30.0": [ "/titleraw @a[tag=Crewmate] title {\"rawtext\": [ { \"text\":\"§cOXYGEN DEPLETED (30s) \n\n\n\n\"}]}", "/playsound music.game.sabotage @a[tag=Crewmate]" ],
        "32": [ "/titleraw @a[tag=Crewmate] title {\"rawtext\": [ { \"text\":\"§cOXYGEN DEPLETED (28s) \n\n\n\n\"}]}", "/playsound music.game.sabotage @a[tag=Crewmate]" ],
        "34": [ "/titleraw @a[tag=Crewmate] title {\"rawtext\": [ { \"text\":\"§cOXYGEN DEPLETED (26s) \n\n\n\n\"}]}", "/playsound music.game.sabotage @a[tag=Crewmate]" ],
        "36": [ "/titleraw @a[tag=Crewmate] title {\"rawtext\": [ { \"text\":\"§cOXYGEN DEPLETED (24s) \n\n\n\n\"}]}", "/playsound music.game.sabotage @a[tag=Crewmate]" ],
        "38": [ "/titleraw @a[tag=Crewmate] title {\"rawtext\": [ { \"text\":\"§cOXYGEN DEPLETED (22s) \n\n\n\n\"}]}", "/playsound music.game.sabotage @a[tag=Crewmate]" ],
        "40": [ "/titleraw @a[tag=Crewmate] title {\"rawtext\": [ { \"text\":\"§cOXYGEN DEPLETED (20s) \n\n\n\n\"}]}", "/playsound music.game.sabotage @a[tag=Crewmate]" ],
        "42": [ "/titleraw @a[tag=Crewmate] title {\"rawtext\": [ { \"text\":\"§cOXYGEN DEPLETED (18s) \n\n\n\n\"}]}", "/playsound music.game.sabotage @a[tag=Crewmate]" ],
        "44": [ "/titleraw @a[tag=Crewmate] title {\"rawtext\": [ { \"text\":\"§cOXYGEN DEPLETED (16s) \n\n\n\n\"}]}", "/playsound music.game.sabotage @a[tag=Crewmate]" ],
        "46": [ "/titleraw @a[tag=Crewmate] title {\"rawtext\": [ { \"text\":\"§cOXYGEN DEPLETED (14s) \n\n\n\n\"}]}", "/playsound music.game.sabotage @a[tag=Crewmate]" ],
        "48": [ "/titleraw @a[tag=Crewmate] title {\"rawtext\": [ { \"text\":\"§cOXYGEN DEPLETED (12s) \n\n\n\n\"}]}", "/playsound music.game.sabotage @a[tag=Crewmate]" ],
        "50": [ "/titleraw @a[tag=Crewmate] title {\"rawtext\": [ { \"text\":\"§cOXYGEN DEPLETED (10s) \n\n\n\n\"}]}", "/playsound music.game.sabotage @a[tag=Crewmate]" ],
        "52": [ "/titleraw @a[tag=Crewmate] title {\"rawtext\": [ { \"text\":\"§cOXYGEN DEPLETED (8s) \n\n\n\n\"}]}", "/playsound music.game.sabotage @a[tag=Crewmate]" ],
        "54": [ "/titleraw @a[tag=Crewmate] title {\"rawtext\": [ { \"text\":\"§cOXYGEN DEPLETED (6s) \n\n\n\n\"}]}", "/playsound music.game.sabotage @a[tag=Crewmate]" ],
        "56": [ "/titleraw @a[tag=Crewmate] title {\"rawtext\": [ { \"text\":\"§cOXYGEN DEPLETED (4s) \n\n\n\n\"}]}", "/playsound music.game.sabotage @a[tag=Crewmate]" ],
        "58": [ "/titleraw @a[tag=Crewmate] title {\"rawtext\": [ { \"text\":\"§cOXYGEN DEPLETED (2s) \n\n\n\n\"}]}", "/playsound music.game.sabotage @a[tag=Crewmate]" ],
        "60": [ "/titleraw @a[tag=Crewmate] title {\"rawtext\": [ { \"text\":\"§cOXYGEN DEPLETED (0s) \n\n\n\n\"}]}", "/playsound music.game.sabotage @a[tag=Crewmate]", "/function game/victory_impostor" ]
      }
    },
	"animation.fix_light": {
      "animation_length": 8.1,
      "timeline": {
        "0.0": [ "/execute @a[tag=Crewmate,r=4] ~~~ effect @s slowness 8 255 true", "/execute @a[tag=Crewmate,r=4] ~~~ title @s title Fixing Lights (8s)" ],
        "1.0": [ "/execute @a[tag=Crewmate,r=4] ~~~ title @s title Fixing Lights (7s)" ],
        "2.0": [ "/execute @a[tag=Crewmate,r=4] ~~~ title @s title Fixing Lights (6s)" ],
        "3.0": [ "/execute @a[tag=Crewmate,r=4] ~~~ title @s title Fixing Lights (5s)" ],
        "4.0": [ "/execute @a[tag=Crewmate,r=4] ~~~ title @s title Fixing Lights (4s)" ],
        "5.0": [ "/execute @a[tag=Crewmate,r=4] ~~~ title @s title Fixing Lights (3s)" ],
        "6.0": [ "/execute @a[tag=Crewmate,r=4] ~~~ title @s title Fixing Lights (2s)" ],
        "7.0": [ "/execute @a[tag=Crewmate,r=4] ~~~ title @s title Fixing Lights (1s)" ],
        "8.0": [ "/execute @a[tag=Crewmate,r=4] ~~~ title @s title Fixed Lights", "@s js:fix_wiring_done" ]
      }
    },
	"animation.fix_communications": {
      "animation_length": 8.1,
      "timeline": {
        "0.0": [ "/execute @p[tag=Crewmate,r=4] ~~~ effect @s slowness 8 255 true", "/execute @p[tag=Crewmate,r=4] ~~~ title @s title Recalibrating Comms (8s)" ],
        "1.0": [ "/execute @p[tag=Crewmate,r=4] ~~~ title @s title Recalibrating Comms (7s)" ],
        "2.0": [ "/execute @p[tag=Crewmate,r=4] ~~~ title @s title Recalibrating Comms (6s)" ],
        "3.0": [ "/execute @p[tag=Crewmate,r=4] ~~~ title @s title Recalibrating Comms (5s)" ],
        "4.0": [ "/execute @p[tag=Crewmate,r=4] ~~~ title @s title Recalibrating Comms (4s)" ],
        "5.0": [ "/execute @p[tag=Crewmate,r=4] ~~~ title @s title Recalibrating Comms (3s)" ],
        "6.0": [ "/execute @p[tag=Crewmate,r=4] ~~~ title @s title Recalibrating Comms (2s)" ],
        "7.0": [ "/execute @p[tag=Crewmate,r=4] ~~~ title @s title Recalibrating Comms (1s)" ],
        "8.0": [ "/execute @p[tag=Crewmate,r=4] ~~~ title @s title Recalibrated Comms", "/function sabotages/fix_communications" ]
      }
    },
	"animation.fuel_tank": {
      "animation_length": 8.1,
      "timeline": {
        "0.0": [ "/execute @p[tag=task9, tag=!Impostor,r=4] ~~~ effect @s slowness 8 255 true", "/execute @p[tag=task9, tag=!Impostor,r=4] ~~~ title @s title Refilling Fuel Tank (8s)" ],
        "1.0": [ "/execute @p[tag=task9, tag=!Impostor,r=4] ~~~ title @s title Refilling Fuel Tank (7s)" ],
        "2.0": [ "/execute @p[tag=task9, tag=!Impostor,r=4] ~~~ title @s title Refilling Fuel Tank (6s)" ],
        "3.0": [ "/execute @p[tag=task9, tag=!Impostor,r=4] ~~~ title @s title Refilling Fuel Tank (5s)" ],
        "4.0": [ "/execute @p[tag=task9, tag=!Impostor,r=4] ~~~ title @s title Refilling Fuel Tank (4s)" ],
        "5.0": [ "/execute @p[tag=task9, tag=!Impostor,r=4] ~~~ title @s title Refilling Fuel Tank (3s)" ],
        "6.0": [ "/execute @p[tag=task9, tag=!Impostor,r=4] ~~~ title @s title Refilling Fuel Tank (2s)" ],
        "7.0": [ "/execute @p[tag=task9, tag=!Impostor,r=4] ~~~ title @s title Refilling Fuel Tank (1s)" ],
        "8.0": [ "/execute @p[tag=task9, tag=!Impostor,r=4] ~~~ title @s title Fuel Tank Refilled " ]
      }
    },
	"animation.upload_data": {
      "animation_length": 8.1,
      "timeline": {
        "0.0": [ "/execute @p[tag=task15, tag=!Impostor,r=4] ~~~ effect @s slowness 8 255 true", "/execute @p[tag=task15, tag=!Impostor,r=4] ~~~ title @s title Downloading Data (8s)" ],
        "1.0": [ "/execute @p[tag=task15, tag=!Impostor,r=4] ~~~ title @s title Downloading Data (7s)" ],
        "2.0": [ "/execute @p[tag=task15, tag=!Impostor,r=4] ~~~ title @s title Downloading Data (6s)" ],
        "3.0": [ "/execute @p[tag=task15, tag=!Impostor,r=4] ~~~ title @s title Downloading Data (5s)" ],
        "4.0": [ "/execute @p[tag=task15, tag=!Impostor,r=4] ~~~ title @s title Downloading Data (4s)" ],
        "5.0": [ "/execute @p[tag=task15, tag=!Impostor,r=4] ~~~ title @s title Downloading Data (3s)" ],
        "6.0": [ "/execute @p[tag=task15, tag=!Impostor,r=4] ~~~ title @s title Downloading Data (2s)" ],
        "7.0": [ "/execute @p[tag=task15, tag=!Impostor,r=4] ~~~ title @s title Downloading Data (1s)" ],
        "8.0": [ "/execute @p[tag=task15, tag=!Impostor,r=4] ~~~ title @s title Data Downloaded" ]
      }
    },
	"animation.upload_data2": {
      "animation_length": 8.1,
      "timeline": {
        "0.0": [ "/execute @p[tag=task16, tag=!Impostor,r=4] ~~~ effect @s slowness 8 255 true", "/execute @p[tag=task16, tag=!Impostor,r=4] ~~~ title @s title Downloading Data (8s)" ],
        "1.0": [ "/execute @p[tag=task16, tag=!Impostor,r=4] ~~~ title @s title Downloading Data (7s)" ],
        "2.0": [ "/execute @p[tag=task16, tag=!Impostor,r=4] ~~~ title @s title Downloading Data (6s)" ],
        "3.0": [ "/execute @p[tag=task16, tag=!Impostor,r=4] ~~~ title @s title Downloading Data (5s)" ],
        "4.0": [ "/execute @p[tag=task16, tag=!Impostor,r=4] ~~~ title @s title Downloading Data (4s)" ],
        "5.0": [ "/execute @p[tag=task16, tag=!Impostor,r=4] ~~~ title @s title Downloading Data (3s)" ],
        "6.0": [ "/execute @p[tag=task16, tag=!Impostor,r=4] ~~~ title @s title Downloading Data (2s)" ],
        "7.0": [ "/execute @p[tag=task16, tag=!Impostor,r=4] ~~~ title @s title Downloading Data (1s)" ],
        "8.0": [ "/execute @p[tag=task16, tag=!Impostor,r=4] ~~~ title @s title Data Downloaded" ]
      }
    },
	"animation.upload_data3": {
      "animation_length": 8.1,
      "timeline": {
        "0.0": [ "/execute @p[tag=task17, tag=!Impostor,r=4] ~~~ effect @s slowness 8 255 true", "/execute @p[tag=task17, tag=!Impostor,r=4] ~~~ title @s title Downloading Data (8s)" ],
        "1.0": [ "/execute @p[tag=task17, tag=!Impostor,r=4] ~~~ title @s title Downloading Data (7s)" ],
        "2.0": [ "/execute @p[tag=task17, tag=!Impostor,r=4] ~~~ title @s title Downloading Data (6s)" ],
        "3.0": [ "/execute @p[tag=task17, tag=!Impostor,r=4] ~~~ title @s title Downloading Data (5s)" ],
        "4.0": [ "/execute @p[tag=task17, tag=!Impostor,r=4] ~~~ title @s title Downloading Data (4s)" ],
        "5.0": [ "/execute @p[tag=task17, tag=!Impostor,r=4] ~~~ title @s title Downloading Data (3s)" ],
        "6.0": [ "/execute @p[tag=task17, tag=!Impostor,r=4] ~~~ title @s title Downloading Data (2s)" ],
        "7.0": [ "/execute @p[tag=task17, tag=!Impostor,r=4] ~~~ title @s title Downloading Data (1s)" ],
        "8.0": [ "/execute @p[tag=task17, tag=!Impostor,r=4] ~~~ title @s title Data Downloaded" ]
      }
    },
	"animation.upload_data4": {
      "animation_length": 8.1,
      "timeline": {
        "0.0": [ "/execute @p[tag=task18, tag=!Impostor,r=4] ~~~ effect @s slowness 8 255 true", "/execute @p[tag=task18, tag=!Impostor,r=4] ~~~ title @s title Downloading Data (8s)" ],
        "1.0": [ "/execute @p[tag=task18, tag=!Impostor,r=4] ~~~ title @s title Downloading Data (7s)" ],
        "2.0": [ "/execute @p[tag=task18, tag=!Impostor,r=4] ~~~ title @s title Downloading Data (6s)" ],
        "3.0": [ "/execute @p[tag=task18, tag=!Impostor,r=4] ~~~ title @s title Downloading Data (5s)" ],
        "4.0": [ "/execute @p[tag=task18, tag=!Impostor,r=4] ~~~ title @s title Downloading Data (4s)" ],
        "5.0": [ "/execute @p[tag=task18, tag=!Impostor,r=4] ~~~ title @s title Downloading Data (3s)" ],
        "6.0": [ "/execute @p[tag=task18, tag=!Impostor,r=4] ~~~ title @s title Downloading Data (2s)" ],
        "7.0": [ "/execute @p[tag=task18, tag=!Impostor,r=4] ~~~ title @s title Downloading Data (1s)" ],
        "8.0": [ "/execute @p[tag=task18, tag=!Impostor,r=4] ~~~ title @s title Data Downloaded" ]
      }
    },
	"animation.upload_data5": {
      "animation_length": 8.1,
      "timeline": {
        "0.0": [ "/execute @p[tag=task19, tag=!Impostor,r=4] ~~~ effect @s slowness 8 255 true", "/execute @p[tag=task19, tag=!Impostor,r=4] ~~~ title @s title Downloading Data (8s)" ],
        "1.0": [ "/execute @p[tag=task19, tag=!Impostor,r=4] ~~~ title @s title Downloading Data (7s)" ],
        "2.0": [ "/execute @p[tag=task19, tag=!Impostor,r=4] ~~~ title @s title Downloading Data (6s)" ],
        "3.0": [ "/execute @p[tag=task19, tag=!Impostor,r=4] ~~~ title @s title Downloading Data (5s)" ],
        "4.0": [ "/execute @p[tag=task19, tag=!Impostor,r=4] ~~~ title @s title Downloading Data (4s)" ],
        "5.0": [ "/execute @p[tag=task19, tag=!Impostor,r=4] ~~~ title @s title Downloading Data (3s)" ],
        "6.0": [ "/execute @p[tag=task19, tag=!Impostor,r=4] ~~~ title @s title Downloading Data (2s)" ],
        "7.0": [ "/execute @p[tag=task19, tag=!Impostor,r=4] ~~~ title @s title Downloading Data (1s)" ],
        "8.0": [ "/execute @p[tag=task19, tag=!Impostor,r=4] ~~~ title @s title Data Downloaded" ]
      }
    },
	"animation.download_data": {
      "animation_length": 8.1,
      "timeline": {
        "0.0": [ "/execute @p[tag=task19_done_half, tag=!Impostor,r=4] ~~~ effect @s slowness 8 255 true", "/execute @p[tag=task19_done_half, tag=!Impostor,r=4] ~~~ title @s title Uploading Data (8s)", "/execute @p[tag=task18_done_half, tag=!Impostor,r=4] ~~~ effect @s slowness 8 255 true", "/execute @p[tag=task18_done_half, tag=!Impostor,r=4] ~~~ title @s title Uploading Data (8s)", "/execute @p[tag=task17_done_half, tag=!Impostor,r=4] ~~~ effect @s slowness 8 255 true", "/execute @p[tag=task17_done_half, tag=!Impostor,r=4] ~~~ title @s title Uploading Data (8s)", "/execute @p[tag=task16_done_half, tag=!Impostor,r=4] ~~~ effect @s slowness 8 255 true", "/execute @p[tag=task16_done_half, tag=!Impostor,r=4] ~~~ title @s title Uploading Data (8s)", "/execute @p[tag=task15_done_half, tag=!Impostor,r=4] ~~~ effect @s slowness 8 255 true", "/execute @p[tag=task15_done_half, tag=!Impostor,r=4] ~~~ title @s title Uploading Data (8s)" ],
        "1.0": [ "/execute @p[tag=task19_done_half, tag=!Impostor,r=4] ~~~ title @s title Uploading Data (7s)", "/execute @p[tag=task18_done_half, tag=!Impostor,r=4] ~~~ title @s title Uploading Data (7s)", "/execute @p[tag=task17_done_half, tag=!Impostor,r=4] ~~~ title @s title Uploading Data (7s)", "/execute @p[tag=task16_done_half, tag=!Impostor,r=4] ~~~ title @s title Uploading Data (7s)", "/execute @p[tag=task15_done_half, tag=!Impostor,r=4] ~~~ title @s title Uploading Data (7s)" ],
        "2.0": [ "/execute @p[tag=task19_done_half, tag=!Impostor,r=4] ~~~ title @s title Uploading Data (6s)", "/execute @p[tag=task18_done_half, tag=!Impostor,r=4] ~~~ title @s title Uploading Data (6s)", "/execute @p[tag=task17_done_half, tag=!Impostor,r=4] ~~~ title @s title Uploading Data (6s)", "/execute @p[tag=task16_done_half, tag=!Impostor,r=4] ~~~ title @s title Uploading Data (6s)", "/execute @p[tag=task15_done_half, tag=!Impostor,r=4] ~~~ title @s title Uploading Data (6s)" ],
        "3.0": [ "/execute @p[tag=task19_done_half, tag=!Impostor,r=4] ~~~ title @s title Uploading Data (5s)", "/execute @p[tag=task18_done_half, tag=!Impostor,r=4] ~~~ title @s title Uploading Data (5s)", "/execute @p[tag=task17_done_half, tag=!Impostor,r=4] ~~~ title @s title Uploading Data (5s)", "/execute @p[tag=task16_done_half, tag=!Impostor,r=4] ~~~ title @s title Uploading Data (5s)", "/execute @p[tag=task15_done_half, tag=!Impostor,r=4] ~~~ title @s title Uploading Data (5s)" ],
        "4.0": [ "/execute @p[tag=task19_done_half, tag=!Impostor,r=4] ~~~ title @s title Uploading Data (4s)", "/execute @p[tag=task18_done_half, tag=!Impostor,r=4] ~~~ title @s title Uploading Data (4s)", "/execute @p[tag=task17_done_half, tag=!Impostor,r=4] ~~~ title @s title Uploading Data (4s)", "/execute @p[tag=task16_done_half, tag=!Impostor,r=4] ~~~ title @s title Uploading Data (4s)", "/execute @p[tag=task15_done_half, tag=!Impostor,r=4] ~~~ title @s title Uploading Data (4s)" ],
        "5.0": [ "/execute @p[tag=task19_done_half, tag=!Impostor,r=4] ~~~ title @s title Uploading Data (3s)", "/execute @p[tag=task18_done_half, tag=!Impostor,r=4] ~~~ title @s title Uploading Data (3s)", "/execute @p[tag=task17_done_half, tag=!Impostor,r=4] ~~~ title @s title Uploading Data (3s)", "/execute @p[tag=task16_done_half, tag=!Impostor,r=4] ~~~ title @s title Uploading Data (3s)", "/execute @p[tag=task15_done_half, tag=!Impostor,r=4] ~~~ title @s title Uploading Data (3s)" ],
        "6.0": [ "/execute @p[tag=task19_done_half, tag=!Impostor,r=4] ~~~ title @s title Uploading Data (2s)", "/execute @p[tag=task18_done_half, tag=!Impostor,r=4] ~~~ title @s title Uploading Data (2s)", "/execute @p[tag=task17_done_half, tag=!Impostor,r=4] ~~~ title @s title Uploading Data (2s)", "/execute @p[tag=task16_done_half, tag=!Impostor,r=4] ~~~ title @s title Uploading Data (2s)", "/execute @p[tag=task15_done_half, tag=!Impostor,r=4] ~~~ title @s title Uploading Data (2s)" ],
        "7.0": [ "/execute @p[tag=task19_done_half, tag=!Impostor,r=4] ~~~ title @s title Uploading Data (1s)", "/execute @p[tag=task18_done_half, tag=!Impostor,r=4] ~~~ title @s title Uploading Data (1s)", "/execute @p[tag=task17_done_half, tag=!Impostor,r=4] ~~~ title @s title Uploading Data (1s)", "/execute @p[tag=task16_done_half, tag=!Impostor,r=4] ~~~ title @s title Uploading Data (1s)", "/execute @p[tag=task15_done_half, tag=!Impostor,r=4] ~~~ title @s title Uploading Data (1s)" ],
        "8.0": [ "/execute @p[tag=task19_done_half, tag=!Impostor,r=4] ~~~ title @s title Data Uploaded", "/execute @p[tag=task18_done_half, tag=!Impostor,r=4] ~~~ title @s title Data Uploaded", "/execute @p[tag=task17_done_half, tag=!Impostor,r=4] ~~~ title @s title Data Uploaded", "/execute @p[tag=task16_done_half, tag=!Impostor,r=4] ~~~ title @s title Data Uploaded", "/execute @p[tag=task15_done_half, tag=!Impostor,r=4] ~~~ title @s title Data Uploaded" ]
      }
    },
	"animation.impostor_cooldown": {
      "animation_length": 30,
      "timeline": {
        "0.0": [ "/clear @s js:impostor", "/title @s actionbar §7§l» §4IMPOSTOR KILL COOLDOWN: §4[30] §7§l«"],
        "1.0": [ "/title @s actionbar §7§l» §4IMPOSTOR KILL COOLDOWN: §4[29] §7§l«"],
        "2.0": [ "/title @s actionbar §7§l» §4IMPOSTOR KILL COOLDOWN: §4[28] §7§l«"],
        "3.0": [ "/title @s actionbar §7§l» §4IMPOSTOR KILL COOLDOWN: §4[27] §7§l«"],
        "4.0": [ "/title @s actionbar §7§l» §4IMPOSTOR KILL COOLDOWN: §4[26] §7§l«"],
        "5.0": [ "/title @s actionbar §7§l» §4IMPOSTOR KILL COOLDOWN: §4[25] §7§l«"],
        "6.0": [ "/title @s actionbar §7§l» §4IMPOSTOR KILL COOLDOWN: §4[24] §7§l«"],
        "7.0": [ "/title @s actionbar §7§l» §4IMPOSTOR KILL COOLDOWN: §4[23] §7§l«"],
        "8.0": [ "/title @s actionbar §7§l» §4IMPOSTOR KILL COOLDOWN: §4[22] §7§l«"],
        "9.0": [ "/title @s actionbar §7§l» §4IMPOSTOR KILL COOLDOWN: §4[21] §7§l«"],
        "10.0": [ "/title @s actionbar §7§l» §4IMPOSTOR KILL COOLDOWN: §4[20] §7§l«"],
        "11.0": [ "/title @s actionbar §7§l» §4IMPOSTOR KILL COOLDOWN: §4[19] §7§l«"],
        "12.0": [ "/title @s actionbar §7§l» §4IMPOSTOR KILL COOLDOWN: §4[18] §7§l«"],
        "13.0": [ "/title @s actionbar §7§l» §4IMPOSTOR KILL COOLDOWN: §4[17] §7§l«"],
        "14.0": [ "/title @s actionbar §7§l» §4IMPOSTOR KILL COOLDOWN: §4[16] §7§l«"],
        "15.0": [ "/title @s actionbar §7§l» §4IMPOSTOR KILL COOLDOWN: §4[15] §7§l«"],
        "16.0": [ "/title @s actionbar §7§l» §4IMPOSTOR KILL COOLDOWN: §4[14] §7§l«"],
        "17.0": [ "/title @s actionbar §7§l» §4IMPOSTOR KILL COOLDOWN: §4[13] §7§l«"],
        "18.0": [ "/title @s actionbar §7§l» §4IMPOSTOR KILL COOLDOWN: §4[12] §7§l«"],
        "19.0": [ "/title @s actionbar §7§l» §4IMPOSTOR KILL COOLDOWN: §4[11] §7§l«"],
        "20.0": [ "/title @s actionbar §7§l» §4IMPOSTOR KILL COOLDOWN: §4[10] §7§l«"],
        "21.0": [ "/title @s actionbar §7§l» §4IMPOSTOR KILL COOLDOWN: §4[9] §7§l«"],
        "22.0": [ "/title @s actionbar §7§l» §4IMPOSTOR KILL COOLDOWN: §4[8] §7§l«"],
        "23.0": [ "/title @s actionbar §7§l» §4IMPOSTOR KILL COOLDOWN: §4[7] §7§l«"],
        "24.0": [ "/title @s actionbar §7§l» §4IMPOSTOR KILL COOLDOWN: §4[6] §7§l«"],
        "25.0": [ "/title @s actionbar §7§l» §4IMPOSTOR KILL COOLDOWN: §4[5] §7§l«"],
        "26.0": [ "/title @s actionbar §7§l» §4IMPOSTOR KILL COOLDOWN: §4[4] §7§l«"],
        "27.0": [ "/title @s actionbar §7§l» §4IMPOSTOR KILL COOLDOWN: §4[3] §7§l«"],
        "28.0": [ "/title @s actionbar §7§l» §4IMPOSTOR KILL COOLDOWN: §4[2] §7§l«"],
        "29.0": [ "/title @s actionbar §7§l» §4IMPOSTOR KILL COOLDOWN: §4[1] §7§l«"],
        "29.9": [ "/clear @s js:impostor", "/give @s[tag=Impostor] js:impostor 1", "/title @s actionbar §7§l» §2Cooled Down §7§l«"]
      }
    },
	"animation.main_ambience": {
      "animation_length": 10,
	  "loop": true,
      "timeline": {
		"0.0": "/playsound music.game.main_ambience @a"
      }
    },
	"animation.scan": {
      "animation_length": 0.01,
	  "loop": true,
      "timeline": {
		"0.0": "/tp @p[tag=task31, tag=!Impostor,r=4] ~ ~0.3 ~"
      }
    },
	"animation.card_holding": {
      "animation_length": 0.5,
	  "loop": true,
      "timeline": {
		"0.0": "/playsound effect.game.card_hold @s"
      }
    },
	"animation.reactor_fix_holding": {
      "animation_length": 1,
	  "loop": true,
      "timeline": {
		"0.0": "/playsound effect.game.reactor_hold @s"
      }
    },
	"animation.role_reveal_anim": {
      "animation_length": 3.5,
      "timeline": {
      }
    },
	"animation.emergency_meeting_anim": {
      "animation_length": 2.27,
      "timeline": {
      }
    }
  }
}




