{
	"format_version": "1.10.0",
	"animation_controllers": {
		"controller.animation.armouroff": {
			"initial_state" : "default",
			"states": {
				"default": {
					"transitions": [
						{
							"crewmate": "query.variant > 0"
						}
					],
					"on_entry": [
                        "/function death/crewmate_alive_again",
                        "/function not_crewmate",
                        "/tag @s remove Crewmate"
					]
				},
				"crewmate": {
					"transitions": [
						{
							"default": "query.variant == 0"
						}
					],
					"on_entry": [
						"/tag @s add Crewmate",
                        "/effect @s night_vision 10000 0 true"
					],
					"on_exit": [
                        "/effect @s night_vision 0"
					]
				}
			}
		}
	}
}