{
	"format_version": "1.10.0",
	"animation_controllers": {
		"controller.animation.armouron": {
			"initial_state" : "default",
			"states": {
				"default": {
					"transitions": [
						{
							"crewmate_aqua": "query.get_equipped_item_name=='crewmate_aqua' && query.is_using_item && !query.has_armor_slot(0)"
						},
						{
							"crewmate_purple": "query.get_equipped_item_name=='crewmate_purple' && query.is_using_item && !query.has_armor_slot(0)"
						},
						{
							"crewmate_yellow": "query.get_equipped_item_name=='crewmate_yellow' && query.is_using_item && !query.has_armor_slot(0)"
						},
						{
							"crewmate_black": "query.get_equipped_item_name=='crewmate_black' && query.is_using_item && !query.has_armor_slot(0)"
						},
						{
							"crewmate_blue": "query.get_equipped_item_name=='crewmate_blue' && query.is_using_item && !query.has_armor_slot(0)"
						},
						{
							"crewmate_brown": "query.get_equipped_item_name=='crewmate_brown' && query.is_using_item && !query.has_armor_slot(0)"
						},
						{
							"crewmate_green": "query.get_equipped_item_name=='crewmate_green' && query.is_using_item && !query.has_armor_slot(0)"
						},
						{
							"crewmate_lime": "query.get_equipped_item_name=='crewmate_lime' && query.is_using_item && !query.has_armor_slot(0)"
						},
						{
							"crewmate_orange": "query.get_equipped_item_name=='crewmate_orange' && query.is_using_item && !query.has_armor_slot(0)"
						},
						{
							"crewmate_pink": "query.get_equipped_item_name=='crewmate_pink' && query.is_using_item && !query.has_armor_slot(0)"
						},
						{
							"crewmate_red": "query.get_equipped_item_name=='crewmate_red' && query.is_using_item && !query.has_armor_slot(0)"
						},
						{
							"crewmate_white": "query.get_equipped_item_name=='crewmate_white' && query.is_using_item && !query.has_armor_slot(0)"
						},
						{
							"crewmate_mango": "query.get_equipped_item_name=='crewmate_mango' && query.is_using_item && !query.has_armor_slot(0)"
						},
						{
							"crewmate_apple": "query.get_equipped_item_name=='crewmate_apple' && query.is_using_item && !query.has_armor_slot(0)"
						},
						{
							"crewmate_dydyoof": "query.get_equipped_item_name=='crewmate_dydyoof' && query.is_using_item && !query.has_armor_slot(0)"
						},
						{
							"crewmate_hywel": "query.get_equipped_item_name=='crewmate_hywel' && query.is_using_item && !query.has_armor_slot(0)"
						}
					],
					"on_entry": [
						"@s mm"
					]
				},
				"crewmate_aqua": {
					"transitions": [
						{
							"default": "(1.0)"
						}
					],
					"on_entry": [
                        "/tag @s add Crewmate",
                        "/replaceitem entity @s slot.weapon.mainhand 0 air",
                        "/replaceitem entity @s slot.armor.head 0 js:crewmate_aqua"
					]
				},
				"crewmate_purple": {
					"transitions": [
						{
							"default": "(1.0)"
						}
					],
					"on_entry": [
                        "/tag @s add Crewmate",
                        "/replaceitem entity @s slot.weapon.mainhand 0 air",
                        "/replaceitem entity @s slot.armor.head 0 js:crewmate_purple"
					]
				},
				"crewmate_yellow": {
					"transitions": [
						{
							"default": "(1.0)"
						}
					],
					"on_entry": [
                        "/tag @s add Crewmate",
                        "/replaceitem entity @s slot.weapon.mainhand 0 air",
                        "/replaceitem entity @s slot.armor.head 0 js:crewmate_yellow"
					]
				},
				"crewmate_black": {
					"transitions": [
						{
							"default": "(1.0)"
						}
					],
					"on_entry": [
                        "/tag @s add Crewmate",
                        "/replaceitem entity @s slot.weapon.mainhand 0 air",
                        "/replaceitem entity @s slot.armor.head 0 js:crewmate_black"
					]
				},
				"crewmate_blue": {
					"transitions": [
						{
							"default": "(1.0)"
						}
					],
					"on_entry": [
                        "/tag @s add Crewmate",
                        "/replaceitem entity @s slot.weapon.mainhand 0 air",
                        "/replaceitem entity @s slot.armor.head 0 js:crewmate_blue"
					]
				},
				"crewmate_brown": {
					"transitions": [
						{
							"default": "(1.0)"
						}
					],
					"on_entry": [
                        "/tag @s add Crewmate",
                        "/replaceitem entity @s slot.weapon.mainhand 0 air",
                        "/replaceitem entity @s slot.armor.head 0 js:crewmate_brown"
					]
				},
				"crewmate_green": {
					"transitions": [
						{
							"default": "(1.0)"
						}
					],
					"on_entry": [
                        "/tag @s add Crewmate",
                        "/replaceitem entity @s slot.weapon.mainhand 0 air",
                        "/replaceitem entity @s slot.armor.head 0 js:crewmate_green"
					]
				},
				"crewmate_lime": {
					"transitions": [
						{
							"default": "(1.0)"
						}
					],
					"on_entry": [
                        "/tag @s add Crewmate",
                        "/replaceitem entity @s slot.weapon.mainhand 0 air",
                        "/replaceitem entity @s slot.armor.head 0 js:crewmate_lime"
					]
				},
				"crewmate_orange": {
					"transitions": [
						{
							"default": "(1.0)"
						}
					],
					"on_entry": [
                        "/tag @s add Crewmate",
                        "/replaceitem entity @s slot.weapon.mainhand 0 air",
                        "/replaceitem entity @s slot.armor.head 0 js:crewmate_orange"
					]
				},
				"crewmate_pink": {
					"transitions": [
						{
							"default": "(1.0)"
						}
					],
					"on_entry": [
                        "/tag @s add Crewmate",
                        "/replaceitem entity @s slot.weapon.mainhand 0 air",
                        "/replaceitem entity @s slot.armor.head 0 js:crewmate_pink"
					]
				},
				"crewmate_red": {
					"transitions": [
						{
							"default": "(1.0)"
						}
					],
					"on_entry": [
                        "/tag @s add Crewmate",
                        "/replaceitem entity @s slot.weapon.mainhand 0 air",
                        "/replaceitem entity @s slot.armor.head 0 js:crewmate_red"
					]
				},
				"crewmate_white": {
					"transitions": [
						{
							"default": "(1.0)"
						}
					],
					"on_entry": [
                        "/tag @s add Crewmate",
                        "/replaceitem entity @s slot.weapon.mainhand 0 air",
                        "/replaceitem entity @s slot.armor.head 0 js:crewmate_white"
					]
				},
				"crewmate_mango": {
					"transitions": [
						{
							"default": "(1.0)"
						}
					],
					"on_entry": [
                        "/tag @s add Crewmate",
                        "/replaceitem entity @s slot.weapon.mainhand 0 air",
                        "/replaceitem entity @s slot.armor.head 0 js:crewmate_mango"
					]
				},
				"crewmate_apple": {
					"transitions": [
						{
							"default": "(1.0)"
						}
					],
					"on_entry": [
                        "/tag @s add Crewmate",
                        "/replaceitem entity @s slot.weapon.mainhand 0 air",
                        "/replaceitem entity @s slot.armor.head 0 js:crewmate_apple"
					]
				},
				"crewmate_dydyoof": {
					"transitions": [
						{
							"default": "(1.0)"
						}
					],
					"on_entry": [
                        "/tag @s add Crewmate",
                        "/replaceitem entity @s slot.weapon.mainhand 0 air",
                        "/replaceitem entity @s slot.armor.head 0 js:crewmate_dydyoof"
					]
				},
				"crewmate_hywel": {
					"transitions": [
						{
							"default": "(1.0)"
						}
					],
					"on_entry": [
                        "/tag @s add Crewmate",
                        "/replaceitem entity @s slot.weapon.mainhand 0 air",
                        "/replaceitem entity @s slot.armor.head 0 js:crewmate_hywel"
					]
				}
			}
		}
	}
}