{
	"format_version": "1.10.0",
	"animation_controllers": {
		"controller.animation.armour": {
			"initial_state" : "default",
			"states": {
                                                                                                               
				"default": {
					"transitions": [
						{
							"crewmate": "query.get_equipped_item_name=='crewmate_aqua' || query.get_equipped_item_name=='crewmate_purple' || query.get_equipped_item_name=='crewmate_yellow' || query.get_equipped_item_name=='crewmate_black' || query.get_equipped_item_name=='crewmate_blue' || query.get_equipped_item_name=='crewmate_brown' || query.get_equipped_item_name=='crewmate_green' || query.get_equipped_item_name=='crewmate_lime' || query.get_equipped_item_name=='crewmate_orange' || query.get_equipped_item_name=='crewmate_pink' || query.get_equipped_item_name=='crewmate_red' || query.get_equipped_item_name=='crewmate_white' || query.get_equipped_item_name=='crewmate_mango' || query.get_equipped_item_name=='crewmate_apple' || query.get_equipped_item_name=='crewmate_dydyoof'"
						}
					],
					"on_entry": [
						"@s mm"
					]
				},
				"crewmate": {
					"transitions": [
						{
							"default": "(1.0)"
						}
					],
					"on_entry": [
	"/title @s actionbar Press & Hold / Right Click & Hold to Wear"
					]
				}
			}
		}
	}
}