{
    "format_version": "1.10.0",
	"animation_controllers": {
		"controller.animation.hi": {
			"initial_state" : "default",
			"states": {
				"default": {
					"transitions": [
						{ "hi": "query.mark_variant > 0" },
						{ "ho": "query.mark_variant == 0" }
					]
				},
				"hi": {
					"transitions": [
						{
							"default": "(1.0)"
						}
					],
					"on_entry": [
						"/say variant more than 0"
					]
				},
				"ho": {
					"transitions": [
						{
							"default": "(1.0)"
						}
					],
					"on_entry": [
						"/say variant 0"
					]
				}
			}
		},
		"controller.animation.host": {
			"initial_state" : "default",
			"states": {
				"default": {
					"transitions": [
						{ "host": "(1.0)" }
					]
				},
				"host": {
					"transitions": [
						{
							"default": "(1.0)"
						}
					],
					"on_entry": [
						"/function host"
					]
				}
			}
		},
		"controller.animation.spawn": {
			"initial_state" : "default",
			"states": {
				"default": {
					"transitions": [
						{ "spawn": "query.is_alive" }
					]
				},
				"spawn": {
					"transitions": [
						{
							"default": "!query.is_alive"
						}
					],
					"on_entry": [
						"/playsound effect.game.player_spawn"
					]
				}
			}
		},
		"controller.animation.player.crewmate_death": {
			"initial_state" : "default",
			"states": {
				"default": {
					"transitions": [
						{ "crewmate_death_aqua": "query.mark_variant > 0 && query.variant == 1 && !query.is_saddled" },
						{ "crewmate_death_purple": "query.mark_variant > 0 && query.variant == 2 && !query.is_saddled" },
						{ "crewmate_death_yellow": "query.mark_variant > 0 && query.variant == 3 && !query.is_saddled" },
						{ "crewmate_death_black": "query.mark_variant > 0 && query.variant == 4 && !query.is_saddled" },
						{ "crewmate_death_blue": "query.mark_variant > 0 && query.variant == 5 && !query.is_saddled" },
						{ "crewmate_death_brown": "query.mark_variant > 0 && query.variant == 6 && !query.is_saddled" },
						{ "crewmate_death_green": "query.mark_variant > 0 && query.variant == 7 && !query.is_saddled" },
						{ "crewmate_death_lime": "query.mark_variant > 0 && query.variant == 8 && !query.is_saddled" },
						{ "crewmate_death_orange": "query.mark_variant > 0 && query.variant == 9 && !query.is_saddled" },
						{ "crewmate_death_pink": "query.mark_variant > 0 && query.variant == 10 && !query.is_saddled" },
						{ "crewmate_death_red": "query.mark_variant > 0 && query.variant == 11 && !query.is_saddled" },
						{ "crewmate_death_white": "query.mark_variant > 0 && query.variant == 12 && !query.is_saddled" },
						{ "crewmate_death_mango": "query.mark_variant > 0 && query.variant == 13 && !query.is_saddled" },
						{ "crewmate_death_apple": "query.mark_variant > 0 && query.variant == 14 && !query.is_saddled" },
						{ "crewmate_death_dydy": "query.mark_variant > 0 && query.variant == 15 && !query.is_saddled" }
					]
				},
				"crewmate_death_aqua": {
					"transitions": [
						{
							"default": "query.mark_variant == 0"
						}
					],
					"on_entry": [
                        "/summon js:crewmate_dead_body ~~~ crewmate_aqua"
					]
				},
				"crewmate_death_purple": {
					"transitions": [
						{
							"default": "query.mark_variant == 0"
						}
					],
					"on_entry": [
                        "/summon js:crewmate_dead_body ~~~ crewmate_purple"
					]
				},
				"crewmate_death_yellow": {
					"transitions": [
						{
							"default": "query.mark_variant == 0"
						}
					],
					"on_entry": [
                        "/summon js:crewmate_dead_body ~~~ crewmate_yellow"
					]
				},
				"crewmate_death_black": {
					"transitions": [
						{
							"default": "query.mark_variant == 0"
						}
					],
					"on_entry": [
                        "/summon js:crewmate_dead_body ~~~ crewmate_black"
					]
				},
				"crewmate_death_blue": {
					"transitions": [
						{
							"default": "query.mark_variant == 0"
						}
					],
					"on_entry": [
                        "/summon js:crewmate_dead_body ~~~ crewmate_blue"
					]
				},
				"crewmate_death_brown": {
					"transitions": [
						{
							"default": "query.mark_variant == 0"
						}
					],
					"on_entry": [
                        "/summon js:crewmate_dead_body ~~~ crewmate_brown"
					]
				},
				"crewmate_death_green": {
					"transitions": [
						{
							"default": "query.mark_variant == 0"
						}
					],
					"on_entry": [
                        "/summon js:crewmate_dead_body ~~~ crewmate_green"
					]
				},
				"crewmate_death_lime": {
					"transitions": [
						{
							"default": "query.mark_variant == 0"
						}
					],
					"on_entry": [
                        "/summon js:crewmate_dead_body ~~~ crewmate_lime"
					]
				},
				"crewmate_death_orange": {
					"transitions": [
						{
							"default": "query.mark_variant == 0"
						}
					],
					"on_entry": [
                        "/summon js:crewmate_dead_body ~~~ crewmate_orange"
					]
				},
				"crewmate_death_pink": {
					"transitions": [
						{
							"default": "query.mark_variant == 0"
						}
					],
					"on_entry": [
                        "/summon js:crewmate_dead_body ~~~ crewmate_pink"
					]
				},
				"crewmate_death_red": {
					"transitions": [
						{
							"default": "query.mark_variant == 0"
						}
					],
					"on_entry": [
                        "/summon js:crewmate_dead_body ~~~ crewmate_red"
					]
				},
				"crewmate_death_white": {
					"transitions": [
						{
							"default": "query.mark_variant == 0"
						}
					],
					"on_entry": [
                        "/summon js:crewmate_dead_body ~~~ crewmate_white"
					]
				},
				"crewmate_death_mango": {
					"transitions": [
						{
							"default": "query.mark_variant == 0"
						}
					],
					"on_entry": [
                        "/summon js:crewmate_dead_body ~~~ crewmate_mango"
					]
				},
				"crewmate_death_apple": {
					"transitions": [
						{
							"default": "query.mark_variant == 0"
						}
					],
					"on_entry": [
                        "/summon js:crewmate_dead_body ~~~ crewmate_apple"
					]
				},
				"crewmate_death_dydy": {
					"transitions": [
						{
							"default": "query.mark_variant == 0"
						}
					],
					"on_entry": [
                        "/summon js:crewmate_dead_body ~~~ crewmate_dydyoof"
					]
				}
			}
		},
		"controller.animation.player.crewmate_death_effect": {
			"initial_state" : "default",
			"states": {
				"default": {
					"transitions": [
						{ "crewmate_death_effect": "query.mark_variant > 0 && !query.is_saddled" }
					]
				},
				"crewmate_death_effect": {
					"transitions": [
						{
							"default": "query.mark_variant == 0"
						}
					],
					"on_entry": [
                        "/function death/crewmate_death"
					]
				}
			}
		},
		"controller.animation.player.crewmate_voting": {
			"initial_state" : "default",
			"states": {
				"default": {
					"transitions": [
						{ "vote_1": "query.get_equipped_item_name('main_hand') == 'vote_1' && query.is_using_item" },
						{ "vote_2": "query.get_equipped_item_name('main_hand') == 'vote_2' && query.is_using_item" },
						{ "vote_3": "query.get_equipped_item_name('main_hand') == 'vote_3' && query.is_using_item" },
						{ "vote_4": "query.get_equipped_item_name('main_hand') == 'vote_4' && query.is_using_item" },
						{ "vote_5": "query.get_equipped_item_name('main_hand') == 'vote_5' && query.is_using_item" },
						{ "vote_6": "query.get_equipped_item_name('main_hand') == 'vote_6' && query.is_using_item" },
						{ "vote_7": "query.get_equipped_item_name('main_hand') == 'vote_7' && query.is_using_item" },
						{ "vote_8": "query.get_equipped_item_name('main_hand') == 'vote_8' && query.is_using_item" },
						{ "vote_9": "query.get_equipped_item_name('main_hand') == 'vote_9' && query.is_using_item" },
						{ "vote_10": "query.get_equipped_item_name('main_hand') == 'vote_10' && query.is_using_item" },
						{ "vote_skip": "query.get_equipped_item_name('main_hand') == 'vote_skip' && query.is_using_item" }
					]
				},
				"vote_1": {
					"transitions": [
						{
							"default": "1.0"
						}
					],
					"on_entry": [
                        "/replaceitem entity @s slot.weapon.mainhand 0 air",
						"/scoreboard players add @a[scores={PlayerNum=1}] VoteScore 1",
						"/playsound music.game.vote @s",
						"/clear @s js:vote_2",
						"/clear @s js:vote_3",
						"/clear @s js:vote_4",
						"/clear @s js:vote_5",
						"/clear @s js:vote_6",
						"/clear @s js:vote_7",
						"/clear @s js:vote_8",
						"/clear @s js:vote_9",
						"/clear @s js:vote_10",
						"/clear @s js:vote_skip",
						"/tag @s add Voted"
					]
				},
				"vote_2": {
					"transitions": [
						{
							"default": "1.0"
						}
					],
					"on_entry": [
                        "/replaceitem entity @s slot.weapon.mainhand 0 air",
						"/scoreboard players add @a[scores={PlayerNum=2}] VoteScore 1",
						"/playsound music.game.vote @s",
						"/clear @s js:vote_1",
						"/clear @s js:vote_3",
						"/clear @s js:vote_4",
						"/clear @s js:vote_5",
						"/clear @s js:vote_6",
						"/clear @s js:vote_7",
						"/clear @s js:vote_8",
						"/clear @s js:vote_9",
						"/clear @s js:vote_10",
						"/clear @s js:vote_skip",
						"/tag @s add Voted"
					]
				},
				"vote_3": {
					"transitions": [
						{
							"default": "1.0"
						}
					],
					"on_entry": [
                        "/replaceitem entity @s slot.weapon.mainhand 0 air",
						"/scoreboard players add @a[scores={PlayerNum=3}] VoteScore 1",
						"/playsound music.game.vote @s",
						"/clear @s js:vote_2",
						"/clear @s js:vote_1",
						"/clear @s js:vote_4",
						"/clear @s js:vote_5",
						"/clear @s js:vote_6",
						"/clear @s js:vote_7",
						"/clear @s js:vote_8",
						"/clear @s js:vote_9",
						"/clear @s js:vote_10",
						"/clear @s js:vote_skip",
						"/tag @s add Voted"
					]
				},
				"vote_4": {
					"transitions": [
						{
							"default": "1.0"
						}
					],
					"on_entry": [
                        "/replaceitem entity @s slot.weapon.mainhand 0 air",
						"/scoreboard players add @a[scores={PlayerNum=4}] VoteScore 1",
						"/playsound music.game.vote @s",
						"/clear @s js:vote_2",
						"/clear @s js:vote_3",
						"/clear @s js:vote_1",
						"/clear @s js:vote_5",
						"/clear @s js:vote_6",
						"/clear @s js:vote_7",
						"/clear @s js:vote_8",
						"/clear @s js:vote_9",
						"/clear @s js:vote_10",
						"/clear @s js:vote_skip",
						"/tag @s add Voted"
					]
				},
				"vote_5": {
					"transitions": [
						{
							"default": "1.0"
						}
					],
					"on_entry": [
                        "/replaceitem entity @s slot.weapon.mainhand 0 air",
						"/scoreboard players add @a[scores={PlayerNum=5}] VoteScore 1",
						"/playsound music.game.vote @s",
						"/clear @s js:vote_2",
						"/clear @s js:vote_3",
						"/clear @s js:vote_4",
						"/clear @s js:vote_1",
						"/clear @s js:vote_6",
						"/clear @s js:vote_7",
						"/clear @s js:vote_8",
						"/clear @s js:vote_9",
						"/clear @s js:vote_10",
						"/clear @s js:vote_skip",
						"/tag @s add Voted"
					]
				},
				"vote_6": {
					"transitions": [
						{
							"default": "1.0"
						}
					],
					"on_entry": [
                        "/replaceitem entity @s slot.weapon.mainhand 0 air",
						"/scoreboard players add @a[scores={PlayerNum=6}] VoteScore 1",
						"/playsound music.game.vote @s",
						"/clear @s js:vote_2",
						"/clear @s js:vote_3",
						"/clear @s js:vote_4",
						"/clear @s js:vote_5",
						"/clear @s js:vote_1",
						"/clear @s js:vote_7",
						"/clear @s js:vote_8",
						"/clear @s js:vote_9",
						"/clear @s js:vote_10",
						"/clear @s js:vote_skip",
						"/tag @s add Voted"
					]
				},
				"vote_7": {
					"transitions": [
						{
							"default": "1.0"
						}
					],
					"on_entry": [
                        "/replaceitem entity @s slot.weapon.mainhand 0 air",
						"/scoreboard players add @a[scores={PlayerNum=7}] VoteScore 1",
						"/playsound music.game.vote @s",
						"/clear @s js:vote_2",
						"/clear @s js:vote_3",
						"/clear @s js:vote_4",
						"/clear @s js:vote_5",
						"/clear @s js:vote_6",
						"/clear @s js:vote_1",
						"/clear @s js:vote_8",
						"/clear @s js:vote_9",
						"/clear @s js:vote_10",
						"/clear @s js:vote_skip",
						"/tag @s add Voted"
					]
				},
				"vote_8": {
					"transitions": [
						{
							"default": "1.0"
						}
					],
					"on_entry": [
                        "/replaceitem entity @s slot.weapon.mainhand 0 air",
						"/scoreboard players add @a[scores={PlayerNum=8}] VoteScore 1",
						"/playsound music.game.vote @s",
						"/clear @s js:vote_2",
						"/clear @s js:vote_3",
						"/clear @s js:vote_4",
						"/clear @s js:vote_5",
						"/clear @s js:vote_6",
						"/clear @s js:vote_7",
						"/clear @s js:vote_1",
						"/clear @s js:vote_9",
						"/clear @s js:vote_10",
						"/clear @s js:vote_skip",
						"/tag @s add Voted"
					]
				},
				"vote_9": {
					"transitions": [
						{
							"default": "1.0"
						}
					],
					"on_entry": [
                        "/replaceitem entity @s slot.weapon.mainhand 0 air",
						"/scoreboard players add @a[scores={PlayerNum=9}] VoteScore 1",
						"/playsound music.game.vote @s",
						"/clear @s js:vote_2",
						"/clear @s js:vote_3",
						"/clear @s js:vote_4",
						"/clear @s js:vote_5",
						"/clear @s js:vote_6",
						"/clear @s js:vote_7",
						"/clear @s js:vote_8",
						"/clear @s js:vote_1",
						"/clear @s js:vote_10",
						"/clear @s js:vote_skip",
						"/tag @s add Voted"
					]
				},
				"vote_10": {
					"transitions": [
						{
							"default": "1.0"
						}
					],
					"on_entry": [
                        "/replaceitem entity @s slot.weapon.mainhand 0 air",
						"/scoreboard players add @a[scores={PlayerNum=10}] VoteScore 1",
						"/playsound music.game.vote @s",
						"/clear @s js:vote_2",
						"/clear @s js:vote_3",
						"/clear @s js:vote_4",
						"/clear @s js:vote_5",
						"/clear @s js:vote_6",
						"/clear @s js:vote_7",
						"/clear @s js:vote_8",
						"/clear @s js:vote_9",
						"/clear @s js:vote_1",
						"/clear @s js:vote_skip",
						"/tag @s add Voted"
					]
				},
				"vote_skip": {
					"transitions": [
						{
							"default": "1.0"
						}
					],
					"on_entry": [
                        "/replaceitem entity @s slot.weapon.mainhand 0 air",
						"/scoreboard players add @e[scores={PlayerNum=11}] VoteScore 1",
						"/playsound music.game.skip @s",
						"/clear @s js:vote_2",
						"/clear @s js:vote_3",
						"/clear @s js:vote_4",
						"/clear @s js:vote_5",
						"/clear @s js:vote_6",
						"/clear @s js:vote_7",
						"/clear @s js:vote_8",
						"/clear @s js:vote_9",
						"/clear @s js:vote_10",
						"/clear @s js:vote_1",
						"/tag @s add Voted"
					]
				}
			}
		},
		"controller.animation.player.crewmate_tasks": {
			"initial_state" : "default",
			"states": {
				"default": {
					"transitions": [
						{ "crewmate_tasks": "query.variant > 0 && query.get_equipped_item_name('main_hand') == 'tasks' && query.is_using_item" }
					]
				},
				"crewmate_tasks": {
					"transitions": [
						{
							"default": "!query.is_using_item"
						}
					],
					"on_entry": [
						"/function game/task_show",
						"/playsound effect.game.select @s"
					]
				}
			}
		},
		"controller.animation.player.crewmate_cooldown_cont": {
			"initial_state" : "default",
			"states": {
				"default": {
					"transitions": [
						{
							"impostor_cooldown": "(query.has_any_family('impostor') && query.variant > 0 && query.get_equipped_item_name('main_hand') == 'impostor') && variable.attack_time > 0 || query.is_using_item"
						}
					]
				},
				"impostor_cooldown": {
					"transitions": [
						{
							"default": "1.0"
						}
					],
					"on_entry": [
                        "/replaceitem entity @s slot.weapon.mainhand 0 air",
						
						//Kill Player
                        "/execute @s[scores={KillDistSetting=1},tag=!KilledPlayer] ~~~ tp @p[tag=!Impostor,tag=!Crewmate_Dead,tag=!Crewmate_Dead_Voted,tag=Crewmate,r=3]",
                        "/execute @s[scores={KillDistSetting=1},tag=!KilledPlayer] ~~~ tag @p[tag=!Impostor,tag=!Crewmate_Dead,tag=!Crewmate_Dead_Voted,tag=Crewmate,r=3] add Crewmate_Dead",
                        "/execute @s[scores={KillDistSetting=1},tag=!KilledPlayer] ~~~ execute @p[tag=!Impostor,tag=!Crewmate_Dead,tag=!Crewmate_Dead_Voted,tag=Crewmate,r=3] ~~~ tag @p[tag=Impostor] add KilledPlayer",
						
                        "/execute @s[scores={KillDistSetting=2},tag=!KilledPlayer] ~~~ tp @p[tag=!Impostor,tag=!Crewmate_Dead,tag=!Crewmate_Dead_Voted,tag=Crewmate,r=5]",
                        "/execute @s[scores={KillDistSetting=2},tag=!KilledPlayer] ~~~ tag @p[tag=!Impostor,tag=!Crewmate_Dead,tag=!Crewmate_Dead_Voted,tag=Crewmate,r=5] add Crewmate_Dead",
                        "/execute @s[scores={KillDistSetting=3},tag=!KilledPlayer] ~~~ execute @p[tag=!Impostor,tag=!Crewmate_Dead,tag=!Crewmate_Dead_Voted,tag=Crewmate,r=5] ~~~ tag @p[tag=Impostor] add KilledPlayer",
						
                        "/execute @s[scores={KillDistSetting=3},tag=!KilledPlayer] ~~~ tp @p[tag=!Impostor,tag=!Crewmate_Dead,tag=!Crewmate_Dead_Voted,tag=Crewmate,r=7]",
                        "/execute @s[scores={KillDistSetting=3},tag=!KilledPlayer] ~~~ tag @p[tag=!Impostor,tag=!Crewmate_Dead,tag=!Crewmate_Dead_Voted,tag=Crewmate,r=7] add Crewmate_Dead",
                        "/execute @s[scores={KillDistSetting=3},tag=!KilledPlayer] ~~~ execute @p[tag=!Impostor,tag=!Crewmate_Dead,tag=!Crewmate_Dead_Voted,tag=Crewmate,r=7] ~~~ tag @p[tag=Impostor] add KilledPlayer",
						
						//Kill Dummy Player
                        "/execute @s[scores={KillDistSetting=1},tag=!KilledPlayer] ~~~ tp @s @e[type=js:crewmate_task_dummy,r=3,c=1,tag=!Impostor]",
                        "/execute @s[scores={KillDistSetting=1},tag=!KilledPlayer] ~~~ tag @e[type=js:crewmate_task_dummy,r=3,c=1,tag=!Impostor] add Crewmate_Dead",
                        "/execute @s[scores={KillDistSetting=1},tag=!KilledPlayer] ~~~ execute @e[type=js:crewmate_task_dummy,r=3,c=1,tag=!Impostor] ~~~ tag @p[tag=Impostor] add KilledPlayer",
						
                        "/execute @s[scores={KillDistSetting=2},tag=!KilledPlayer] ~~~ tp @s @e[type=js:crewmate_task_dummy,r=5,c=1,tag=!Impostor]",
                        "/execute @s[scores={KillDistSetting=2},tag=!KilledPlayer] ~~~ tag @e[type=js:crewmate_task_dummy,r=5,c=1,tag=!Impostor] add Crewmate_Dead",
                        "/execute @s[scores={KillDistSetting=2},tag=!KilledPlayer] ~~~ execute @e[type=js:crewmate_task_dummy,r=5,c=1,tag=!Impostor] ~~~ tag @p[tag=Impostor] add KilledPlayer",
						
                        "/execute @s[scores={KillDistSetting=3},tag=!KilledPlayer] ~~~ tp @s @e[type=js:crewmate_task_dummy,r=7,c=1,tag=!Impostor]",
                        "/execute @s[scores={KillDistSetting=3},tag=!KilledPlayer] ~~~ tag @e[type=js:crewmate_task_dummy,r=7,c=1,tag=!Impostor] add Crewmate_Dead",
                        "/execute @s[scores={KillDistSetting=3},tag=!KilledPlayer] ~~~ execute @e[type=js:crewmate_task_dummy,r=7,c=1,tag=!Impostor] ~~~ tag @p[tag=Impostor] add KilledPlayer",
						
						//Kill Dummy Player Freeplay
                        "/execute @s[scores={KillDistSetting=1},tag=!KilledPlayer] ~~~ tp @s @e[type=js:crewmate_dummy,r=3,c=1,tag=!Impostor]",
                        "/execute @s[scores={KillDistSetting=1},tag=!KilledPlayer] ~~~ tag @e[type=js:crewmate_dummy,r=3,c=1,tag=!Impostor] add Crewmate_Dead",
                        "/execute @s[scores={KillDistSetting=1},tag=!KilledPlayer] ~~~ execute @e[type=js:crewmate_dummy,r=3,c=1,tag=!Impostor] ~~~ tag @p[tag=Impostor] add KilledPlayer",
						
                        "/execute @s[scores={KillDistSetting=2},tag=!KilledPlayer] ~~~ tp @s @e[type=js:crewmate_dummy,r=5,c=1,tag=!Impostor]",
                        "/execute @s[scores={KillDistSetting=2},tag=!KilledPlayer] ~~~ tag @e[type=js:crewmate_dummy,r=5,c=1,tag=!Impostor] add Crewmate_Dead",
                        "/execute @s[scores={KillDistSetting=2},tag=!KilledPlayer] ~~~ execute @e[type=js:crewmate_dummy,r=5,c=1,tag=!Impostor] ~~~ tag @p[tag=Impostor] add KilledPlayer",
						
                        "/execute @s[scores={KillDistSetting=3},tag=!KilledPlayer] ~~~ tp @s @e[type=js:crewmate_dummy,r=7,c=1,tag=!Impostor]",
                        "/execute @s[scores={KillDistSetting=3},tag=!KilledPlayer] ~~~ tag @e[type=js:crewmate_dummy,r=7,c=1,tag=!Impostor] add Crewmate_Dead",
                        "/execute @s[scores={KillDistSetting=3},tag=!KilledPlayer] ~~~ execute @e[type=js:crewmate_dummy,r=7,c=1,tag=!Impostor] ~~~ tag @p[tag=Impostor] add KilledPlayer",
						
						
						
						"/tag @s add Impostor_Cooldown"
					]
				}
			}
		},
		"controller.animation.killed": {
            "states": {
                "default": {
                    "transitions": [
                        { "killed": "query.is_saddled" }
                    ]
                },
                "killed": {
					"on_entry": [
						"/function game/dummy_killed"
					],
                    "transitions": [
                        { "default": "1.0" }
                    ]
                }
            }
        },
		"controller.animation.killed2": {
            "states": {
                "default": {
                    "transitions": [
                        { "killed": "query.is_sheared" }
                    ]
                },
                "killed": {
					"on_entry": [
						"/function game/dummy_killed_freeplay"
					],
                    "transitions": [
                        { "default": "1.0" }
                    ]
                }
            }
        },
		"controller.animation.crewmate_dummy_colour": {
			"initial_state" : "default",
			"states": {
				"default": {
					"transitions": [
						{ "crewmate_death_aqua": "query.variant == 1" },
						{ "crewmate_death_purple": "query.variant == 2" },
						{ "crewmate_death_yellow": "query.variant == 3" },
						{ "crewmate_death_black": "query.variant == 4" },
						{ "crewmate_death_blue": "query.variant == 5" },
						{ "crewmate_death_brown": "query.variant == 6" },
						{ "crewmate_death_green": "query.variant == 7" },
						{ "crewmate_death_lime": "query.variant == 8" },
						{ "crewmate_death_orange": "query.variant == 9" },
						{ "crewmate_death_pink": "query.variant == 10" },
						{ "crewmate_death_red": "query.variant == 11" },
						{ "crewmate_death_white": "query.variant == 12" },
						{ "crewmate_death_mango": "query.variant == 13" },
						{ "crewmate_death_apple": "query.variant == 14" },
						{ "crewmate_death_dydy": "query.variant == 15" }
					]
				},
				"crewmate_death_aqua": {
					"transitions": [
						{
							"default": "query.mark_variant == 0"
						}
					],
					"on_entry": [
                        "/tag @s add Crewmate_Aqua"
					]
				},
				"crewmate_death_purple": {
					"transitions": [
						{
							"default": "query.mark_variant == 0"
						}
					],
					"on_entry": [
                        "/tag @s add Crewmate_Purple"
					]
				},
				"crewmate_death_yellow": {
					"transitions": [
						{
							"default": "query.mark_variant == 0"
						}
					],
					"on_entry": [
                        "/tag @s add Crewmate_Yellow"
					]
				},
				"crewmate_death_black": {
					"transitions": [
						{
							"default": "query.mark_variant == 0"
						}
					],
					"on_entry": [
                        "/tag @s add Crewmate_Black"
					]
				},
				"crewmate_death_blue": {
					"transitions": [
						{
							"default": "query.mark_variant == 0"
						}
					],
					"on_entry": [
                        "/tag @s add Crewmate_Blue"
					]
				},
				"crewmate_death_brown": {
					"transitions": [
						{
							"default": "query.mark_variant == 0"
						}
					],
					"on_entry": [
                        "/tag @s add Crewmate_Brown"
					]
				},
				"crewmate_death_green": {
					"transitions": [
						{
							"default": "query.mark_variant == 0"
						}
					],
					"on_entry": [
                        "/tag @s add Crewmate_Green"
					]
				},
				"crewmate_death_lime": {
					"transitions": [
						{
							"default": "query.mark_variant == 0"
						}
					],
					"on_entry": [
                        "/tag @s add Crewmate_Lime"
					]
				},
				"crewmate_death_orange": {
					"transitions": [
						{
							"default": "query.mark_variant == 0"
						}
					],
					"on_entry": [
                        "/tag @s add Crewmate_Orange"
					]
				},
				"crewmate_death_pink": {
					"transitions": [
						{
							"default": "query.mark_variant == 0"
						}
					],
					"on_entry": [
                        "/tag @s add Crewmate_Pink"
					]
				},
				"crewmate_death_red": {
					"transitions": [
						{
							"default": "query.mark_variant == 0"
						}
					],
					"on_entry": [
                        "/tag @s add Crewmate_Red"
					]
				},
				"crewmate_death_white": {
					"transitions": [
						{
							"default": "query.mark_variant == 0"
						}
					],
					"on_entry": [
                        "/tag @s add Crewmate_White"
					]
				},
				"crewmate_death_mango": {
					"transitions": [
						{
							"default": "query.mark_variant == 0"
						}
					],
					"on_entry": [
                        "/tag @s add Crewmate_Mango"
					]
				},
				"crewmate_death_apple": {
					"transitions": [
						{
							"default": "query.mark_variant == 0"
						}
					],
					"on_entry": [
                        "/tag @s add Crewmate_Apple"
					]
				},
				"crewmate_death_dydy": {
					"transitions": [
						{
							"default": "query.mark_variant == 0"
						}
					],
					"on_entry": [
                        "/tag @s add Crewmate_DyDyOOF"
					]
				}
			}
		},
		"controller.animation.player.crewmate_prime_shields": {
			"initial_state" : "default",
			"states": {
				"default": {
					"transitions": [
						{ "crewmate_prime_shields": "query.get_equipped_item_name('main_hand') == 'shield_inactive' && query.is_using_item" }
					]
				},
				"crewmate_prime_shields": {
					"transitions": [
						{
							"default": "1.0"
						}
					],
					"on_entry": [
                        "/replaceitem entity @s slot.weapon.mainhand 0 air",
						"/tag @e[type=js:prime_shields] add Primed",
						"/playsound effect.game.shield @s"
					]
				}
			}
		},
		"controller.animation.player.crewmate_fast_slow": {
		  "initial_state": "default",
		  "states": {
			"default": {
			  "transitions": [
				{
				  "trigger_event": "variable.min_accept_time = 1.0; variable.max_accept_time = 2.0; variable.time_start = query.life_time; return query.get_equipped_item_name('main_hand') == 'card' && query.is_using_item;"
				}
			  ]
			},
			"trigger_event": {
			  "animations": [
				"card_holding"
			  ],
			  "transitions": [
				{
				  "slow": "(query.life_time - variable.time_start) >= variable.max_accept_time && !query.is_using_item"
				},
				{
				  "accept": "(query.life_time - variable.time_start) >= variable.min_accept_time && (query.life_time - variable.time_start) < variable.max_accept_time && !query.is_using_item"
				},
				{
				  "fast": "(query.life_time - variable.time_start) < variable.min_accept_time && !query.is_using_item"
				}
			  ]
			},
			"slow": {
			  "on_entry": [
				"/playsound effect.game.swipe_denied @s",
				"/tellraw @s {\"rawtext\":[{\"text\":\"§l§c[!] Too Slow. Try Again.\"}]}"
			  ],
			  "transitions": [
				{
				  "default": "!query.is_using_item"
				}
			  ]
			},
			"accept": {
			  "on_entry": [
                 "/replaceitem entity @s slot.weapon.mainhand 0 air",
				"/tag @e[type=js:swipe_card] add Swiped",
				"/playsound effect.game.swipe_accept @s",
				"/tellraw @s {\"rawtext\":[{\"text\":\"§l§b[!] Accepted. Thank you\"}]}"
			  ],
			  "transitions": [
				{
				  "default": "!query.is_using_item"
				}
			  ]
			},
			"fast": {
			  "on_entry": [
				"/playsound effect.game.swipe_denied @s",
				"/tellraw @s {\"rawtext\":[{\"text\":\"§l§c[!] Too Fast. Try Again.\"}]}"
			  ],
			  "transitions": [
				{
				  "default": "!query.is_using_item"
				}
			  ]
			}
		  }
		},
		"controller.animation.role_reveal_finished": {
            "states": {
                "default": {
                    "transitions": [
                        { "role_reveal_finished": "query.skin_id == 1" }
                    ]
                },
                "role_reveal_finished": {
					"on_entry": [
						"/playsound music.game.start @s"
					],
					"on_exit": [
						"/tag @s remove role_reveal"
					],
					"animations": ["role_reveal_anim"],
                    "transitions": [
                        { "default": "query.skin_id == 0" }
                    ]
                }
            }
        },
		"controller.animation.emergency_meeting_finished": {
            "states": {
                "default": {
                    "transitions": [
                        { "role_reveal_finished": "query.skin_id == 2" }
                    ]
                },
                "role_reveal_finished": {
					"on_exit": [
						"/tag @s remove Meeting"
					],
					"animations": ["emergency_meeting_anim"],
                    "transitions": [
                        { "default": "query.skin_id == 0" }
                    ]
                }
            }
        },
		"controller.animation.dead_body_reported_finished": {
            "states": {
                "default": {
                    "transitions": [
                        { "dead_body_reported_finished": "query.skin_id == 3" }
                    ]
                },
                "dead_body_reported_finished": {
					"on_exit": [
						"/tag @s remove Dead_Body_Reported"
					],
					"animations": ["dead_body_reported_anim"],
                    "transitions": [
                        { "default": "query.skin_id == 0" }
                    ]
                }
            }
        },
		"controller.animation.dead_body_reported": {
            "states": {
                "default": {
                    "transitions": [
                        { "dead_body_reported": "query.is_saddled" }
                    ]
                },
                "dead_body_reported": {
					"on_entry": [
						"/tag @a add Dead_Body_Reported",
						"/function game/dead_body_reported"
					],
                    "transitions": [
                        { "default": "!query.is_saddled" }
                    ]
                }
            }
        }
	}
}