{
    "format_version": "1.10.0",
	"animation_controllers": {
		"controller.animation.vent_use": {
			"initial_state" : "default",
			"states": {
				"default": {
					"transitions": [
						{ "vent_use": "query.variant == 1" }
					]
				},
				"vent_use": {
					"transitions": [
						{
							"default": "query.variant == 0"
						}
					],
					"on_entry": [
						"/effect @p[tag=Impostor,tag=Crewmate] invisibility 10000 0 true",
						"/give @p[tag=Impostor,tag=Crewmate,r=3] js:vent",
						"/playsound effect.vent.open @a[r=5]"
					],
					"on_exit": [
						"/effect @p[tag=Impostor,tag=Crewmate] invisibility 0",
						"/clear @p[tag=Impostor,tag=Crewmate,r=5] js:vent",
						"/playsound effect.vent.open @a[r=5]"
					]
				}
			}
		},
		"controller.animation.vent_tp": {
			"initial_state" : "default",
			"states": {
				"default": {
					"transitions": [
						{ "vent_tp": "query.variant == 1" }
					]
				},
				"vent_tp": {
					"transitions": [
						{
							"default": "1.0"
						}
					],
					"on_entry": [
						"/function props/impostor_venting"
					]
				}
			}
		},
		"controller.animation.vent_link": {
			"initial_state" : "default",
			"states": {
				"default": {
					"transitions": [
						{ "vent_link_1": "query.is_saddled" }
					]
				},
				"vent_link_1": {
					"transitions": [
						{
							"vent_link_2_standby": "!query.is_saddled"
						}
					],
					"on_entry": [
						"/say Linked 1",
						"/tag @s remove vent_linked_2",
						"/tag @s add vent_linked_1"
					]
				},
				"vent_link_2_standby": {
					"transitions": [
						{
							"vent_link_2": "query.is_saddled"
						}
					]
				},
				"vent_link_2": {
					"transitions": [
						{
							"default": "!query.is_saddled"
						}
					],
					"on_entry": [
						"/say Linked 2",
						"/tag @s remove vent_linked_1",
						"/tag @s add vent_linked_2"
					]
				}
			}
		}
	}
}