{
    "format_version": "1.10.0",
	"animation_controllers": {
		"controller.animation.player.camera": {
			"initial_state" : "default",
			"states": {
				"default": {
					"transitions": [
						{ "exit": "query.get_equipped_item_name('main_hand') == 'exit_security' && query.is_using_item" },
						{ "camera_security": "query.get_equipped_item_name('main_hand') == 'camera_security' && query.is_using_item" },
						{ "camera_admin": "query.get_equipped_item_name('main_hand') == 'camera_admin' && query.is_using_item" },
						{ "camera_navigation": "query.get_equipped_item_name('main_hand') == 'camera_navigation' && query.is_using_item" },
						{ "camera_medbay": "query.get_equipped_item_name('main_hand') == 'camera_medbay' && query.is_using_item" }
					]
				},
				"exit": {
					"transitions": [
						{ "default": "1.0" }
					],
					"on_entry": [
						"/effect @p[tag=Security_User] invisibility 0",
						"/tag @e[type=js:security] remove in_use",
						"/tag @e[type=js:security] remove Cam_Admin",
						"/tag @e[type=js:security] remove Cam_Medbay",
						"/tag @e[type=js:security] remove Cam_Navi",
						"/tag @e[type=js:security] remove Cam_Security",
						"/tag @s remove Security_User",
						"/clear @s js:exit_security",
						"/clear @s js:camera_admin",
						"/clear @s js:camera_navigation",
						"/clear @s js:camera_medbay",
						"/clear @s js:camera_security",
						"/tag @e[type=js:camera] remove On",
						"/playsound effect.game.panel_security_change @s",
						"/tp @s -22 59 -7",
						"/tag @e[type=js:security] remove in_use"
					]
				},
				"camera_security": {
					"transitions": [
						{ "default": "query.variant == 0" },
						{ "exit": "query.get_equipped_item_name('main_hand') == 'exit_security' && query.is_using_item" },
						{ "camera_admin": "query.get_equipped_item_name('main_hand') == 'camera_admin' && query.is_using_item" }
					],
					"on_entry": [
						"/clear @s js:camera_admin",
						"/clear @s js:camera_navigation",
						"/clear @s js:camera_medbay",
						"/clear @s js:camera_security",
						"/tag @e[type=js:security] add Cam_Security",
						"/tag @e[type=js:security] remove Cam_Admin",
						"/tag @e[type=js:security] remove Cam_Navi",
						"/tag @e[type=js:security] remove Cam_Medbay",
						"/tag @e[type=js:camera,tag=Camera_Security] add On",
						"/give @s js:camera_admin",
						"/playsound effect.game.panel_security_change @s"
					],
					"on_exit": [
						"/tag @e[type=js:camera,tag=Camera_Security] remove On"
					]
				},
				"camera_admin": {
					"transitions": [
						{ "default": "query.variant == 0" },
						{ "exit": "query.get_equipped_item_name('main_hand') == 'exit_security' && query.is_using_item" },
						{ "camera_navigation": "query.get_equipped_item_name('main_hand') == 'camera_navigation' && query.is_using_item" }
					],
					"on_entry": [
						"/clear @s js:camera_admin",
						"/clear @s js:camera_navigation",
						"/clear @s js:camera_medbay",
						"/clear @s js:camera_security",
						"/tag @e[type=js:security] add Cam_Admin",
						"/tag @e[type=js:security] remove Cam_Security",
						"/tag @e[type=js:security] remove Cam_Navi",
						"/tag @e[type=js:security] remove Cam_Medbay",
						"/tag @e[type=js:camera,tag=Camera_Admin] add On",
						"/give @s js:camera_navigation",
						"/playsound effect.game.panel_security_change @s"
					],
					"on_exit": [
						"/tag @e[type=js:camera,tag=Camera_Admin] remove On"
					]
				},
				"camera_navigation": {
					"transitions": [
						{ "default": "query.variant == 0" },
						{ "exit": "query.get_equipped_item_name('main_hand') == 'exit_security' && query.is_using_item" },
						{ "camera_medbay": "query.get_equipped_item_name('main_hand') == 'camera_medbay' && query.is_using_item" }
					],
					"on_entry": [
						"/clear @s js:camera_admin",
						"/clear @s js:camera_navigation",
						"/clear @s js:camera_medbay",
						"/clear @s js:camera_security",
						"/tag @e[type=js:security] add Cam_Navi",
						"/tag @e[type=js:security] remove Cam_Admin",
						"/tag @e[type=js:security] remove Cam_Security",
						"/tag @e[type=js:security] remove Cam_Medbay",
						"/tag @e[type=js:camera,tag=Camera_Navigation] add On",
						"/give @s js:camera_medbay",
						"/playsound effect.game.panel_security_change @s"
					],
					"on_exit": [
						"/tag @e[type=js:camera,tag=Camera_Navigation] remove On"
					]
				},
				"camera_medbay": {
					"transitions": [
						{ "default": "query.variant == 0" },
						{ "exit": "query.get_equipped_item_name('main_hand') == 'exit_security' && query.is_using_item" },
						{ "camera_security": "query.get_equipped_item_name('main_hand') == 'camera_security' && query.is_using_item" }
					],
					"on_entry": [
						"/clear @s js:camera_admin",
						"/clear @s js:camera_navigation",
						"/clear @s js:camera_medbay",
						"/clear @s js:camera_security",
						"/tag @e[type=js:security] add Cam_Medbay",
						"/tag @e[type=js:security] remove Cam_Admin",
						"/tag @e[type=js:security] remove Cam_Navi",
						"/tag @e[type=js:security] remove Cam_Security",
						"/tag @e[type=js:camera,tag=Camera_Medbay] add On",
						"/give @s js:camera_security",
						"/playsound effect.game.panel_security_change @s"
					],
					"on_exit": [
						"/tag @e[type=js:camera,tag=Camera_Medbay] remove On"
					]
				}
			}
		},
		"controller.animation.camera": {
			"initial_state" : "default",
			"states": {
				"default": {
					"transitions": [
						{ "camera_security": "query.variant == 1" },
						{ "camera_admin": "query.variant == 2" },
						{ "camera_navigation": "query.variant == 3" },
						{ "camera_medbay": "query.variant == 4" }
					]
				},
				"camera_security": {
					"transitions": [
						{
							"default": "(1.0)"
						}
					],
					"on_entry": [
						"/effect @p[tag=Security_User] invisibility 1 0 true",
						"/execute @e[type=js:camera, tag=Camera_Security] ^ ^-1 ^1 tp @p[tag=Security_User] ~~~ facing -33 57 -3"
					]
				},
				"camera_admin": {
					"transitions": [
						{
							"default": "(1.0)"
						}
					],
					"on_entry": [
						"/effect @p[tag=Security_User] invisibility 1 0 true",
						"/execute @e[type=js:camera, tag=Camera_Admin] ^ ^-1 ^1 tp @p[tag=Security_User] ~~~ facing 5 57 3"
					]
				},
				"camera_navigation": {
					"transitions": [
						{
							"default": "(1.0)"
						}
					],
					"on_entry": [
						"/effect @p[tag=Security_User] invisibility 1 0 true",
						"/execute @e[type=js:camera, tag=Camera_Navigation] ^ ^-1 ^1 tp @p[tag=Security_User] ~~~ facing 34 57 -1"
					]
				},
				"camera_medbay": {
					"transitions": [
						{
							"default": "(1.0)"
						}
					],
					"on_entry": [
						"/effect @p[tag=Security_User] invisibility 1 0 true",
						"/execute @e[type=js:camera, tag=Camera_Medbay] ^ ^-1 ^1 tp @p[tag=Security_User] ~~~ facing -13 57 -14"
					]
				}
			}
		},
		"controller.animation.security": {
			"initial_state" : "default",
			"states": {
				"default": {
					"transitions": [
						{ "security": "query.is_saddled" }
					]
				},
				"security": {
					"transitions": [
						{
							"default": "!query.is_saddled"
						}
					],
					"on_entry": [
						"/tag @p[tag=Crewmate,r=4] add Security_User",
						"/tag @s add in_use",
						"/execute @p[tag=Crewmate,r=4] ~~~ function tasks/player_task_dummy",
						"/give @p[tag=Security_User] js:exit_security",
						"/give @p[tag=Security_User] js:camera_admin",
						"@s security"
					],
					"on_exit": [
						"/execute @s ~~~ tag @e[type=js:crewmate_task_dummy,r=3,c=1] add DEAD",
						"/clear @p js:exit_security",
						"/clear @p js:camera_admin",
						"/clear @p js:camera_navigation",
						"/clear @p js:camera_medbay",
						"/clear @p js:camera_security",
						"/tag @s remove in_use",
						"/tp @p[tag=Security_User] remove Security_User"
					]
				}
			}
		}
	}
}