{
    "format_version": "1.10.0",
	"animation_controllers": {
		"controller.animation.player.fix_light": {
			"initial_state" : "default",
			"states": {
				"default": {
					"transitions": [
						{ "fix_light": "query.variant > 0 && query.get_equipped_item_name('main_hand') == 'lights' && query.is_using_item" }
					]
				},
				"fix_light": {
					"transitions": [
						{
							"default": "(1.0)"
						}
					],
					"on_entry": [
						"/replaceitem entity @s slot.weapon.mainhand 0 air",
						"/function sabotages/used_sabotage",
						"/tag @e[type=js:fix_light] add lights_sabotaged"
					]
				}
			}
		},
		"controller.animation.player.fake_task": {
			"initial_state" : "default",
			"states": {
				"default": {
					"transitions": [
						{ "fake_task": "query.variant > 0 && query.get_equipped_item_name('main_hand') == 'fake_task' && query.is_using_item" }
					]
				},
				"fake_task": {
					"transitions": [
						{
							"default": "(1.0)"
						}
					],
					"on_entry": [
						"/replaceitem entity @s slot.weapon.mainhand 0 air",
						"/function sabotages/fake_task"
					]
				}
			}
		},
		"controller.animation.player.oxygen_sabotage": {
			"initial_state" : "default",
			"states": {
				"default": {
					"transitions": [
						{ "fix_light": "query.variant > 0 && query.get_equipped_item_name('main_hand') == 'o2' && query.is_using_item" }
					]
				},
				"fix_light": {
					"transitions": [
						{
							"default": "(1.0)"
						}
					],
					"on_entry": [
						"/replaceitem entity @s slot.weapon.mainhand 0 air",
						"/function sabotages/used_sabotage",
						"/tag @e[type=js:emergency_button] add emergency_off",
						"/tag @e[type=js:oxygen_depletion] add oxygen_sabotaged",
						"/tag @e[type=js:oxygen_depletion2] add oxygen_sabotaged"
					]
				}
			}
		},
		"controller.animation.player.reactor_sabotage": {
			"initial_state" : "default",
			"states": {
				"default": {
					"transitions": [
						{ "fix_light": "query.variant > 0 && query.get_equipped_item_name('main_hand') == 'reactor' && query.is_using_item" }
					]
				},
				"fix_light": {
					"transitions": [
						{
							"default": "(1.0)"
						}
					],
					"on_entry": [
						"/execute @p[tag=Crewmate] ~~~ function sabotages/reactor_sabotaged",
						"/function sabotages/used_sabotage",
						"/replaceitem entity @s slot.weapon.mainhand 0 air"
					]
				}
			}
		},
		"controller.animation.player.communications_sabotage": {
			"initial_state" : "default",
			"states": {
				"default": {
					"transitions": [
						{ "fix_light": "query.variant > 0 && query.get_equipped_item_name('main_hand') == 'comms' && query.is_using_item" }
					]
				},
				"fix_light": {
					"transitions": [
						{
							"default": "(1.0)"
						}
					],
					"on_entry": [
						"/function sabotages/used_sabotage",
						"/function sabotages/communications_sabotaged",
						"/replaceitem entity @s slot.weapon.mainhand 0 air",
						"/tag @e[type=js:sabotage_communications] add communications_sabotaged"
					]
				}
			}
		},
		"controller.animation.lights_sabotaged": {
			"initial_state" : "default",
			"states": {
				"default": {
					"transitions": [
						{ "lights_sabotaged": "query.is_sheared" }
					]
				},
				"lights_sabotaged": {
					"transitions": [
						{
							"default": "!query.is_sheared"
						}
					],
					"on_entry": [
						"/function sabotages/lights_sabotaged"
					]
				}
			}
		},
		"controller.animation.fix_light": {
			"initial_state" : "default",
			"states": {
				"default": {
					"transitions": [
						{ "fix_light": "query.is_saddled" }
					]
				},
				"fix_light": {
					"transitions": [
						{
							"default": "!query.is_saddled"
						}
					],
					"animations": [
						"fix_light_anim"
					],
					"on_entry": [
						"/playsound effect.game.panel_generic_appear @p[tag=Crewmate,r=4]"
					],
					"on_exit": [
						"/execute @p[tag=Crewmate,r=4] ~~~ function sabotages/lights_fixed"
					]
				}
			}
		},
		"controller.animation.communications_sabotaged": {
			"initial_state" : "default",
			"states": {
				"default": {
					"transitions": [
						{ "lights_sabotaged": "query.is_sheared" }
					]
				},
				"lights_sabotaged": {
					"transitions": [
						{
							"default": "!query.is_sheared"
						}
					]
				}
			}
		},
		"controller.animation.fix_communications": {
			"initial_state" : "default",
			"states": {
				"default": {
					"transitions": [
						{ "fix_light": "query.is_saddled" }
					]
				},
				"fix_light": {
					"transitions": [
						{
							"default": "!query.is_saddled"
						}
					],
					"animations": [
						"communications_anim"
					],
					"on_entry": [
						"/playsound effect.game.panel_generic_appear @p[tag=Crewmate,r=4]"
					],
					"on_exit": [
						"/execute @p[tag=Crewmate,r=4] ~~~ function sabotages/communications_fixed"
					]
				}
			}
		},
		"controller.animation.oxygen_sabotaged": {
			"initial_state" : "default",
			"states": {
				"default": {
					"transitions": [
						{ "oxygen_sabotaged": "query.is_sheared" }
					]
				},
				"oxygen_sabotaged": {
					"transitions": [
						{
							"default": "!query.is_sheared"
						}
					],
					"on_entry": [
						"/function sabotages/setup"
					],
					"animations": [
						"fix_oxygen_anim"
					]
				}
			}
		},
		"controller.animation.fix_oxygen": {
			"initial_state" : "default",
			"states": {
				"default": {
					"transitions": [
						{ "fix_oxygen": "query.is_saddled" }
					]
				},
				"fix_oxygen": {
					"transitions": [
						{
							"default": "!query.is_saddled"
						}
					],
					"on_entry": [
						"/playsound effect.game.panel_generic_appear @p[tag=Crewmate,r=4]",
						"/execute @p[tag=Crewmate,r=4] ~~~ function sabotages/clicko2"
					]
				}
			}
		},
		"controller.animation.player.o2_fixing": {
			"initial_state" : "default",
			"states": {
				"default": {
					"transitions": [
						{ "o2_1": "query.get_equipped_item_name('main_hand') == 'o2_1' && query.is_using_item" },
						{ "o2_2": "query.get_equipped_item_name('main_hand') == 'o2_2' && query.is_using_item" },
						{ "o2_3": "query.get_equipped_item_name('main_hand') == 'o2_3' && query.is_using_item" },
						{ "o2_4": "query.get_equipped_item_name('main_hand') == 'o2_4' && query.is_using_item" },
						{ "o2_5": "query.get_equipped_item_name('main_hand') == 'o2_5' && query.is_using_item" },
						{ "o2_6": "query.get_equipped_item_name('main_hand') == 'o2_6' && query.is_using_item" },
						{ "o2_7": "query.get_equipped_item_name('main_hand') == 'o2_7' && query.is_using_item" },
						{ "o2_8": "query.get_equipped_item_name('main_hand') == 'o2_8' && query.is_using_item" },
						{ "o2_9": "query.get_equipped_item_name('main_hand') == 'o2_9' && query.is_using_item" },
						{ "o2_cancel": "query.get_equipped_item_name('main_hand') == 'o2_cancel' && query.is_using_item" }
					]
				},
				"o2_1": {
					"transitions": [
						{
							"default": "!query.is_using_item"
						}
					],
					"on_entry": [
						"/playsound effect.game.bev_button @s",
						"/function sabotages/digit1"
					]
				},
				"o2_2": {
					"transitions": [
						{
							"default": "!query.is_using_item"
						}
					],
					"on_entry": [
						"/playsound effect.game.bev_button @s",
						"/function sabotages/digit2"
					]
				},
				"o2_3": {
					"transitions": [
						{
							"default": "!query.is_using_item"
						}
					],
					"on_entry": [
						"/playsound effect.game.bev_button @s",
						"/function sabotages/digit3"
					]
				},
				"o2_4": {
					"transitions": [
						{
							"default": "!query.is_using_item"
						}
					],
					"on_entry": [
						"/playsound effect.game.bev_button @s",
						"/function sabotages/digit4"
					]
				},
				"o2_5": {
					"transitions": [
						{
							"default": "!query.is_using_item"
						}
					],
					"on_entry": [
						"/playsound effect.game.bev_button @s",
						"/function sabotages/digit5"
					]
				},
				"o2_6": {
					"transitions": [
						{
							"default": "!query.is_using_item"
						}
					],
					"on_entry": [
						"/playsound effect.game.bev_button @s",
						"/function sabotages/digit6"
					]
				},
				"o2_7": {
					"transitions": [
						{
							"default": "!query.is_using_item"
						}
					],
					"on_entry": [
						"/playsound effect.game.bev_button @s",
						"/function sabotages/digit7"
					]
				},
				"o2_8": {
					"transitions": [
						{
							"default": "!query.is_using_item"
						}
					],
					"on_entry": [
						"/playsound effect.game.bev_button @s",
						"/function sabotages/digit8"
					]
				},
				"o2_9": {
					"transitions": [
						{
							"default": "!query.is_using_item"
						}
					],
					"on_entry": [
						"/playsound effect.game.bev_button @s",
						"/function sabotages/digit9"
					]
				},
				"o2_cancel": {
					"transitions": [
						{
							"default": "!query.is_using_item"
						}
					],
					"on_entry": [
						"/playsound effect.game.bev_button @s",
						"/function sabotages/o2_cancel"
					]
				}
			}
		},
		"controller.animation.player.reactor_fixing": {
			"initial_state" : "default",
			"states": {
				"default": {
					"transitions": [
						{ "reactor_terminal": "query.get_equipped_item_name('main_hand') == 'reactor_terminal' && query.is_using_item" },
						{ "reactor_terminal2": "query.get_equipped_item_name('main_hand') == 'reactor_terminal2' && query.is_using_item" }
					]
				},
				"reactor_terminal": {
					"transitions": [
						{
							"default": "!query.is_using_item"
						}
					],
					"animations": [
						"reactor_fix_holding"
					],
					"on_entry": [
						"/tag @e[type=js:reactor_sabotage] add reactor_fix1"
					],
					"on_exit": [
						"/tag @e[type=js:reactor_sabotage] remove reactor_fix1"
					]
				},
				"reactor_terminal2": {
					"transitions": [
						{
							"default": "!query.is_using_item"
						}
					],
					"animations": [
						"reactor_fix_holding"
					],
					"on_entry": [
						"/tag @e[type=js:reactor_sabotage] add reactor_fix2"
					],
					"on_exit": [
						"/tag @e[type=js:reactor_sabotage] remove reactor_fix2"
					]
				}
			}
		},
		"controller.animation.reactor_sabotaged": {
			"initial_state" : "default",
			"states": {
				"default": {
					"transitions": [
						{ "reactor_sabotaged": "query.is_sheared" }
					],
					"on_entry": [
						"/tag @s remove reactor_sabotaged"
					]
				},
				"reactor_sabotaged": {
					"transitions": [
						{
							"default": "!query.is_sheared"
						}
					],
					"animations": [
						"reactor_sabotage_anim"
					]
				}
			}
		},
		"controller.animation.reactor_terminal": {
			"initial_state" : "default",
			"states": {
				"default": {
					"transitions": [
						{ "reactor_terminal": "query.is_sheared" }
					]
				},
				"reactor_terminal": {
					"transitions": [
						{
							"default": "1.0"
						}
					],
					"on_entry": [
						"/replaceitem entity @a[r=4] slot.hotbar 8 js:reactor_terminal",
						"/clear @a[rm=4.1] js:reactor_terminal"
					]
				}
			}
		},
		"controller.animation.reactor_terminal2": {
			"initial_state" : "default",
			"states": {
				"default": {
					"transitions": [
						{ "reactor_terminal": "query.is_sheared" }
					]
				},
				"reactor_terminal": {
					"transitions": [
						{
							"default": "1.0"
						}
					],
					"on_entry": [
						"/replaceitem entity @a[r=4] slot.hotbar 8 js:reactor_terminal2",
						"/clear @a[rm=4.1] js:reactor_terminal2"
					]
				}
			}
		},
		"controller.animation.fix_reactor": {
			"initial_state" : "default",
			"states": {
				"default": {
					"transitions": [
						{ "fix_reactor": "query.is_sheared" }
					]
				},
				"fix_reactor": {
					"transitions": [
						{
							"default": "!query.is_sheared"
						}
					],
					"on_exit": [
						"/execute @p[tag=Crewmate] ~~~ function sabotages/reactor_fixed"
					]
				}
			}
		}
	}
}