{
    "format_version": "1.10.0",
	"animation_controllers": {
	  /*Vent_Cafe
	  Vent_Se_Hallway
	  Vent_Lower_Engine
	  Vent_Upper_Engine
	  Vent_Electrical
	  Vent_Security
	  Vent_Medbay
	  Vent_Reactor1
	  Vent_Reactor2
	  Vent_Admin
	  Vent_Weapons
	  Vent_Shields
	  Vent_Navi1
	  Vent_Navi2*/
		"controller.animation.player.vent": {
			"initial_state" : "default",
			"states": {
				"default": {
					"transitions": [
						{ "exit": "query.has_any_family('impostor') && query.get_equipped_item_name('main_hand') == 'exit_vent' && query.is_using_item" },
						{ "Vent_Cafe": "query.has_any_family('impostor') && query.get_equipped_item_name('main_hand') == 'vent_cafe' && query.is_using_item" },
						{ "Vent_Admin": "query.has_any_family('impostor') && query.get_equipped_item_name('main_hand') == 'vent_admin' && query.is_using_item" },
						{ "Vent_Se_Hallway": "query.has_any_family('impostor') && query.get_equipped_item_name('main_hand') == 'vent_se_hallway' && query.is_using_item" },
						
						{ "Vent_Weapons": "query.has_any_family('impostor') && query.get_equipped_item_name('main_hand') == 'vent_weapons' && query.is_using_item" },
						{ "Vent_Navi1": "query.has_any_family('impostor') && query.get_equipped_item_name('main_hand') == 'vent_navi1' && query.is_using_item" },
						
						{ "Vent_Shields": "query.has_any_family('impostor') && query.get_equipped_item_name('main_hand') == 'vent_shields' && query.is_using_item" },
						{ "Vent_Navi2": "query.has_any_family('impostor') && query.get_equipped_item_name('main_hand') == 'vent_navi2' && query.is_using_item" },
						
						{ "Vent_Electrical": "query.has_any_family('impostor') && query.get_equipped_item_name('main_hand') == 'vent_electrical' && query.is_using_item" },
						{ "Vent_Security": "query.has_any_family('impostor') && query.get_equipped_item_name('main_hand') == 'vent_security' && query.is_using_item" },
						{ "Vent_Medbay": "query.has_any_family('impostor') && query.get_equipped_item_name('main_hand') == 'vent_medbay' && query.is_using_item" },
						
						{ "Vent_Reactor1": "query.has_any_family('impostor') && query.get_equipped_item_name('main_hand') == 'vent_reactor1' && query.is_using_item" },
						{ "Vent_Lower_Engine": "query.has_any_family('impostor') && query.get_equipped_item_name('main_hand') == 'vent_lower_engine' && query.is_using_item" },
						
						{ "Vent_Reactor2": "query.has_any_family('impostor') && query.get_equipped_item_name('main_hand') == 'vent_reactor2' && query.is_using_item" },
						{ "Vent_Upper_Engine": "query.has_any_family('impostor') && query.get_equipped_item_name('main_hand') == 'vent_upper_engine' && query.is_using_item" }
					]
				},
				"exit": {
					"transitions": [
						{ "default": "1.0" }
					],
					"on_entry": [
						"/effect @p[tag=Vent_User] invisibility 0",
						"/effect @p[tag=Vent_User] levitation 0",
						"/tag @s[tag=Impostor] remove Vent_Cafe",
						"/tag @s[tag=Impostor] remove Vent_Se_Hallway",
						"/tag @s[tag=Impostor] remove Vent_Lower_Engine",
						"/tag @s[tag=Impostor] remove Vent_Upper_Engine",
						"/tag @s[tag=Impostor] remove Vent_Electrical",
						"/tag @s[tag=Impostor] remove Vent_Security",
						"/tag @s[tag=Impostor] remove Vent_Medbay",
						"/tag @s[tag=Impostor] remove Vent_Reactor1",
						"/tag @s[tag=Impostor] remove Vent_Reactor2",
						"/tag @s[tag=Impostor] remove Vent_Admin",
						"/tag @s[tag=Impostor] remove Vent_Weapons",
						"/tag @s[tag=Impostor] remove Vent_Shields",
						"/tag @s[tag=Impostor] remove Vent_Navi1",
						"/tag @s[tag=Impostor] remove Vent_Navi2",
						"/clear @s js:exit_vent",
						"/clear @s js:vent_cafe",
						"/clear @s js:vent_se_hallway",
						"/clear @s js:vent_lower_engine",
						"/clear @s js:vent_upper_engine",
						"/clear @s js:vent_electrical",
						"/clear @s js:vent_security",
						"/clear @s js:vent_medbay",
						"/clear @s js:vent_reactor1",
						"/clear @s js:vent_reactor2",
						"/clear @s js:vent_admin",
						"/clear @s js:vent_weapons",
						"/clear @s js:vent_shields",
						"/clear @s js:vent_navi1",
						"/clear @s js:vent_navi2",
						"/tag @s remove Vent_User",
						"/tp @s ~ 60 ~",
						"/playsound effect.vent.open @a[r=5]",
						"/playanimation @s[tag=Impostor] animation.crewmate.leave_seat JuliusIsTheBestHesUnderrated 0 query.any_animation_finished iamsocool",
						"/playanimation @e[type=js:vent_1,r=5] animation.vent.use JuliusIsTheBestHesUnderrated 0 query.any_animation_finished myventsareawesome",
						"/playanimation @e[type=js:vent_2,r=5] animation.vent.use JuliusIsTheBestHesUnderrated 0 query.any_animation_finished myventsareawesome",
						"/playanimation @e[type=js:vent_3,r=5] animation.vent.use JuliusIsTheBestHesUnderrated 0 query.any_animation_finished myventsareawesome",
						"/playanimation @e[type=js:vent_4,r=5] animation.vent.use JuliusIsTheBestHesUnderrated 0 query.any_animation_finished myventsareawesome",
						"/playanimation @e[type=js:vent_5,r=5] animation.vent.use JuliusIsTheBestHesUnderrated 0 query.any_animation_finished myventsareawesome"
					]
				},
				"Vent_Cafe": {
					"transitions": [
						{ "default": "query.variant == 0" },
						{ "exit": "query.has_any_family('impostor') && query.get_equipped_item_name('main_hand') == 'exit_vent' && query.is_using_item" },
						{ "Vent_Admin": "query.has_any_family('impostor') && query.get_equipped_item_name('main_hand') == 'vent_admin' && query.is_using_item" },
						{ "Vent_Se_Hallway": "query.has_any_family('impostor') && query.get_equipped_item_name('main_hand') == 'vent_se_hallway' && query.is_using_item" }
					],
					"on_entry": [
						"/tag @s[tag=Impostor] add Vent_Cafe",
						"/tag @s[tag=Impostor] remove Vent_Se_Hallway",
						"/tag @s[tag=Impostor] remove Vent_Lower_Engine",
						"/tag @s[tag=Impostor] remove Vent_Upper_Engine",
						"/tag @s[tag=Impostor] remove Vent_Electrical",
						"/tag @s[tag=Impostor] remove Vent_Security",
						"/tag @s[tag=Impostor] remove Vent_Medbay",
						"/tag @s[tag=Impostor] remove Vent_Reactor1",
						"/tag @s[tag=Impostor] remove Vent_Reactor2",
						"/tag @s[tag=Impostor] remove Vent_Admin",
						"/tag @s[tag=Impostor] remove Vent_Weapons",
						"/tag @s[tag=Impostor] remove Vent_Shields",
						"/tag @s[tag=Impostor] remove Vent_Navi1",
						"/tag @s[tag=Impostor] remove Vent_Navi2",
						"/clear @s js:exit_vent",
						"/clear @s js:vent_cafe",
						"/clear @s js:vent_se_hallway",
						"/clear @s js:vent_lower_engine",
						"/clear @s js:vent_upper_engine",
						"/clear @s js:vent_electrical",
						"/clear @s js:vent_security",
						"/clear @s js:vent_medbay",
						"/clear @s js:vent_reactor1",
						"/clear @s js:vent_reactor2",
						"/clear @s js:vent_admin",
						"/clear @s js:vent_weapons",
						"/clear @s js:vent_shields",
						"/clear @s js:vent_navi1",
						"/clear @s js:vent_navi2",
						"/give @s js:exit_vent",
						"/give @s js:vent_admin",
						"/give @s js:vent_se_hallway",
						"/playsound effect.vent.move @a[r=5]"
					]
				},
				"Vent_Admin": {
					"transitions": [
						{ "default": "query.variant == 0" },
						{ "exit": "query.has_any_family('impostor') && query.get_equipped_item_name('main_hand') == 'exit_vent' && query.is_using_item" },
						{ "Vent_Cafe": "query.has_any_family('impostor') && query.get_equipped_item_name('main_hand') == 'vent_cafe' && query.is_using_item" },
						{ "Vent_Se_Hallway": "query.has_any_family('impostor') && query.get_equipped_item_name('main_hand') == 'vent_se_hallway' && query.is_using_item" }
					],
					"on_entry": [
						"/tag @s[tag=Impostor] remove Vent_Cafe",
						"/tag @s[tag=Impostor] remove Vent_Se_Hallway",
						"/tag @s[tag=Impostor] remove Vent_Lower_Engine",
						"/tag @s[tag=Impostor] remove Vent_Upper_Engine",
						"/tag @s[tag=Impostor] remove Vent_Electrical",
						"/tag @s[tag=Impostor] remove Vent_Security",
						"/tag @s[tag=Impostor] remove Vent_Medbay",
						"/tag @s[tag=Impostor] remove Vent_Reactor1",
						"/tag @s[tag=Impostor] remove Vent_Reactor2",
						"/tag @s[tag=Impostor] add Vent_Admin",
						"/tag @s[tag=Impostor] remove Vent_Weapons",
						"/tag @s[tag=Impostor] remove Vent_Shields",
						"/tag @s[tag=Impostor] remove Vent_Navi1",
						"/tag @s[tag=Impostor] remove Vent_Navi2",
						"/clear @s js:exit_vent",
						"/clear @s js:vent_cafe",
						"/clear @s js:vent_se_hallway",
						"/clear @s js:vent_lower_engine",
						"/clear @s js:vent_upper_engine",
						"/clear @s js:vent_electrical",
						"/clear @s js:vent_security",
						"/clear @s js:vent_medbay",
						"/clear @s js:vent_reactor1",
						"/clear @s js:vent_reactor2",
						"/clear @s js:vent_admin",
						"/clear @s js:vent_weapons",
						"/clear @s js:vent_shields",
						"/clear @s js:vent_navi1",
						"/clear @s js:vent_navi2",
						"/give @s js:exit_vent",
						"/give @s js:vent_cafe",
						"/give @s js:vent_se_hallway",
						"/playsound effect.vent.move @a[r=5]"
					]
				},
				"Vent_Se_Hallway": {
					"transitions": [
						{ "default": "query.variant == 0" },
						{ "exit": "query.has_any_family('impostor') && query.get_equipped_item_name('main_hand') == 'exit_vent' && query.is_using_item" },
						{ "Vent_Admin": "query.has_any_family('impostor') && query.get_equipped_item_name('main_hand') == 'vent_admin' && query.is_using_item" },
						{ "Vent_Cafe": "query.has_any_family('impostor') && query.get_equipped_item_name('main_hand') == 'vent_cafe' && query.is_using_item" }
					],
					"on_entry": [
						"/tag @s[tag=Impostor] remove Vent_Cafe",
						"/tag @s[tag=Impostor] add Vent_Se_Hallway",
						"/tag @s[tag=Impostor] remove Vent_Lower_Engine",
						"/tag @s[tag=Impostor] remove Vent_Upper_Engine",
						"/tag @s[tag=Impostor] remove Vent_Electrical",
						"/tag @s[tag=Impostor] remove Vent_Security",
						"/tag @s[tag=Impostor] remove Vent_Medbay",
						"/tag @s[tag=Impostor] remove Vent_Reactor1",
						"/tag @s[tag=Impostor] remove Vent_Reactor2",
						"/tag @s[tag=Impostor] remove Vent_Admin",
						"/tag @s[tag=Impostor] remove Vent_Weapons",
						"/tag @s[tag=Impostor] remove Vent_Shields",
						"/tag @s[tag=Impostor] remove Vent_Navi1",
						"/tag @s[tag=Impostor] remove Vent_Navi2",
						"/clear @s js:exit_vent",
						"/clear @s js:vent_cafe",
						"/clear @s js:vent_se_hallway",
						"/clear @s js:vent_lower_engine",
						"/clear @s js:vent_upper_engine",
						"/clear @s js:vent_electrical",
						"/clear @s js:vent_security",
						"/clear @s js:vent_medbay",
						"/clear @s js:vent_reactor1",
						"/clear @s js:vent_reactor2",
						"/clear @s js:vent_admin",
						"/clear @s js:vent_weapons",
						"/clear @s js:vent_shields",
						"/clear @s js:vent_navi1",
						"/clear @s js:vent_navi2",
						"/give @s js:exit_vent",
						"/give @s js:vent_cafe",
						"/give @s js:vent_admin",
						"/playsound effect.vent.move @a[r=5]"
					]
				},
				"Vent_Weapons": {
					"transitions": [
						{ "default": "query.variant == 0" },
						{ "exit": "query.has_any_family('impostor') && query.get_equipped_item_name('main_hand') == 'exit_vent' && query.is_using_item" },
						{ "Vent_Navi1": "query.has_any_family('impostor') && query.get_equipped_item_name('main_hand') == 'vent_navi1' && query.is_using_item" }
					],
					"on_entry": [
						"/tag @s[tag=Impostor] remove Vent_Cafe",
						"/tag @s[tag=Impostor] remove Vent_Se_Hallway",
						"/tag @s[tag=Impostor] remove Vent_Lower_Engine",
						"/tag @s[tag=Impostor] remove Vent_Upper_Engine",
						"/tag @s[tag=Impostor] remove Vent_Electrical",
						"/tag @s[tag=Impostor] remove Vent_Security",
						"/tag @s[tag=Impostor] remove Vent_Medbay",
						"/tag @s[tag=Impostor] remove Vent_Reactor1",
						"/tag @s[tag=Impostor] remove Vent_Reactor2",
						"/tag @s[tag=Impostor] remove Vent_Admin",
						"/tag @s[tag=Impostor] add Vent_Weapons",
						"/tag @s[tag=Impostor] remove Vent_Shields",
						"/tag @s[tag=Impostor] remove Vent_Navi1",
						"/tag @s[tag=Impostor] remove Vent_Navi2",
						"/clear @s js:exit_vent",
						"/clear @s js:vent_cafe",
						"/clear @s js:vent_se_hallway",
						"/clear @s js:vent_lower_engine",
						"/clear @s js:vent_upper_engine",
						"/clear @s js:vent_electrical",
						"/clear @s js:vent_security",
						"/clear @s js:vent_medbay",
						"/clear @s js:vent_reactor1",
						"/clear @s js:vent_reactor2",
						"/clear @s js:vent_admin",
						"/clear @s js:vent_weapons",
						"/clear @s js:vent_shields",
						"/clear @s js:vent_navi1",
						"/clear @s js:vent_navi2",
						"/give @s js:exit_vent",
						"/give @s js:vent_navi1",
						"/playsound effect.vent.move @a[r=5]"
					]
				},
				"Vent_Navi1": {
					"transitions": [
						{ "default": "query.variant == 0" },
						{ "exit": "query.has_any_family('impostor') && query.get_equipped_item_name('main_hand') == 'exit_vent' && query.is_using_item" },
						{ "Vent_Weapons": "query.has_any_family('impostor') && query.get_equipped_item_name('main_hand') == 'vent_weapons' && query.is_using_item" }
					],
					"on_entry": [
						"/tag @s[tag=Impostor] remove Vent_Cafe",
						"/tag @s[tag=Impostor] remove Vent_Se_Hallway",
						"/tag @s[tag=Impostor] remove Vent_Lower_Engine",
						"/tag @s[tag=Impostor] remove Vent_Upper_Engine",
						"/tag @s[tag=Impostor] remove Vent_Electrical",
						"/tag @s[tag=Impostor] remove Vent_Security",
						"/tag @s[tag=Impostor] remove Vent_Medbay",
						"/tag @s[tag=Impostor] remove Vent_Reactor1",
						"/tag @s[tag=Impostor] remove Vent_Reactor2",
						"/tag @s[tag=Impostor] remove Vent_Admin",
						"/tag @s[tag=Impostor] remove Vent_Weapons",
						"/tag @s[tag=Impostor] remove Vent_Shields",
						"/tag @s[tag=Impostor] add Vent_Navi1",
						"/tag @s[tag=Impostor] remove Vent_Navi2",
						"/clear @s js:exit_vent",
						"/clear @s js:vent_cafe",
						"/clear @s js:vent_se_hallway",
						"/clear @s js:vent_lower_engine",
						"/clear @s js:vent_upper_engine",
						"/clear @s js:vent_electrical",
						"/clear @s js:vent_security",
						"/clear @s js:vent_medbay",
						"/clear @s js:vent_reactor1",
						"/clear @s js:vent_reactor2",
						"/clear @s js:vent_admin",
						"/clear @s js:vent_weapons",
						"/clear @s js:vent_shields",
						"/clear @s js:vent_navi1",
						"/clear @s js:vent_navi2",
						"/give @s js:exit_vent",
						"/give @s js:vent_weapons",
						"/playsound effect.vent.move @a[r=5]"
					]
				},
				"Vent_Shields": {
					"transitions": [
						{ "default": "query.variant == 0" },
						{ "exit": "query.has_any_family('impostor') && query.get_equipped_item_name('main_hand') == 'exit_vent' && query.is_using_item" },
						{ "Vent_Navi2": "query.has_any_family('impostor') && query.get_equipped_item_name('main_hand') == 'vent_navi2' && query.is_using_item" }
					],
					"on_entry": [
						"/tag @s[tag=Impostor] remove Vent_Cafe",
						"/tag @s[tag=Impostor] remove Vent_Se_Hallway",
						"/tag @s[tag=Impostor] remove Vent_Lower_Engine",
						"/tag @s[tag=Impostor] remove Vent_Upper_Engine",
						"/tag @s[tag=Impostor] remove Vent_Electrical",
						"/tag @s[tag=Impostor] remove Vent_Security",
						"/tag @s[tag=Impostor] remove Vent_Medbay",
						"/tag @s[tag=Impostor] remove Vent_Reactor1",
						"/tag @s[tag=Impostor] remove Vent_Reactor2",
						"/tag @s[tag=Impostor] remove Vent_Admin",
						"/tag @s[tag=Impostor] remove Vent_Weapons",
						"/tag @s[tag=Impostor] add Vent_Shields",
						"/tag @s[tag=Impostor] remove Vent_Navi1",
						"/tag @s[tag=Impostor] remove Vent_Navi2",
						"/clear @s js:exit_vent",
						"/clear @s js:vent_cafe",
						"/clear @s js:vent_se_hallway",
						"/clear @s js:vent_lower_engine",
						"/clear @s js:vent_upper_engine",
						"/clear @s js:vent_electrical",
						"/clear @s js:vent_security",
						"/clear @s js:vent_medbay",
						"/clear @s js:vent_reactor1",
						"/clear @s js:vent_reactor2",
						"/clear @s js:vent_admin",
						"/clear @s js:vent_weapons",
						"/clear @s js:vent_shields",
						"/clear @s js:vent_navi1",
						"/clear @s js:vent_navi2",
						"/give @s js:exit_vent",
						"/give @s js:vent_navi2",
						"/playsound effect.vent.move @a[r=5]"
					]
				},
				"Vent_Navi2": {
					"transitions": [
						{ "default": "query.variant == 0" },
						{ "exit": "query.has_any_family('impostor') && query.get_equipped_item_name('main_hand') == 'exit_vent' && query.is_using_item" },
						{ "Vent_Shields": "query.has_any_family('impostor') && query.get_equipped_item_name('main_hand') == 'vent_shields' && query.is_using_item" }
					],
					"on_entry": [
						"/tag @s[tag=Impostor] remove Vent_Cafe",
						"/tag @s[tag=Impostor] remove Vent_Se_Hallway",
						"/tag @s[tag=Impostor] remove Vent_Lower_Engine",
						"/tag @s[tag=Impostor] remove Vent_Upper_Engine",
						"/tag @s[tag=Impostor] remove Vent_Electrical",
						"/tag @s[tag=Impostor] remove Vent_Security",
						"/tag @s[tag=Impostor] remove Vent_Medbay",
						"/tag @s[tag=Impostor] remove Vent_Reactor1",
						"/tag @s[tag=Impostor] remove Vent_Reactor2",
						"/tag @s[tag=Impostor] remove Vent_Admin",
						"/tag @s[tag=Impostor] remove Vent_Weapons",
						"/tag @s[tag=Impostor] remove Vent_Shields",
						"/tag @s[tag=Impostor] remove Vent_Navi1",
						"/tag @s[tag=Impostor] add Vent_Navi2",
						"/clear @s js:exit_vent",
						"/clear @s js:vent_cafe",
						"/clear @s js:vent_se_hallway",
						"/clear @s js:vent_lower_engine",
						"/clear @s js:vent_upper_engine",
						"/clear @s js:vent_electrical",
						"/clear @s js:vent_security",
						"/clear @s js:vent_medbay",
						"/clear @s js:vent_reactor1",
						"/clear @s js:vent_reactor2",
						"/clear @s js:vent_admin",
						"/clear @s js:vent_weapons",
						"/clear @s js:vent_shields",
						"/clear @s js:vent_navi1",
						"/clear @s js:vent_navi2",
						"/give @s js:exit_vent",
						"/give @s js:vent_shields",
						"/playsound effect.vent.move @a[r=5]"
					]
				},
				"Vent_Electrical": {
					"transitions": [
						{ "default": "query.variant == 0" },
						{ "exit": "query.has_any_family('impostor') && query.get_equipped_item_name('main_hand') == 'exit_vent' && query.is_using_item" },
						{ "Vent_Security": "query.has_any_family('impostor') && query.get_equipped_item_name('main_hand') == 'vent_security' && query.is_using_item" },
						{ "Vent_Medbay": "query.has_any_family('impostor') && query.get_equipped_item_name('main_hand') == 'vent_medbay' && query.is_using_item" }
					],
					"on_entry": [
						"/tag @s[tag=Impostor] remove Vent_Cafe",
						"/tag @s[tag=Impostor] remove Vent_Se_Hallway",
						"/tag @s[tag=Impostor] remove Vent_Lower_Engine",
						"/tag @s[tag=Impostor] remove Vent_Upper_Engine",
						"/tag @s[tag=Impostor] add Vent_Electrical",
						"/tag @s[tag=Impostor] remove Vent_Security",
						"/tag @s[tag=Impostor] remove Vent_Medbay",
						"/tag @s[tag=Impostor] remove Vent_Reactor1",
						"/tag @s[tag=Impostor] remove Vent_Reactor2",
						"/tag @s[tag=Impostor] remove Vent_Admin",
						"/tag @s[tag=Impostor] remove Vent_Weapons",
						"/tag @s[tag=Impostor] remove Vent_Shields",
						"/tag @s[tag=Impostor] remove Vent_Navi1",
						"/tag @s[tag=Impostor] remove Vent_Navi2",
						"/clear @s js:exit_vent",
						"/clear @s js:vent_cafe",
						"/clear @s js:vent_se_hallway",
						"/clear @s js:vent_lower_engine",
						"/clear @s js:vent_upper_engine",
						"/clear @s js:vent_electrical",
						"/clear @s js:vent_security",
						"/clear @s js:vent_medbay",
						"/clear @s js:vent_reactor1",
						"/clear @s js:vent_reactor2",
						"/clear @s js:vent_admin",
						"/clear @s js:vent_weapons",
						"/clear @s js:vent_shields",
						"/clear @s js:vent_navi1",
						"/clear @s js:vent_navi2",
						"/give @s js:exit_vent",
						"/give @s js:vent_security",
						"/give @s js:vent_medbay",
						"/playsound effect.vent.move @a[r=5]"
					]
				},
				"Vent_Security": {
					"transitions": [
						{ "default": "query.variant == 0" },
						{ "exit": "query.has_any_family('impostor') && query.get_equipped_item_name('main_hand') == 'exit_vent' && query.is_using_item" },
						{ "Vent_Electrical": "query.has_any_family('impostor') && query.get_equipped_item_name('main_hand') == 'vent_electrical' && query.is_using_item" },
						{ "Vent_Medbay": "query.has_any_family('impostor') && query.get_equipped_item_name('main_hand') == 'vent_medbay' && query.is_using_item" }
					],
					"on_entry": [
						"/tag @s[tag=Impostor] remove Vent_Cafe",
						"/tag @s[tag=Impostor] remove Vent_Se_Hallway",
						"/tag @s[tag=Impostor] remove Vent_Lower_Engine",
						"/tag @s[tag=Impostor] remove Vent_Upper_Engine",
						"/tag @s[tag=Impostor] remove Vent_Electrical",
						"/tag @s[tag=Impostor] add Vent_Security",
						"/tag @s[tag=Impostor] remove Vent_Medbay",
						"/tag @s[tag=Impostor] remove Vent_Reactor1",
						"/tag @s[tag=Impostor] remove Vent_Reactor2",
						"/tag @s[tag=Impostor] remove Vent_Admin",
						"/tag @s[tag=Impostor] remove Vent_Weapons",
						"/tag @s[tag=Impostor] remove Vent_Shields",
						"/tag @s[tag=Impostor] remove Vent_Navi1",
						"/tag @s[tag=Impostor] remove Vent_Navi2",
						"/clear @s js:exit_vent",
						"/clear @s js:vent_cafe",
						"/clear @s js:vent_se_hallway",
						"/clear @s js:vent_lower_engine",
						"/clear @s js:vent_upper_engine",
						"/clear @s js:vent_electrical",
						"/clear @s js:vent_security",
						"/clear @s js:vent_medbay",
						"/clear @s js:vent_reactor1",
						"/clear @s js:vent_reactor2",
						"/clear @s js:vent_admin",
						"/clear @s js:vent_weapons",
						"/clear @s js:vent_shields",
						"/clear @s js:vent_navi1",
						"/clear @s js:vent_navi2",
						"/give @s js:exit_vent",
						"/give @s js:vent_electrical",
						"/give @s js:vent_medbay",
						"/playsound effect.vent.move @a[r=5]"
					]
				},
				"Vent_Medbay": {
					"transitions": [
						{ "default": "query.variant == 0" },
						{ "exit": "query.has_any_family('impostor') && query.get_equipped_item_name('main_hand') == 'exit_vent' && query.is_using_item" },
						{ "Vent_Electrical": "query.has_any_family('impostor') && query.get_equipped_item_name('main_hand') == 'vent_electrical' && query.is_using_item" },
						{ "Vent_Security": "query.has_any_family('impostor') && query.get_equipped_item_name('main_hand') == 'vent_security' && query.is_using_item" }
					],
					"on_entry": [
						"/tag @s[tag=Impostor] remove Vent_Cafe",
						"/tag @s[tag=Impostor] remove Vent_Se_Hallway",
						"/tag @s[tag=Impostor] remove Vent_Lower_Engine",
						"/tag @s[tag=Impostor] remove Vent_Upper_Engine",
						"/tag @s[tag=Impostor] remove Vent_Electrical",
						"/tag @s[tag=Impostor] remove Vent_Security",
						"/tag @s[tag=Impostor] add Vent_Medbay",
						"/tag @s[tag=Impostor] remove Vent_Reactor1",
						"/tag @s[tag=Impostor] remove Vent_Reactor2",
						"/tag @s[tag=Impostor] remove Vent_Admin",
						"/tag @s[tag=Impostor] remove Vent_Weapons",
						"/tag @s[tag=Impostor] remove Vent_Shields",
						"/tag @s[tag=Impostor] remove Vent_Navi1",
						"/tag @s[tag=Impostor] remove Vent_Navi2",
						"/clear @s js:exit_vent",
						"/clear @s js:vent_cafe",
						"/clear @s js:vent_se_hallway",
						"/clear @s js:vent_lower_engine",
						"/clear @s js:vent_upper_engine",
						"/clear @s js:vent_electrical",
						"/clear @s js:vent_security",
						"/clear @s js:vent_medbay",
						"/clear @s js:vent_reactor1",
						"/clear @s js:vent_reactor2",
						"/clear @s js:vent_admin",
						"/clear @s js:vent_weapons",
						"/clear @s js:vent_shields",
						"/clear @s js:vent_navi1",
						"/clear @s js:vent_navi2",
						"/give @s js:exit_vent",
						"/give @s js:vent_electrical",
						"/give @s js:vent_security",
						"/playsound effect.vent.move @a[r=5]"
					]
				},
				"Vent_Reactor1": {
					"transitions": [
						{ "default": "query.variant == 0" },
						{ "exit": "query.has_any_family('impostor') && query.get_equipped_item_name('main_hand') == 'exit_vent' && query.is_using_item" },
						{ "Vent_Lower_Engine": "query.has_any_family('impostor') && query.get_equipped_item_name('main_hand') == 'vent_lower_engine' && query.is_using_item" }
					],
					"on_entry": [
						"/tag @s[tag=Impostor] remove Vent_Cafe",
						"/tag @s[tag=Impostor] remove Vent_Se_Hallway",
						"/tag @s[tag=Impostor] remove Vent_Lower_Engine",
						"/tag @s[tag=Impostor] remove Vent_Upper_Engine",
						"/tag @s[tag=Impostor] remove Vent_Electrical",
						"/tag @s[tag=Impostor] remove Vent_Security",
						"/tag @s[tag=Impostor] remove Vent_Medbay",
						"/tag @s[tag=Impostor] add Vent_Reactor1",
						"/tag @s[tag=Impostor] remove Vent_Reactor2",
						"/tag @s[tag=Impostor] remove Vent_Admin",
						"/tag @s[tag=Impostor] remove Vent_Weapons",
						"/tag @s[tag=Impostor] remove Vent_Shields",
						"/tag @s[tag=Impostor] remove Vent_Navi1",
						"/tag @s[tag=Impostor] remove Vent_Navi2",
						"/clear @s js:exit_vent",
						"/clear @s js:vent_cafe",
						"/clear @s js:vent_se_hallway",
						"/clear @s js:vent_lower_engine",
						"/clear @s js:vent_upper_engine",
						"/clear @s js:vent_electrical",
						"/clear @s js:vent_security",
						"/clear @s js:vent_medbay",
						"/clear @s js:vent_reactor1",
						"/clear @s js:vent_reactor2",
						"/clear @s js:vent_admin",
						"/clear @s js:vent_weapons",
						"/clear @s js:vent_shields",
						"/clear @s js:vent_navi1",
						"/clear @s js:vent_navi2",
						"/give @s js:exit_vent",
						"/give @s js:vent_lower_engine",
						"/playsound effect.vent.move @a[r=5]"
					]
				},
				"Vent_Lower_Engine": {
					"transitions": [
						{ "default": "query.variant == 0" },
						{ "exit": "query.has_any_family('impostor') && query.get_equipped_item_name('main_hand') == 'exit_vent' && query.is_using_item" },
						{ "Vent_Reactor1": "query.has_any_family('impostor') && query.get_equipped_item_name('main_hand') == 'vent_reactor1' && query.is_using_item" }
					],
					"on_entry": [
						"/tag @s[tag=Impostor] remove Vent_Cafe",
						"/tag @s[tag=Impostor] remove Vent_Se_Hallway",
						"/tag @s[tag=Impostor] add Vent_Lower_Engine",
						"/tag @s[tag=Impostor] remove Vent_Upper_Engine",
						"/tag @s[tag=Impostor] remove Vent_Electrical",
						"/tag @s[tag=Impostor] remove Vent_Security",
						"/tag @s[tag=Impostor] remove Vent_Medbay",
						"/tag @s[tag=Impostor] remove Vent_Reactor1",
						"/tag @s[tag=Impostor] remove Vent_Reactor2",
						"/tag @s[tag=Impostor] remove Vent_Admin",
						"/tag @s[tag=Impostor] remove Vent_Weapons",
						"/tag @s[tag=Impostor] remove Vent_Shields",
						"/tag @s[tag=Impostor] remove Vent_Navi1",
						"/tag @s[tag=Impostor] remove Vent_Navi2",
						"/clear @s js:exit_vent",
						"/clear @s js:vent_cafe",
						"/clear @s js:vent_se_hallway",
						"/clear @s js:vent_lower_engine",
						"/clear @s js:vent_upper_engine",
						"/clear @s js:vent_electrical",
						"/clear @s js:vent_security",
						"/clear @s js:vent_medbay",
						"/clear @s js:vent_reactor1",
						"/clear @s js:vent_reactor2",
						"/clear @s js:vent_admin",
						"/clear @s js:vent_weapons",
						"/clear @s js:vent_shields",
						"/clear @s js:vent_navi1",
						"/clear @s js:vent_navi2",
						"/give @s js:exit_vent",
						"/give @s js:vent_reactor1",
						"/playsound effect.vent.move @a[r=5]"
					]
				},
				"Vent_Reactor2": {
					"transitions": [
						{ "default": "query.variant == 0" },
						{ "exit": "query.has_any_family('impostor') && query.get_equipped_item_name('main_hand') == 'exit_vent' && query.is_using_item" },
						{ "Vent_Upper_Engine": "query.has_any_family('impostor') && query.get_equipped_item_name('main_hand') == 'vent_upper_engine' && query.is_using_item" }
					],
					"on_entry": [
						"/tag @s[tag=Impostor] remove Vent_Cafe",
						"/tag @s[tag=Impostor] remove Vent_Se_Hallway",
						"/tag @s[tag=Impostor] remove Vent_Lower_Engine",
						"/tag @s[tag=Impostor] remove Vent_Upper_Engine",
						"/tag @s[tag=Impostor] remove Vent_Electrical",
						"/tag @s[tag=Impostor] remove Vent_Security",
						"/tag @s[tag=Impostor] remove Vent_Medbay",
						"/tag @s[tag=Impostor] remove Vent_Reactor1",
						"/tag @s[tag=Impostor] add Vent_Reactor2",
						"/tag @s[tag=Impostor] remove Vent_Admin",
						"/tag @s[tag=Impostor] remove Vent_Weapons",
						"/tag @s[tag=Impostor] remove Vent_Shields",
						"/tag @s[tag=Impostor] remove Vent_Navi1",
						"/tag @s[tag=Impostor] remove Vent_Navi2",
						"/clear @s js:exit_vent",
						"/clear @s js:vent_cafe",
						"/clear @s js:vent_se_hallway",
						"/clear @s js:vent_lower_engine",
						"/clear @s js:vent_upper_engine",
						"/clear @s js:vent_electrical",
						"/clear @s js:vent_security",
						"/clear @s js:vent_medbay",
						"/clear @s js:vent_reactor1",
						"/clear @s js:vent_reactor2",
						"/clear @s js:vent_admin",
						"/clear @s js:vent_weapons",
						"/clear @s js:vent_shields",
						"/clear @s js:vent_navi1",
						"/clear @s js:vent_navi2",
						"/give @s js:exit_vent",
						"/give @s js:vent_upper_engine",
						"/playsound effect.vent.move @a[r=5]"
					]
				},
				"Vent_Upper_Engine": {
					"transitions": [
						{ "default": "query.variant == 0" },
						{ "exit": "query.has_any_family('impostor') && query.get_equipped_item_name('main_hand') == 'exit_vent' && query.is_using_item" },
						{ "Vent_Reactor2": "query.has_any_family('impostor') && query.get_equipped_item_name('main_hand') == 'vent_reactor2' && query.is_using_item" }
					],
					"on_entry": [
						"/tag @s[tag=Impostor] remove Vent_Cafe",
						"/tag @s[tag=Impostor] remove Vent_Se_Hallway",
						"/tag @s[tag=Impostor] remove Vent_Lower_Engine",
						"/tag @s[tag=Impostor] add Vent_Upper_Engine",
						"/tag @s[tag=Impostor] remove Vent_Electrical",
						"/tag @s[tag=Impostor] remove Vent_Security",
						"/tag @s[tag=Impostor] remove Vent_Medbay",
						"/tag @s[tag=Impostor] remove Vent_Reactor1",
						"/tag @s[tag=Impostor] remove Vent_Reactor2",
						"/tag @s[tag=Impostor] remove Vent_Admin",
						"/tag @s[tag=Impostor] remove Vent_Weapons",
						"/tag @s[tag=Impostor] remove Vent_Shields",
						"/tag @s[tag=Impostor] remove Vent_Navi1",
						"/tag @s[tag=Impostor] remove Vent_Navi2",
						"/clear @s js:exit_vent",
						"/clear @s js:vent_cafe",
						"/clear @s js:vent_se_hallway",
						"/clear @s js:vent_lower_engine",
						"/clear @s js:vent_upper_engine",
						"/clear @s js:vent_electrical",
						"/clear @s js:vent_security",
						"/clear @s js:vent_medbay",
						"/clear @s js:vent_reactor1",
						"/clear @s js:vent_reactor2",
						"/clear @s js:vent_admin",
						"/clear @s js:vent_weapons",
						"/clear @s js:vent_shields",
						"/clear @s js:vent_navi1",
						"/clear @s js:vent_navi2",
						"/give @s js:exit_vent",
						"/give @s js:vent_reactor2",
						"/playsound effect.vent.move @a[r=5]"
					]
				}
			}
		},
		"controller.animation.vent_1_tp": {
			"initial_state" : "default",
			"states": {
				"default": {
					"transitions": [
						{ "Vent_Cafe": "query.is_alive" }
					]
				},
				"Vent_Cafe": {
					"transitions": [
						{
							"default": "(1.0)"
						}
					],
					"on_entry": [
						"/effect @a[tag=Vent_User] invisibility 1 0 true",
						"/effect @a[tag=Vent_User] levitation 1 0 true",
						"/execute @e[type=js:vent_1, tag=vent_cafe] ~ ~ ~ tp @a[tag=Vent_User,tag=Vent_Cafe] 19 62 -11 facing 17 59 -13",
						"/execute @e[type=js:vent_1, tag=vent_admin] ~ ~ ~ tp @a[tag=Vent_User,tag=Vent_Admin] 14 61 9 facing 16 60 7",
						"/execute @e[type=js:vent_1, tag=vent_se_hallway] ~ ~ ~ tp @a[tag=Vent_User,tag=Vent_Se_Hallway] 30 60 4 facing 31 59 5",
						
						"/execute @e[type=js:vent_2, tag=vent_weapons] ~ ~ ~ tp @a[tag=Vent_User,tag=Vent_Weapons] 29 61 -22 facing 29 54 -17",
						"/execute @e[type=js:vent_2, tag=vent_navi1] ~ ~ ~ tp @a[tag=Vent_User,tag=Vent_Navi1] 45 60 -4 facing 46 54 -3",
						
						"/execute @e[type=js:vent_3, tag=vent_shields] ~ ~ ~ tp @a[tag=Vent_User,tag=Vent_Shields] 30 60 22 facing 30 54 20",
						"/execute @e[type=js:vent_3, tag=vent_navi2] ~ ~ ~ tp @a[tag=Vent_User,tag=Vent_Navi2] 45 60 3 facing 46 54 2",
						
						"/execute @e[type=js:vent_4, tag=vent_electrical] ~ ~ ~ tp @a[tag=Vent_User,tag=Vent_Electrical] -17 60 7 facing -16 54 9",
						"/execute @e[type=js:vent_4, tag=vent_security] ~ ~ ~ tp @a[tag=Vent_User,tag=Vent_Security] -20 60 1 facing -22 54 1",
						"/execute @e[type=js:vent_4, tag=vent_medbay] ~ ~ ~ tp @a[tag=Vent_User,tag=Vent_Medbay] -15 60 -5 facing -13 54 -7",
						
						"/execute @e[type=js:vent_5, tag=vent_lower_engine] ~ ~ ~ tp @a[tag=Vent_User,tag=Vent_Lower_Engine] -29 60 15 facing -30 54 14",
						"/execute @e[type=js:vent_5, tag=vent_reactor1] ~ ~ ~ tp @a[tag=Vent_User,tag=Vent_Reactor1] -43 60 1 facing -44 54 0",
						
						"/execute @e[type=js:vent_6, tag=vent_upper_engine] ~ ~ ~ tp @a[tag=Vent_User,tag=Vent_Upper_Engine] -29 60 -19 facing -30 54 -18",
						"/execute @e[type=js:vent_6, tag=vent_reactor2] ~ ~ ~ tp @a[tag=Vent_User,tag=Vent_Reactor2] -45 60 -7 facing -44 54 -6"
					]
				}
			}
		},
		"controller.animation.vent_1": {
			"initial_state" : "default",
			"states": {
				"default": {
					"transitions": [
						{ "vent_1": "query.is_saddled" }
					]
				},
				"vent_1": {
					"transitions": [
						{
							"default": "!query.is_saddled"
						}
					],
					"on_entry": [
						"/tag @p[tag=Impostor,r=4] add Vent_User",
						"/execute @s[tag=vent_cafe] ~~~ tag @p[tag=Vent_User] add Vent_Cafe",
						"/execute @s[tag=vent_se_hallway] ~~~ tag @p[tag=Vent_User] add Vent_Se_Hallway",
						"/execute @s[tag=vent_admin] ~~~ tag @p[tag=Vent_User] add Vent_Admin",
						"/execute @s[tag=vent_cafe] ~~~ give @p[tag=Vent_User] js:vent_admin",
						"/execute @s[tag=vent_cafe] ~~~ give @p[tag=Vent_User] js:vent_se_hallway",
						"/execute @s[tag=vent_admin] ~~~ give @p[tag=Vent_User] js:vent_cafe",
						"/execute @s[tag=vent_admin] ~~~ give @p[tag=Vent_User] js:vent_se_hallway",
						"/execute @s[tag=vent_se_hallway] ~~~ give @p[tag=Vent_User] js:vent_cafe",
						"/execute @s[tag=vent_se_hallway] ~~~ give @p[tag=Vent_User] js:vent_admin",
						"/give @p[tag=Vent_User] js:exit_vent",
						"/playsound effect.vent.open @a[r=5]"
					]
				}
			}
		},
		"controller.animation.vent_2": {
			"initial_state" : "default",
			"states": {
				"default": {
					"transitions": [
						{ "vent_2": "query.is_saddled" }
					]
				},
				"vent_2": {
					"transitions": [
						{
							"default": "!query.is_saddled"
						}
					],
					"on_entry": [
						"/tag @p[tag=Impostor,r=4] add Vent_User",
						"/execute @s[tag=vent_weapons] ~~~ tag @p[tag=Vent_User] add Vent_Weapons",
						"/execute @s[tag=vent_navi1] ~~~ tag @p[tag=Vent_User] add Vent_Navi1",
						"/execute @s[tag=vent_weapons] ~~~ give @p[tag=Vent_User] js:vent_navi1",
						"/execute @s[tag=vent_navi1] ~~~ give @p[tag=Vent_User] js:vent_weapons",
						"/give @p[tag=Vent_User] js:exit_vent",
						"/playsound effect.vent.open @a[r=5]"
					]
				}
			}
		},
		"controller.animation.vent_3": {
			"initial_state" : "default",
			"states": {
				"default": {
					"transitions": [
						{ "vent_3": "query.is_saddled" }
					]
				},
				"vent_3": {
					"transitions": [
						{
							"default": "!query.is_saddled"
						}
					],
					"on_entry": [
						"/tag @p[tag=Impostor,r=4] add Vent_User",
						"/execute @s[tag=vent_shields] ~~~ tag @p[tag=Vent_User] add Vent_Shields",
						"/execute @s[tag=vent_navi2] ~~~ tag @p[tag=Vent_User] add Vent_Navi2",
						"/execute @s[tag=vent_shields] ~~~ give @p[tag=Vent_User] js:vent_navi2",
						"/execute @s[tag=vent_navi2] ~~~ give @p[tag=Vent_User] js:vent_shields",
						"/give @p[tag=Vent_User] js:exit_vent",
						"/playsound effect.vent.open @a[r=5]"
					]
				}
			}
		},
		"controller.animation.vent_4": {
			"initial_state" : "default",
			"states": {
				"default": {
					"transitions": [
						{ "vent_4": "query.is_saddled" }
					]
				},
				"vent_4": {
					"transitions": [
						{
							"default": "!query.is_saddled"
						}
					],
					"on_entry": [
						"/tag @p[tag=Impostor,r=4] add Vent_User",
						"/execute @s[tag=vent_electrical] ~~~ tag @p[tag=Vent_User] add Vent_Electrical",
						"/execute @s[tag=vent_security] ~~~ tag @p[tag=Vent_User] add Vent_Security",
						"/execute @s[tag=vent_medbay] ~~~ tag @p[tag=Vent_User] add Vent_Medbay",
						
						"/execute @s[tag=vent_electrical] ~~~ give @p[tag=Vent_User] js:vent_security",
						"/execute @s[tag=vent_electrical] ~~~ give @p[tag=Vent_User] js:vent_medbay",
						
						"/execute @s[tag=vent_security] ~~~ give @p[tag=Vent_User] js:vent_electrical",
						"/execute @s[tag=vent_security] ~~~ give @p[tag=Vent_User] js:vent_medbay",
						
						"/execute @s[tag=vent_medbay] ~~~ give @p[tag=Vent_User] js:vent_electrical",
						"/execute @s[tag=vent_medbay] ~~~ give @p[tag=Vent_User] js:vent_security",
						
						"/give @p[tag=Vent_User] js:exit_vent",
						"/playsound effect.vent.open @a[r=5]"
					]
				}
			}
		},
		"controller.animation.vent_5": {
			"initial_state" : "default",
			"states": {
				"default": {
					"transitions": [
						{ "vent_5": "query.is_saddled" }
					]
				},
				"vent_5": {
					"transitions": [
						{
							"default": "!query.is_saddled"
						}
					],
					"on_entry": [
						"/tag @p[tag=Impostor,r=4] add Vent_User",
						"/execute @s[tag=vent_lower_engine] ~~~ tag @p[tag=Vent_User] add Vent_Lower_Engine",
						"/execute @s[tag=vent_reactor1] ~~~ tag @p[tag=Vent_User] add Vent_Reactor1",
						
						"/execute @s[tag=vent_lower_engine] ~~~ give @p[tag=Vent_User] js:vent_reactor1",
						"/execute @s[tag=vent_reactor1] ~~~ give @p[tag=Vent_User] js:vent_lower_engine",
						
						"/give @p[tag=Vent_User] js:exit_vent",
						"/playsound effect.vent.open @a[r=5]"
					]
				}
			}
		},
		"controller.animation.vent_6": {
			"initial_state" : "default",
			"states": {
				"default": {
					"transitions": [
						{ "vent_6": "query.is_saddled" }
					]
				},
				"vent_6": {
					"transitions": [
						{
							"default": "!query.is_saddled"
						}
					],
					"on_entry": [
						"/tag @p[tag=Impostor,r=4] add Vent_User",
						"/execute @s[tag=vent_upper_engine] ~~~ tag @p[tag=Vent_User] add Vent_Upper_Engine",
						"/execute @s[tag=vent_reactor2] ~~~ tag @p[tag=Vent_User] add Vent_Reactor2",
						
						"/execute @s[tag=vent_upper_engine] ~~~ give @p[tag=Vent_User] js:vent_reactor2",
						"/execute @s[tag=vent_reactor2] ~~~ give @p[tag=Vent_User] js:vent_upper_engine",
						
						"/give @p[tag=Vent_User] js:exit_vent",
						"/playsound effect.vent.open @a[r=5]"
					]
				}
			}
		}
	}
}