{
    "format_version": "1.10.0",
	"animation_controllers": {
		"controller.animation.elevator_music": {
			"initial_state" : "default",
			"states": {
				"default": {
					"transitions": [
						{ "elevator_music": "!query.is_alive" }
					]
				},
				"elevator_music": {
					"on_entry": [
						"/stopsound @a music.elevator"
					]
				}
			}
		},
		"controller.animation.sellout_lol": {
			"initial_state" : "default",
			"states": {
				"default": {
					"transitions": [
						{ "sellout_lol": "query.variant == 0" }
					]
				},
				"sellout_lol": {
					"transitions": [
						{
							"default": "query.variant == 1"
						},
						{
							"sellout_yes": "variable.random == 0"
						}
					],
					"on_entry": [
						"variable.random = math.round(math.random(0,1));"
					]
				},
				"sellout_yes": {
					"transitions": [
						{
							"default": "query.variant == 1"
						}
					],
					"on_entry": [
						"/function sellout_lol"
					]
				}
			}
		},
		"controller.animation.machine.rotate": {
			"initial_state" : "default",
			"states": {
				"default": {
					"transitions": [
						{ "rotate": "query.is_saddled" }
					]
				},
				"rotate": {
					"transitions": [
						{
							"default": "1.0"
						}
					],
					"on_entry": [
						"/tp @s ~~~ ~10"
					]
				}
			}
		},
		"controller.animation.emergency_button": {
			"initial_state" : "default",
			"states": {
				"default": {
					"transitions": [
						{ "emergency_button": "query.is_saddled == 1" }
					]
				},
				"emergency_button": {
					"transitions": [
						{
							"default": "query.is_saddled == 0"
						}
					],
					"on_entry": [
						"/execute @p[scores={EMeeting=1..},tag=Crewmate,tag=!Crewmate_Dead] ~~~ function game/emergency_meeting",
						"/execute @p[scores={EMeeting=0},tag=Crewmate,tag=!Crewmate_Dead] ~~~ function game/emergency_no"
					]
				}
			}
		}
	}
}