{
    "format_version": "1.10.0",
	"animation_controllers": {
		"controller.animation.meeting_cooldown": {
			"initial_state" : "default",
			"states": {
				"default": {
					"transitions": [
						{ "vote_timer": "query.is_alive" }
					]
				},
				"vote_timer": {
					"transitions": [
						{
							"default": "!query.is_alive"
						}
					],
					"on_entry": [
						"/effect @s fatal_posion 121 0 true"
					],
					"on_exit": [
						"/function game/meeting_cooldown_finished"
					]
				}
			}
		}
	}
}