{
    "format_version": "1.10.0",
	"animation_controllers": {
		"controller.animation.fix_wiring_interacted": {
			"initial_state" : "default",
			"states": {
				"default": {
					"transitions": [
						{ "fix_wiring": "query.is_saddled" }
					]
				},
				"fix_wiring": {
					"transitions": [
						{
							"default": "1.0"
						}
					],
					"on_entry": [
						"/execute @p[tag=task1, tag=!Impostor,r=4] ~~~ function tasks/fix_wiring_electrical_1",
						"/tag @s add in_use"
					]
				}
			}
		},
		"controller.animation.fix_wiring_interacted2": {
			"initial_state" : "default",
			"states": {
				"default": {
					"transitions": [
						{ "fix_wiring": "query.is_saddled" }
					]
				},
				"fix_wiring": {
					"transitions": [
						{
							"default": "1.0"
						}
					],
					"on_entry": [
						"/execute @p[tag=task2, tag=!Impostor,r=4] ~~~ function tasks/fix_wiring_electrical_2",
						"/tag @s add in_use"
					]
				}
			}
		},
		"controller.animation.fix_wiring_interacted3": {
			"initial_state" : "default",
			"states": {
				"default": {
					"transitions": [
						{ "fix_wiring": "query.is_saddled" }
					]
				},
				"fix_wiring": {
					"transitions": [
						{
							"default": "1.0"
						}
					],
					"on_entry": [
						"/execute @p[tag=task3, tag=!Impostor,r=4] ~~~ function tasks/fix_wiring_electrical_3",
						"/tag @s add in_use"
					]
				}
			}
		},
		"controller.animation.fix_wiring_interacted4": {
			"initial_state" : "default",
			"states": {
				"default": {
					"transitions": [
						{ "fix_wiring": "query.is_saddled" }
					]
				},
				"fix_wiring": {
					"transitions": [
						{
							"default": "1.0"
						}
					],
					"on_entry": [
						"/execute @p[tag=task4, tag=!Impostor,r=4] ~~~ function tasks/fix_wiring_electrical_4",
						"/tag @s add in_use"
					]
				}
			}
		},
		"controller.animation.fix_wiring_interacted5": {
			"initial_state" : "default",
			"states": {
				"default": {
					"transitions": [
						{ "fix_wiring": "query.is_saddled" }
					]
				},
				"fix_wiring": {
					"transitions": [
						{
							"default": "1.0"
						}
					],
					"on_entry": [
						"/execute @p[tag=task5, tag=!Impostor,r=4] ~~~ function tasks/fix_wiring_electrical_5",
						"/tag @s add in_use"
					]
				}
			}
		},
		"controller.animation.fix_wiring_interacted6": {
			"initial_state" : "default",
			"states": {
				"default": {
					"transitions": [
						{ "fix_wiring": "query.is_saddled" }
					]
				},
				"fix_wiring": {
					"transitions": [
						{
							"default": "1.0"
						}
					],
					"on_entry": [
						"/execute @p[tag=task6, tag=!Impostor,r=4] ~~~ function tasks/fix_wiring_electrical_6",
						"/tag @s add in_use"
					]
				}
			}
		},
		"controller.animation.align_engine": {
			"initial_state" : "default",
			"states": {
				"default": {
					"transitions": [
						{ "align_engine": "query.is_saddled" }
					]
				},
				"align_engine": {
					"transitions": [
						{
							"default": "1.0"
						}
					],
					"on_entry": [
						"/execute @p[tag=task7, tag=!Impostor,r=4] ~~~ title @s title Aligning Engine (2s)",
						"/execute @p[tag=task7, tag=!Impostor,r=4] ~~~ function tasks/align_engine"
					]
				}
			}
		},
		"controller.animation.align_engine2": {
			"initial_state" : "default",
			"states": {
				"default": {
					"transitions": [
						{ "align_engine2": "query.is_saddled" }
					]
				},
				"align_engine2": {
					"transitions": [
						{
							"default": "1.0"
						}
					],
					"on_entry": [
						"/execute @p[tag=task8, tag=!Impostor,r=4] ~~~ title @s title Aligning Engine (2s)",
						"/execute @p[tag=task8, tag=!Impostor,r=4] ~~~ function tasks/align_engine2"
					]
				}
			}
		},
		"controller.animation.fuel_tank": {
			"initial_state" : "default",
			"states": {
				"default": {
					"transitions": [
						{ "fuel_tank": "query.is_saddled" }
					]
				},
				"fuel_tank": {
					"transitions": [
						{
							"default": "!query.is_saddled"
						}
					],
					"animations": [
						"fuel_tank_anim"
					],
					"on_entry": [
						"/playsound effect.game.panel_generic_appear @p[tag=task9,r=4]",
						"/execute @p[tag=task9, tag=!Impostor,r=4] ~~~ effect @s slowness 8 255 true"
					],
					"on_exit": [
						"/execute @p[tag=task9, tag=!Impostor,r=4] ~~~ function tasks/fuel_engine_give_fuel"
					]
				}
			}
		},
		"controller.animation.fuel_engine": {
			"initial_state" : "default",
			"states": {
				"default": {
					"transitions": [
						{ "fuel_engine": "query.is_saddled" }
					]
				},
				"fuel_engine": {
					"transitions": [
						{
							"default": "1.0"
						}
					],
					"on_entry": [
						"/playsound effect.game.panel_generic_appear @p[tag=task9_done_half,r=4]",
						"/execute @p[tag=task9_done_half, tag=!Impostor,r=4] ~~~ function tasks/fuel_engine"
					]
				}
			}
		},
		"controller.animation.lever": {
			"initial_state" : "default",
			"states": {
				"default": {
					"transitions": [
						{ "lever": "query.is_saddled" }
					]
				},
				"lever": {
					"transitions": [
						{
							"default": "!query.is_saddled"
						}
					],
					"on_entry": [
						"/execute @p[tag=task10, tag=!Impostor,r=4] ~~~ effect @s slowness 2 255 true",
						"/execute @p[tag=task10, tag=!Impostor,r=4] ~~~ playsound effect.game.garbage @s",
						"/execute @p[tag=task10, tag=!Impostor,r=4] ~~~ title @s title Clearing Trash (2s)"
					],
					"on_exit": [
						"/execute @p[tag=task10, tag=!Impostor,r=4] ~~~ function tasks/clear_trash"
					]
				}
			}
		},
		"controller.animation.lever2": {
			"initial_state" : "default",
			"states": {
				"default": {
					"transitions": [
						{ "lever": "query.is_saddled" }
					]
				},
				"lever": {
					"transitions": [
						{
							"default": "!query.is_saddled"
						}
					],
					"on_entry": [
						"/execute @p[tag=task11, tag=!Impostor,r=4] ~~~ effect @s slowness 2 255 true",
						"/execute @p[tag=task11, tag=!Impostor,r=4] ~~~ playsound effect.game.garbage @s",
						"/execute @p[tag=task11, tag=!Impostor,r=4] ~~~ title @s title Clearing Trash (2s)"
					],
					"on_exit": [
						"/execute @p[tag=task11, tag=!Impostor,r=4] ~~~ function tasks/clear_trash2"
					]
				}
			}
		},
		"controller.animation.prime_shields": {
			"initial_state" : "default",
			"states": {
				"default": {
					"transitions": [
						{ "prime_shields": "query.is_saddled" }
					]
				},
				"prime_shields": {
					"transitions": [
						{
							"default": "!query.is_saddled"
						}
					],
					"on_exit": [
						"/execute @p[tag=task12, tag=!Impostor,r=4] ~~~ function tasks/prime_shields",
						"/tag @s remove Primed"
					],
					"on_entry": [
						"/execute @p[tag=task12, tag=!Impostor,r=4] ~~~ function tasks/prime_shields_start"
					]
				}
			}
		},
		"controller.animation.lever3": {
			"initial_state" : "default",
			"states": {
				"default": {
					"transitions": [
						{ "lever": "query.is_saddled" }
					]
				},
				"lever": {
					"transitions": [
						{
							"default": "!query.is_saddled"
						}
					],
					"on_entry": [
						"/execute @p[tag=task13, tag=!Impostor,r=4] ~~~ effect @s slowness 2 255 true",
						"/execute @p[tag=task13, tag=!Impostor,r=4] ~~~ playsound effect.game.garbage @s",
						"/execute @p[tag=task13, tag=!Impostor,r=4] ~~~ title @s title Clearing Trash (2s)"
					],
					"on_exit": [
						"/execute @p[tag=task13, tag=!Impostor,r=4] ~~~ function tasks/clear_trash3"
					]
				}
			}
		},
		"controller.animation.swipe_card": {
			"initial_state" : "default",
			"states": {
				"default": {
					"transitions": [
						{ "swipe_card": "query.is_saddled" }
					]
				},
				"swipe_card": {
					"transitions": [
						{
							"default": "!query.is_saddled"
						}
					],
					"on_exit": [
						"/execute @p[tag=task14, tag=!Impostor,r=4] ~~~ function tasks/swipe_card",
						"/tag @s remove Swiped"
					],
					"on_entry": [
						"/execute @p[tag=task14, tag=!Impostor,r=4] ~~~ function tasks/swipe_card_start",
						"/playsound effect.game.panel_generic_appear @p[tag=task14,r=4]"
					]
				}
			}
		},
		//Download and Upload are flipped in-game
		"controller.animation.upload_data": {
			"initial_state" : "default",
			"states": {
				"default": {
					"transitions": [
						{ "upload_data": "query.is_saddled" }
					]
				},
				"upload_data": {
					"transitions": [
						{
							"default": "!query.is_saddled"
						}
					],
					"animations": [
						"upload_data_anim"
					],
					"on_entry": [
						"/playsound effect.game.panel_generic_appear @p[tag=task15,r=4]"
					],
					"on_exit": [
						"/execute @p[tag=task15, tag=!Impostor,r=4] ~~~ function tasks/upload_data_task15"
					]
				}
			}
		},
		"controller.animation.upload_data2": {
			"initial_state" : "default",
			"states": {
				"default": {
					"transitions": [
						{ "upload_data": "query.is_saddled" }
					]
				},
				"upload_data": {
					"transitions": [
						{
							"default": "!query.is_saddled"
						}
					],
					"animations": [
						"upload_data_anim"
					],
					"on_entry": [
						"/playsound effect.game.panel_generic_appear @p[tag=task16,r=4]"
					],
					"on_exit": [
						"/execute @p[tag=task16, tag=!Impostor,r=4] ~~~ function tasks/upload_data_task16"
					]
				}
			}
		},
		"controller.animation.upload_data3": {
			"initial_state" : "default",
			"states": {
				"default": {
					"transitions": [
						{ "upload_data": "query.is_saddled" }
					]
				},
				"upload_data": {
					"transitions": [
						{
							"default": "!query.is_saddled"
						}
					],
					"animations": [
						"upload_data_anim"
					],
					"on_entry": [
						"/playsound effect.game.panel_generic_appear @p[tag=task17,r=4]"
					],
					"on_exit": [
						"/execute @p[tag=task17, tag=!Impostor,r=4] ~~~ function tasks/upload_data_task17"
					]
				}
			}
		},
		"controller.animation.upload_data4": {
			"initial_state" : "default",
			"states": {
				"default": {
					"transitions": [
						{ "upload_data": "query.is_saddled" }
					]
				},
				"upload_data": {
					"transitions": [
						{
							"default": "!query.is_saddled"
						}
					],
					"animations": [
						"upload_data_anim"
					],
					"on_entry": [
						"/playsound effect.game.panel_generic_appear @p[tag=task18,r=4]"
					],
					"on_exit": [
						"/execute @p[tag=task18, tag=!Impostor,r=4] ~~~ function tasks/upload_data_task18"
					]
				}
			}
		},
		"controller.animation.upload_data5": {
			"initial_state" : "default",
			"states": {
				"default": {
					"transitions": [
						{ "upload_data": "query.is_saddled" }
					]
				},
				"upload_data": {
					"transitions": [
						{
							"default": "!query.is_saddled"
						}
					],
					"animations": [
						"upload_data_anim"
					],
					"on_entry": [
						"/playsound effect.game.panel_generic_appear @p[tag=task19,r=4]"
					],
					"on_exit": [
						"/execute @p[tag=task19, tag=!Impostor,r=4] ~~~ function tasks/upload_data_task19"
					]
				}
			}
		},
		"controller.animation.download_data": {
			"initial_state" : "default",
			"states": {
				"default": {
					"transitions": [
						{ "download_data": "query.is_saddled" }
					]
				},
				"download_data": {
					"transitions": [
						{
							"default": "!query.is_saddled"
						}
					],
					"animations": [
						"download_data_anim"
					],
					"on_entry": [
						"/playsound effect.game.panel_generic_appear @p[tag=task15_done_half,r=4]",
						"/playsound effect.game.panel_generic_appear @p[tag=task16_done_half,r=4]",
						"/playsound effect.game.panel_generic_appear @p[tag=task17_done_half,r=4]",
						"/playsound effect.game.panel_generic_appear @p[tag=task18_done_half,r=4]",
						"/playsound effect.game.panel_generic_appear @p[tag=task19_done_half,r=4]"
					],
					"on_exit": [
						"/execute @p[tag=task15_done_half, tag=!Impostor,r=4] ~~~ function tasks/download_data_task15",
						"/execute @p[tag=task16_done_half, tag=!Impostor,r=4] ~~~ function tasks/download_data_task16",
						"/execute @p[tag=task17_done_half, tag=!Impostor,r=4] ~~~ function tasks/download_data_task17",
						"/execute @p[tag=task18_done_half, tag=!Impostor,r=4] ~~~ function tasks/download_data_task18",
						"/execute @p[tag=task19_done_half, tag=!Impostor,r=4] ~~~ function tasks/download_data_task19"
					]
				}
			}
		},
		"controller.animation.clear_asteroid": {
			"initial_state" : "default",
			"states": {
				"default": {
					"transitions": [
						{ "clear_asteroid": "query.is_saddled" }
					]
				},
				"clear_asteroid": {
					"transitions": [
						{
							"default": "!query.is_saddled"
						}
					],
					"on_entry": [
						"/tag @p[tag=task20,tag=!Impostor,r=10] add doing_weapons",
						"/give @p[tag=task20,tag=!Impostor,r=10] js:weapons",
						"/tag @s add in_use"
					],
					"on_exit": [
						"/scoreboard players reset * Asteroid",
						"/clear @p[tag=!Impostor,r=10] js:weapons",
						"/tag @s remove in_use",
						"/tag @s remove finished",
						"/setblock 32 65 -10 air"
					]
				}
			}
		},
		"controller.animation.clear_asteroid_finish": {
			"initial_state" : "default",
			"states": {
				"default": {
					"transitions": [
						{ "clear_asteroid_finish": "query.is_saddled" }
					]
				},
				"clear_asteroid_finish": {
					"transitions": [
						{
							"default": "(1.0)"
						}
					],
					"on_entry": [
						"/function tasks/clear_asteroid"
					]
				}
			}
		},
		"controller.animation.asteroid_tag": {
			"initial_state" : "default",
			"states": {
				"default": {
					"transitions": [
						{ "asteroid_tag": "query.is_alive" }
					]
				},
				"asteroid_tag": {
					"on_entry": [
						"/scoreboard players add @p[tag=task20, tag=!Impostor,r=10] Asteroid 1"
					]
				}
			}
		},
		"controller.animation.accept_power": {
			"initial_state" : "default",
			"states": {
				"default": {
					"transitions": [
						{ "accept_power": "query.is_saddled" }
					]
				},
				"accept_powerf": {
					"transitions": [
						{
							"default": "!query.is_saddled"
						}
					],
					"on_entry": [
						"/playsound effect.game.panel_generic_appear @p[tag=task21_done_half,r=4]",
						"/title @p[tag=task21_done_half,r=4] title Accepting Power (2s)",
						"/effect @p[tag=task21_done_half,r=4] slowness 2 255 true"
					],
					"on_exit": [
						"/execute @p[tag=task21_done_half, tag=!Impostor,r=4] ~~~ function tasks/accept_power_task21"
					]
				}
			}
		},
		"controller.animation.accept_power2": {
			"initial_state" : "default",
			"states": {
				"default": {
					"transitions": [
						{ "accept_power": "query.is_saddled" }
					]
				},
				"accept_powerf": {
					"transitions": [
						{
							"default": "!query.is_saddled"
						}
					],
					"on_entry": [
						"/playsound effect.game.panel_generic_appear @p[tag=task22_done_half,r=4]",
						"/title @p[tag=task22_done_half,r=4] title Accepting Power (2s)",
						"/effect @p[tag=task22_done_half,r=4] slowness 2 255 true"
					],
					"on_exit": [
						"/execute @p[tag=task22_done_half, tag=!Impostor,r=4] ~~~ function tasks/accept_power_task22"
					]
				}
			}
		},
		"controller.animation.accept_power3": {
			"initial_state" : "default",
			"states": {
				"default": {
					"transitions": [
						{ "accept_power": "query.is_saddled" }
					]
				},
				"accept_powerf": {
					"transitions": [
						{
							"default": "!query.is_saddled"
						}
					],
					"on_entry": [
						"/playsound effect.game.panel_generic_appear @p[tag=task23_done_half,r=4]",
						"/title @p[tag=task23_done_half,r=4] title Accepting Power (2s)",
						"/effect @p[tag=task23_done_half,r=4] slowness 2 255 true"
					],
					"on_exit": [
						"/execute @p[tag=task23_done_half, tag=!Impostor,r=4] ~~~ function tasks/accept_power_task23"
					]
				}
			}
		},
		"controller.animation.accept_power4": {
			"initial_state" : "default",
			"states": {
				"default": {
					"transitions": [
						{ "accept_power": "query.is_saddled" }
					]
				},
				"accept_powerf": {
					"transitions": [
						{
							"default": "!query.is_saddled"
						}
					],
					"on_entry": [
						"/playsound effect.game.panel_generic_appear @p[tag=task24_done_half,r=4]",
						"/title @p[tag=task24_done_half,r=4] title Accepting Power (2s)",
						"/effect @p[tag=task24_done_half,r=4] slowness 2 255 true"
					],
					"on_exit": [
						"/execute @p[tag=task24_done_half, tag=!Impostor,r=4] ~~~ function tasks/accept_power_task24"
					]
				}
			}
		},
		"controller.animation.accept_power5": {
			"initial_state" : "default",
			"states": {
				"default": {
					"transitions": [
						{ "accept_power": "query.is_saddled" }
					]
				},
				"accept_powerf": {
					"transitions": [
						{
							"default": "!query.is_saddled"
						}
					],
					"on_entry": [
						"/playsound effect.game.panel_generic_appear @p[tag=task25_done_half,r=4]",
						"/title @p[tag=task25_done_half,r=4] title Accepting Power (2s)",
						"/effect @p[tag=task25_done_half,r=4] slowness 2 255 true"
					],
					"on_exit": [
						"/execute @p[tag=task25_done_half, tag=!Impostor,r=4] ~~~ function tasks/accept_power_task25"
					]
				}
			}
		},
		"controller.animation.accept_power6": {
			"initial_state" : "default",
			"states": {
				"default": {
					"transitions": [
						{ "accept_power": "query.is_saddled" }
					]
				},
				"accept_powerf": {
					"transitions": [
						{
							"default": "!query.is_saddled"
						}
					],
					"on_entry": [
						"/playsound effect.game.panel_generic_appear @p[tag=task26_done_half,r=4]",
						"/title @p[tag=task26_done_half,r=4] title Accepting Power (2s)",
						"/effect @p[tag=task26_done_half,r=4] slowness 2 255 true"
					],
					"on_exit": [
						"/execute @p[tag=task26_done_half, tag=!Impostor,r=4] ~~~ function tasks/accept_power_task26"
					]
				}
			}
		},
		"controller.animation.accept_power7": {
			"initial_state" : "default",
			"states": {
				"default": {
					"transitions": [
						{ "accept_power": "query.is_saddled" }
					]
				},
				"accept_powerf": {
					"transitions": [
						{
							"default": "!query.is_saddled"
						}
					],
					"on_entry": [
						"/playsound effect.game.panel_generic_appear @p[tag=task27_done_half,r=4]",
						"/title @p[tag=task27_done_half,r=4] title Accepting Power (2s)",
						"/effect @p[tag=task27_done_half,r=4] slowness 2 255 true"
					],
					"on_exit": [
						"/execute @p[tag=task27_done_half, tag=!Impostor,r=4] ~~~ function tasks/accept_power_task27"
					]
				}
			}
		},
		"controller.animation.accept_power8": {
			"initial_state" : "default",
			"states": {
				"default": {
					"transitions": [
						{ "accept_power": "query.is_saddled" }
					]
				},
				"accept_powerf": {
					"transitions": [
						{
							"default": "!query.is_saddled"
						}
					],
					"on_entry": [
						"/playsound effect.game.panel_generic_appear @p[tag=task28_done_half,r=4]",
						"/title @p[tag=task28_done_half,r=4] title Accepting Power (2s)",
						"/effect @p[tag=task28_done_half,r=4] slowness 2 255 true"
					],
					"on_exit": [
						"/execute @p[tag=task28_done_half, tag=!Impostor,r=4] ~~~ function tasks/accept_power_task28"
					]
				}
			}
		},
		"controller.animation.divert_power": {
			"initial_state" : "default",
			"states": {
				"default": {
					"transitions": [
						{ "divert_power": "query.is_saddled" }
					]
				},
				"divert_power": {
					"transitions": [
						{
							"default": "!query.is_saddled"
						}
					],
					"on_entry": [
						"/playsound effect.game.panel_generic_appear @p[tag=task21_done_half,r=4]",
						"/playsound effect.game.panel_generic_appear @p[tag=task22_done_half,r=4]",
						"/playsound effect.game.panel_generic_appear @p[tag=task23_done_half,r=4]",
						"/playsound effect.game.panel_generic_appear @p[tag=task24_done_half,r=4]",
						"/playsound effect.game.panel_generic_appear @p[tag=task25_done_half,r=4]",
						"/playsound effect.game.panel_generic_appear @p[tag=task26_done_half,r=4]",
						"/playsound effect.game.panel_generic_appear @p[tag=task27_done_half,r=4]",
						"/playsound effect.game.panel_generic_appear @p[tag=task28_done_half,r=4]"
					],
					"on_exit": [
						"/execute @p[tag=task21, tag=!Impostor,r=4] ~~~ function tasks/divert_power_task21",
						"/execute @p[tag=task22, tag=!Impostor,r=4] ~~~ function tasks/divert_power_task22",
						"/execute @p[tag=task23, tag=!Impostor,r=4] ~~~ function tasks/divert_power_task23",
						"/execute @p[tag=task24, tag=!Impostor,r=4] ~~~ function tasks/divert_power_task24",
						"/execute @p[tag=task25, tag=!Impostor,r=4] ~~~ function tasks/divert_power_task25",
						"/execute @p[tag=task26, tag=!Impostor,r=4] ~~~ function tasks/divert_power_task26",
						"/execute @p[tag=task27, tag=!Impostor,r=4] ~~~ function tasks/divert_power_task27",
						"/execute @p[tag=task28, tag=!Impostor,r=4] ~~~ function tasks/divert_power_task28"
					]
				}
			}
		},
		"controller.animation.unlock_manifolds": {
			"initial_state" : "default",
			"states": {
				"default": {
					"transitions": [
						{ "unlock_manifolds": "query.is_saddled" }
					]
				},
				"unlock_manifolds": {
					"transitions": [
						{
							"default": "1.0"
						}
					],
					"on_entry": [
						"/execute @p[tag=task29, tag=!Impostor,r=4] ~~~ function tasks/unlock_manifolds",
						"/tag @s add in_use"
					]
				}
			}
		},
		"controller.animation.start_reactor": {
			"initial_state" : "default",
			"states": {
				"default": {
					"transitions": [
						{ "start_reactor": "query.is_saddled" }
					]
				},
				"start_reactor": {
					"transitions": [
						{
							"default": "1.0"
						}
					],
					"on_entry": [
						"/execute @p[tag=task30, tag=!Impostor,r=4] ~~~ function tasks/start_reactor",
						"/tag @s add in_use"
					]
				}
			}
		},
		"controller.animation.scan": {
			"initial_state" : "default",
			"states": {
				"default": {
					"transitions": [
						{ "scan": "query.is_saddled" }
					]
				},
				"scan": {
					"transitions": [
						{
							"default": "!query.is_saddled"
						}
					],
					"animations": [
						"scan_anim"
					],
					"on_entry": [
						"/tag @s add in_use"
					],
					"on_exit": [
						"/execute @p[tag=task31, tag=!Impostor,r=4] ~~~ function tasks/scan_done"
					]
				}
			}
		},
		"controller.animation.calibrate_distributor": {
			"initial_state" : "default",
			"states": {
				"default": {
					"transitions": [
						{ "lever": "query.is_saddled" }
					]
				},
				"lever": {
					"transitions": [
						{
							"default": "!query.is_saddled"
						}
					],
					"on_entry": [
						"/execute @p[tag=task32, tag=!Impostor,r=4] ~~~ effect @s slowness 2 255 true",
						"/execute @p[tag=task32, tag=!Impostor,r=4] ~~~ playsound effect.game.calibrate_distributor @s",
						"/execute @p[tag=task32, tag=!Impostor,r=4] ~~~ title @s title Calibrating Distributor (2s)"
					],
					"on_exit": [
						"/execute @p[tag=task32, tag=!Impostor,r=4] ~~~ function tasks/calibrate_distributor"
					]
				}
			}
		},
		"controller.animation.stabilize_steering": {
			"initial_state" : "default",
			"states": {
				"default": {
					"transitions": [
						{ "lever": "query.is_saddled" }
					]
				},
				"lever": {
					"transitions": [
						{
							"default": "!query.is_saddled"
						}
					],
					"on_entry": [
						"/execute @p[tag=task33, tag=!Impostor,r=4] ~~~ effect @s slowness 2 255 true",
						"/execute @p[tag=task33, tag=!Impostor,r=4] ~~~ playsound effect.game.panel_generic_appear @s",
						"/execute @p[tag=task33, tag=!Impostor,r=4] ~~~ title @s title Stabilizing Steering (2s)"
					],
					"on_exit": [
						"/execute @p[tag=task33, tag=!Impostor,r=4] ~~~ function tasks/stabilize_steering"
					]
				}
			}
		},
		"controller.animation.inspect_sample": {
			"initial_state" : "default",
			"states": {
				"default": {
					"transitions": [
						{ "inspect_sample": "query.is_saddled" }
					]
				},
				"inspect_sample": {
					"transitions": [
						{
							"default": "1.0"
						}
					],
					"on_entry": [
						"/execute @p[tag=task34, tag=!Impostor,r=4, tag=!inspect_sample_wait] ~~~ function tasks/inspect_sample",
						"/execute @p[tag=task34, tag=!Impostor,r=4, scores={InspectSample=1}] ~~~ function tasks/inspect_sample_done"
					]
				}
			}
		},
		"controller.animation.chart_course": {
			"initial_state" : "default",
			"states": {
				"default": {
					"transitions": [
						{ "chart_course": "query.is_saddled" }
					]
				},
				"chart_course": {
					"transitions": [
						{
							"default": "1.0"
						}
					],
					"on_entry": [
						"/execute @p[tag=task35, tag=!Impostor,r=4] ~~~ title @s title Charting Course (2s)",
						"/execute @p[tag=task35, tag=!Impostor,r=4] ~~~ function tasks/chart_course"
					]
				}
			}
		},
		"controller.animation.cleano2": {
			"initial_state" : "default",
			"states": {
				"default": {
					"transitions": [
						{ "cleano2": "query.is_saddled" }
					]
				},
				"cleano2": {
					"transitions": [
						{
							"default": "1.0"
						}
					],
					"on_entry": [
						"/execute @p[tag=task36, tag=!Impostor,r=4] ~~~ function tasks/cleano2",
						"/tag @s add in_use"
					]
				}
			}
		}
	}
}