{
	"format_version": "1.8.0",
	"animations": {
		"animation.asteroid.general1": {
			"loop": true,
			"bones": {
				"waist": {
					"rotation": [0, "query.anim_time * 360", 0]
				}
			}
		},
		"animation.asteroid.general2": {
			"loop": true,
			"bones": {
				"waist": {
					"rotation": [0, "query.anim_time * 150", 0]
				}
			}
		},
		"animation.asteroid.general3": {
			"loop": true,
			"bones": {
				"waist": {
					"rotation": [0, "query.anim_time * 200", 0]
				}
			}
		},
		"animation.asteroid.general4": {
			"loop": true,
			"bones": {
				"waist": {
					"rotation": [0, "query.anim_time * 80", 0]
				}
			}
		}
	}
}