{
	"format_version": "1.8.0",
	"animations": {
		"animation.crewmate.general": {
			"loop": true,
			"bones": {
				"body": {
					"rotation": ["math.cos(query.anim_time * 120) * 2", 0, 0],
					"position": [0, "-0.5+math.cos(query.anim_time * 120) * 0.5", 0]
				},
				"mango": {
					"rotation": ["2+math.cos(query.anim_time * 120) * -4", 0, 0]
				}
			}
		},
		"animation.crewmate.attack_old": {
			"animation_length": 1.12,
			"bones": {
				"body": {
					"rotation": {
						"0.0": [0, 0, 0],
						"0.36": [0, 0, 0],
						"0.6": [0, 0, 0],
						"0.8": [0, 0, 0],
						"1.04": [0, 0, 0]
					}
				},
				"hand": {
					"rotation": {
						"0.0": [0, 0, 0],
						"0.36": [-100, -67.5, -25],
						"0.52": [-95, -115, -45],
						"0.6": [-95, -115, -45],
						"0.64": [-105, 62.5, -30],
						"0.8": [-105, 87.5, -37.5],
						"1.04": [0, 0, 0]
					},
					"position": {
						"0.0": [0, 0, 0],
						"0.36": [11, 3, 0],
						"0.52": [11, 3.7, 2.3],
						"0.6": [11, 3.7, 2.3],
						"0.64": [7, -4.3, -9.7],
						"0.8": [4, -4.3, -9.7],
						"1.04": [0, 0, 0]
					},
					"scale": {
						"0.0": [1, 1, 1],
						"0.36": [2, 2, 2],
						"0.8": [2, 2, 2],
						"0.88": [0, 0, 0]
					}
				},
				"bone4": {
					"rotation": {
						"0.0": [0, 0, 0],
						"0.36": [-17.5, 0, -17.5],
						"0.6": [-17.5, 0, -17.5],
						"0.64": [-17.5, 0, 22.5],
						"0.8": [-17.5, 0, -17.5],
						"0.84": [-17.5, 0, 22.5],
						"1.04": [0, 0, 0]
					}
				},
				"bone6": {
					"rotation": {
						"0.0": [0, 0, 0],
						"0.36": [0, 0, -32.5],
						"0.6": [0, 0, -32.5],
						"0.64": [0, 0, 2.5],
						"0.8": [0, 0, -32.5],
						"0.84": [0, 0, 2.5],
						"1.04": [0, 0, 0]
					}
				},
				"bone8": {
					"rotation": {
						"0.0": [0, 0, 0],
						"0.36": [27.5, 0, -27.5],
						"0.6": [27.5, 0, -27.5],
						"0.64": [27.5, 0, 15],
						"0.8": [27.5, 0, -27.5],
						"0.84": [27.5, 0, 15],
						"1.04": [0, 0, 0]
					}
				}
			}
		},
		"animation.crewmate.run": {
			"loop": true,
			"animation_length": 0.96,
			"anim_time_update": "query.modified_distance_moved * 0.08",
			"bones": {
				"waist": {
					"position": {
						"0.0": [0, 3.5, 0],
						"0.24": [0, 0, 0],
						"0.48": [0, 3.5, 0],
						"0.72": [0, 0, 0],
						"0.96": [0, 3.5, 0]
					},
					"scale": {
						"0.0": [1, 1, 1],
						"0.24": [1, 0.9, 1],
						"0.48": [1, 1, 1],
						"0.72": [1, 0.9, 1],
						"0.96": [1, 1, 1]
					}
				},
				"rightLeg": {
					"rotation": {
						"0.0": [55, 0, 0],
						"0.24": [30.5, 0, 0],
						"0.48": [-47, 0, 0],
						"0.72": [3, 0, 0],
						"0.96": [55, 0, 0]
					},
					"position": {
						"0.0": [0, 0.9, -0.9],
						"0.24": [0, -0.15, -1.05],
						"0.48": [0, 0.15, -0.35],
						"0.72": [0, 0, 0],
						"0.96": [0, 0.9, -0.9]
					},
					"scale": {
						"0.0": [1, 1, 1],
						"0.24": [1, 0.9, 1],
						"0.48": [1, 1.2, 1],
						"0.72": [1, 1, 1],
						"0.96": [1, 1, 1]
					}
				},
				"leftLeg": {
					"rotation": {
						"0.0": [-47.5, 0, 0],
						"0.24": [2.5, 0, 0],
						"0.48": [50, 0, 0],
						"0.72": [61.5, 0, 0],
						"0.96": [-47.5, 0, 0]
					},
					"position": {
						"0.0": [0, 0.2, -0.3],
						"0.24": [0, 0, 0],
						"0.48": [0, 0.3, -0.6],
						"0.72": [0, 1.2, -1.1],
						"0.96": [0, 0.2, -0.3]
					},
					"scale": {
						"0.0": [1, 1.2, 1],
						"0.24": [1, 1, 1],
						"0.48": [1, 1.2, 1],
						"0.72": [1, 1, 1],
						"0.96": [1, 1.2, 1]
					}
				},
				"apple": {
					"position": {
						"0.0": [0, 0, 0],
						"0.2": [0, 1.5, 0],
						"0.24": [0, 0.5, 0],
						"0.28": [0, -0.5, 0],
						"0.48": [0, 0, 0],
						"0.68": [0, 1.5, 0],
						"0.72": [0, 0.5, 0],
						"0.76": [0, -0.5, 0],
						"0.96": [0, 0, 0]
					}
				},
				"backpack2": {
					"position": {
						"0.0": [0, 0, 0],
						"0.16": [0, 0.5, 0],
						"0.2": [0, 0.25, 0],
						"0.24": [0, -0.25, 0],
						"0.44": [0, 0, 0],
						"0.64": [0, 0.5, 0],
						"0.68": [0, 0.25, 0],
						"0.72": [0, -0.25, 0],
						"0.96": [0, 0, 0]
					}
				},
				"backpack": {
					"position": {
						"0.0": [0, 0, 0],
						"0.16": [0, 0.5, 0],
						"0.2": [0, 0.25, 0],
						"0.24": [0, -0.25, 0],
						"0.44": [0, 0, 0],
						"0.64": [0, 0.5, 0],
						"0.68": [0, 0.25, 0],
						"0.72": [0, -0.25, 0],
						"0.96": [0, 0, 0]
					}
				},
				"mango": {
					"rotation": {
						"0.0": [-5, 0, 0],
						"0.16": [5, 0, 0],
						"0.2": [7.5, 0, 0],
						"0.24": [5, 0, 0],
						"0.44": [-5, 0, 0],
						"0.64": [5, 0, 0],
						"0.68": [7.5, 0, 0],
						"0.72": [5, 0, 0],
						"0.96": [-5, 0, 0]
					}
				}
			}
		},
		"animation.crewmate.dead": {
			"loop": "hold_on_last_frame",
			"animation_length": 1.52,
			"bones": {
				"waist": {
					"rotation": {
						"0.0": [5, 0, 0],
						"1.04": [10, 0, 0],
						"1.28": [92.5, 0, 0],
						"1.4": [95, 0, 0],
						"1.52": [92.5, 0, 0]
					},
					"position": {
						"0.0": [0, 0, 1],
						"1.04": [0, 0, 2],
						"1.28": [0, 4, 3],
						"1.4": [0, 5.1, 2],
						"1.52": [0, 4, 2]
					}
				},
				"rightLeg": {
					"rotation": {
						"0.0": [-5, 0, 0],
						"1.04": [-15, 0, 0],
						"1.32": [27.5, 0, 0],
						"1.52": [-17.5, 0, 0]
					}
				},
				"leftLeg": {
					"rotation": {
						"0.0": [-5, 0, 0],
						"1.04": [-12.5, 0, 0],
						"1.32": [30, 0, 0],
						"1.52": [-20, 0, 0]
					}
				},
				"upper_body": {
					"scale": {
						"0.0": [0, 1, 0],
						"1.04": [0, 1, 0]
					}
				},
				"backpack2": {
					"position": {
						"0.0": [0, -0.1, -2],
						"1.04": [0, -0.1, -2]
					}
				},
				"body": {
					"rotation": {
						"0.0": [-2.5, 0, 0],
						"1.04": [-2.5, 0, 0]
					}
				},
				"body2": {
					"rotation": {
						"0.0": [0, 0, 0],
						"1.04": [0, 0, 0]
					}
				}
			}
		},
		"animation.crewmate.dead_invis": {
			"loop": true,
			"bones": {
				"waist": {
					"scale": 0
				}
			}
		},
		"animation.crewmate.sitting": {
			"loop": true,
			"bones": {
				"waist": {
					"rotation": [0, 0, 0],
					"position": [0, -6, 0],
					"scale": 1
				},
				"leftLeg": {
					"rotation": [-90, 0, 0],
					"position": [0, 2.7, -2.6]
				},
				"rightLeg": {
					"rotation": [-90, 0, 0],
					"position": [0, 2.7, -2.6]
				}
			}
		},
		"animation.crewmate.leave_seat": {
			"animation_length": 1.12,
			"anim_time_update": "query.anim_time + query.delta_time*1.5",
			"bones": {
				"waist": {
					"rotation": {
						"0.0": [0, 0, 0],
						"0.24": [-5, 0, 0],
						"0.36": [-6, 0, 0],
						"0.52": [-1, 0, 0],
						"0.68": [-13.5, 0, 0],
						"0.8": [-8.5, 0, 0],
						"0.96": [4, 0, 0],
						"1.12": [0, 0, 0]
					},
					"position": {
						"0.0": [0, -6, 0],
						"0.36": [0, -6, 0],
						"0.52": [0, -6, 0],
						"0.68": [0, 0, 0],
						"0.8": [0, 2, 0],
						"0.96": [0, 0, 0],
						"1.12": [0, 0, 0]
					},
					"scale": {
						"0.0": [1, 1, 1],
						"0.24": [1, 1.1, 0.95],
						"0.36": [1, 1.1, 0.9],
						"0.52": [1, 0.9, 1],
						"0.68": [1, 1, 1],
						"0.96": [1, 0.7, 1],
						"1.12": [1, 1, 1]
					}
				},
				"apple": {
					"position": {
						"0.68": [0, 0, 0],
						"0.8": [0, 1.4, 0.3],
						"0.96": [0, 10.4, 3.3],
						"1.04": [0, 5.4, 0.3],
						"1.12": [0, 0, 0]
					},
					"scale": {
						"0.8": [1, 1, 1],
						"0.96": [1, 1.4, 1],
						"1.04": [1, 1.4, 1],
						"1.12": [1, 1, 1]
					}
				},
				"leftLeg": {
					"rotation": {
						"0.0": [-90, 0, 0],
						"0.24": [-87.5, 0, 0],
						"0.52": [-90, 0, 0],
						"0.68": [-85, 0, 0],
						"0.8": [-60, 0, 0],
						"0.96": [0, 0, 0],
						"1.12": [0, 0, 0]
					},
					"position": {
						"0.0": [0, 2.7, -2.6],
						"0.52": [0, 2.7, -2.6],
						"0.8": [0, 2.7, -2.6],
						"0.96": [0, 0, 0],
						"1.12": [0, 0, 0]
					},
					"scale": {
						"0.52": [1, 1, 1],
						"0.68": [1, 1.3, 1],
						"0.8": [1, 1.3, 1],
						"0.96": [1, 1, 1],
						"1.12": [1, 1, 1]
					}
				},
				"rightLeg": {
					"rotation": {
						"0.0": [-90, 0, 0],
						"0.24": [-87.5, 0, 0],
						"0.52": [-87.5, 0, 0],
						"0.68": [-84.29, 0, 0],
						"0.8": [-60, 0, 0],
						"0.96": [0, 0, 0],
						"1.12": [0, 0, 0]
					},
					"position": {
						"0.0": [0, 2.7, -2.6],
						"0.52": [0, 2.7, -2.6],
						"0.8": [0, 2.7, -2.6],
						"0.96": [0, 0, 0],
						"1.12": [0, 0, 0]
					},
					"scale": {
						"0.52": [1, 1, 1],
						"0.68": [1, 1.3, 1],
						"0.8": [1, 1.3, 1],
						"0.96": [1, 1, 1],
						"1.12": [1, 1, 1]
					}
				}
			}
		},
		"animation.crewmate.no_u": {
			"loop": true,
			"bones": {
				"hand": {
					"rotation": [-90, -2.5, 0],
					"position": [6.5, -1.9, -7.8],
					"scale": 1.5
				},
				"bone6": {
					"rotation": [0, 0, 57.5]
				},
				"bone8": {
					"rotation": [0, 0, 102.5]
				},
				"bone4": {
					"rotation": [0, 0, 2.5]
				},
				"bone10": {
					"rotation": [0, 0, 2.5]
				},
				"bone11": {
					"rotation": [0, 0, 0]
				},
				"bone7": {
					"rotation": [0, 0, 90]
				},
				"bone9": {
					"rotation": [0, 0, 72.5]
				},
				"bone2": {
					"rotation": [0, 0, 35]
				},
				"bone5": {
					"rotation": [0, 0, 95]
				},
				"bone12": {
					"rotation": [15, 10, 55]
				},
				"bone13": {
					"rotation": [75, 0, 0]
				}
			}
		},
		"animation.crewmate.thumbs_up": {
			"loop": true,
			"bones": {
				"hand": {
					"rotation": [-90, -2.5, 0],
					"position": [6.5, -1.9, -7.8],
					"scale": 1.5
				},
				"bone6": {
					"rotation": [0, 0, 57.5]
				},
				"bone8": {
					"rotation": [-2.5, 0, 95]
				},
				"bone4": {
					"rotation": [0, 0, 80]
				},
				"bone10": {
					"rotation": [0, 0, 60]
				},
				"bone11": {
					"rotation": [0, 0, 85]
				},
				"bone7": {
					"rotation": [0, 0, 82.5]
				},
				"bone9": {
					"rotation": [0, 0, 100]
				},
				"bone2": {
					"rotation": [0, 0, 42.5]
				},
				"bone5": {
					"rotation": [0, 0, 100]
				},
				"bone12": {
					"rotation": [-85, 5, 0]
				},
				"bone13": {
					"rotation": [-5, 0, 0]
				}
			}
		},
		"animation.crewmate.thumbs_down": {
			"loop": true,
			"bones": {
				"hand": {
					"rotation": [-90, -2.5, -167.5],
					"position": [6.5, -1.9, -7.8],
					"scale": 1.5
				},
				"bone6": {
					"rotation": [0, 0, 57.5]
				},
				"bone8": {
					"rotation": [-2.5, 0, 95]
				},
				"bone4": {
					"rotation": [0, 0, 80]
				},
				"bone10": {
					"rotation": [0, 0, 60]
				},
				"bone11": {
					"rotation": [0, 0, 85]
				},
				"bone7": {
					"rotation": [0, 0, 82.5]
				},
				"bone9": {
					"rotation": [0, 0, 100]
				},
				"bone2": {
					"rotation": [0, 0, 42.5]
				},
				"bone5": {
					"rotation": [0, 0, 100]
				},
				"bone12": {
					"rotation": [-85, 5, 0]
				},
				"bone13": {
					"rotation": [-5, 0, 0]
				}
			}
		},
		"animation.crewmate.nais": {
			"loop": true,
			"animation_length": 1.6,
			"bones": {
				"hand": {
					"rotation": {
						"0.0": [-92.5, 0, 0],
						"0.32": [-90, 0, 0],
						"0.44": [-100, 0, 0],
						"0.52": [-110, 0, 0],
						"0.64": [-92.5, 0, 0],
						"1.56": [-92.5, 0, 0]
					},
					"position": [6.5, -1.9, -7.8],
					"scale": 1.5
				},
				"bone6": {
					"rotation": [0, 0, 45]
				},
				"bone8": {
					"rotation": [0, 0, 110]
				},
				"bone4": {
					"rotation": [2.5, 0, 2.5]
				},
				"bone11": {
					"rotation": [0, 0, 0]
				},
				"bone7": {
					"rotation": [0, 0, 112.5]
				},
				"bone9": {
					"rotation": [0, 0, 122.5]
				},
				"bone2": {
					"rotation": [0, 0, 47.5]
				},
				"bone5": {
					"rotation": [0, 0, 112.5]
				},
				"bone12": {
					"rotation": [-27.5, 0, 0]
				},
				"bone13": {
					"rotation": [-10, 0, 0]
				},
				"hand2": {
					"rotation": {
						"0.0": [-90, 0, 0],
						"0.12": [-100, 0, 0],
						"0.2": [-110, 0, 0],
						"0.32": [-90, 0, 0],
						"0.48": [-90, 0, 0],
						"1.56": [-90, 0, 0]
					},
					"position": [-6.5, -1.9, -7.8],
					"scale": 1.5
				},
				"bone16": {
					"rotation": [0, 0, -102.5]
				},
				"bone17": {
					"rotation": [0, 0, -60]
				},
				"bone18": {
					"rotation": [0, 0, -117.5]
				},
				"bone19": {
					"rotation": [-20, 0, 0]
				},
				"bone20": {
					"rotation": [-10, 0, 0]
				},
				"bone21": {
					"rotation": [0, 0, -92.5]
				},
				"bone22": {
					"rotation": [0, 0, -65]
				},
				"bone23": {
					"rotation": [0, 0, -110]
				}
			}
		},
		"animation.crewmate.no_emote": {
			"loop": true
		},
		"animation.crewmate.general_mini": {
			"loop": true,
			"bones": {
				"body": {
					"rotation": ["math.cos(query.anim_time * 120) * 2", 0, 0],
					"position": [0, "-0.5+math.cos(query.anim_time * 120) * 0.5", 0],
					"scale": [1, 1, 1.2]
				},
				"mango": {
					"rotation": ["2+math.cos(query.anim_time * 120) * -4", 0, 0]
				},
				"waist": {
					"scale": 0.5
				},
				"backpack": {
					"scale": 0
				},
				"backpack2": {
					"scale": 0
				}
			}
		}
	}
}