{
	"format_version": "1.8.0",
	"animations": {
		"animation.dead_body_reported.general": {
			"animation_length": 10000,
			"bones": {
				"flair": {
					"rotation": {
						"0.0": [0, 0, 35],
						"0.08": [0, 0, 35],
						"0.16": [0, 0, 35],
						"0.2": [0, 0, -15],
						"0.28": [0, 0, -15],
						"0.32": [0, 0, 0],
						"2.08": [0, 0, 0]
					},
					"position": {
						"0.0": [0, -3, 0],
						"0.08": [0, -3, 0],
						"0.16": [0, -3, 0],
						"0.28": [0, -3, 0],
						"0.32": [0, -3.1, 0],
						"2.08": [0, -3.1, 0]
					},
					"scale": {
						"0.0": [2, 0.7, 1],
						"0.08": [2, 0.7, 1],
						"0.16": [2, 0.7, 1],
						"0.2": [1.8, 1.3, 1],
						"0.28": [1.8, 1.3, 1],
						"0.32": [1.6, 1.9, 1],
						"2.08": [1.6, 1.9, 1],
						"2.28": [1.6, 0, 1]
					}
				},
				"red": {
					"position": [0, 0, -0.1],
					"scale": {
						"0.0": [1.5, 2.9, 1],
						"0.08": [1, 2.7, 1],
						"0.12": [1, 0, 1]
					}
				},
				"emergency": {
					"rotation": [0, 180, 0],
					"position": {
						"0.32": [-0.1, 0.4, 0],
						"2.08": [-0.1, 0.4, 0]
					},
					"scale": {
						"0.28": [0, 0, 0],
						"0.32": [0.6, 0.6, 0.6],
						"2.08": [0.6, 0.6, 0.6],
						"2.28": [0, 0, 0]
					}
				},
				"press": {
					"rotation": [0, 180, 0],
					"position": {
						"0.32": [0.5, -0.8, 0.4],
						"2.08": [0.5, -0.8, 0.4]
					},
					"scale": {
						"0.28": [0, 0, 0],
						"0.32": [0.65, 0.65, 0.65],
						"2.08": [0.65, 0.65, 0.65],
						"2.28": [0, 0, 0]
					}
				}
			}
		}
	}
}