{
	"format_version": "1.8.0",
	"animations": {
		"animation.death_screen_anim.alien1": {
			"loop": "hold_on_last_frame",
			"animation_length": 2.56,
			"anim_time_update": "query.anim_time + query.delta_time*1.5",
			"bones": {
				"overlay2": {
					"scale": 0.05
				},
				"frame_one": {
					"scale": {
						"0.0": [1, 1, 1],
						"0.16": [1, 1, 1],
						"0.2": [0, 0, 0]
					}
				},
				"frame_one2": {
					"scale": {
						"0.16": [0, 0, 0],
						"0.2": [1, 1, 1],
						"0.32": [1, 1, 1],
						"0.36": [0, 0, 0]
					}
				},
				"frame_one3": {
					"scale": {
						"0.36": [1, 1, 1],
						"0.52": [0, 0, 0]
					}
				},
				"frame_one4": {
					"scale": {
						"0.0": [0, 0, 0],
						"0.52": [1, 1, 1],
						"0.68": [0, 0, 0]
					}
				},
				"frame_one5": {
					"scale": {
						"0.0": [0, 0, 0],
						"0.68": [1, 1, 1],
						"0.84": [1, 1, 1],
						"0.88": [0, 0, 0]
					}
				},
				"frame_one6": {
					"scale": {
						"0.0": [0, 0, 0],
						"0.84": [0, 0, 0],
						"0.88": [1, 1, 1],
						"1.0": [1, 1, 1],
						"1.04": [0, 0, 0]
					}
				},
				"frame_one7": {
					"scale": {
						"0.0": [0, 0, 0],
						"1.04": [1, 1, 1],
						"1.2": [0, 0, 0]
					}
				},
				"frame_one8": {
					"scale": {
						"0.0": [0, 0, 0],
						"1.2": [1, 1, 1],
						"1.36": [0, 0, 0]
					}
				},
				"frame_one9": {
					"scale": {
						"0.0": [0, 0, 0],
						"1.36": [1, 1, 1],
						"1.52": [0, 0, 0]
					}
				},
				"frame_one10": {
					"scale": {
						"0.0": [0, 0, 0],
						"1.52": [1, 1, 1],
						"1.68": [1, 1, 1],
						"1.72": [0, 0, 0]
					}
				},
				"frame_one11": {
					"scale": {
						"0.0": [0, 0, 0],
						"1.68": [0, 0, 0],
						"1.72": [1, 1, 1],
						"1.84": [1, 1, 1],
						"1.88": [0, 0, 0]
					}
				},
				"frame_one12": {
					"scale": {
						"0.0": [0, 0, 0],
						"1.88": [1, 1, 1],
						"2.04": [0, 0, 0]
					}
				},
				"frame_one13": {
					"scale": {
						"0.0": [0, 0, 0],
						"2.04": [1, 1, 1],
						"2.2": [0, 0, 0]
					}
				},
				"frame_one14": {
					"scale": {
						"0.0": [0, 0, 0],
						"2.2": [1, 1, 1],
						"2.36": [1, 1, 1],
						"2.4": [0, 0, 0]
					}
				},
				"frame_one15": {
					"scale": {
						"0.0": [0, 0, 0],
						"2.36": [0, 0, 0],
						"2.4": [1, 1, 1],
						"2.52": [1, 1, 1],
						"2.56": [0, 0, 0]
					}
				}
			}
		}
	}
}