{
	"format_version": "1.8.0",
	"animations": {
		"animation.emergency_button.off": {
			"loop": true,
			"bones": {
				"glass": {
					"rotation": [0, 0, 0]
				}
			}
		},
		"animation.emergency_button.on": {
			"loop": true,
			"bones": {
				"glass": {
					"rotation": [-95, 0, 0]
				}
			}
		},
		"animation.emergency_button.press": {
			"animation_length": 0.96,
			"bones": {
				"glass": {
					"rotation": [-95, 0, 0]
				},
				"button": {
					"position": {
						"0.0": [0, 0, 0],
						"0.24": [0, -1, 0],
						"0.72": [0, -1, 0],
						"0.96": [0, 0, 0]
					}
				}
			}
		}
	}
}