{
	"format_version": "1.8.0",
	"animations": {
		"animation.engine.general": {
			"loop": true,
			"animation_length": 12.88,
			"bones": {
				"middle": {
					"position": [0, "math.sin(query.anim_time * 9000) * 0.1", 0]
				}
			},
			"sound_effects": {
				"0.16": {
					"effect": "engine_steam"
				},
				"1.2": {
					"effect": "engine_steam"
				},
				"3.08": {
					"effect": "engine_steam"
				},
				"4.48": {
					"effect": "engine_steam"
				},
				"5.52": {
					"effect": "engine_steam"
				},
				"7.12": {
					"effect": "engine_steam"
				},
				"9.64": {
					"effect": "engine_steam"
				},
				"0.0": {
					"effect": "engine_room"
				},
				"4.32": {
					"effect": "engine_room"
				},
				"8.56": {
					"effect": "engine_room"
				}
			},
			"particle_effects": {
				"0.12": {
					"effect": "smoke",
					"locator": "smoke1"
				},
				"1.2": {
					"effect": "smoke2",
					"locator": "smoke2"
				},
				"3.08": {
					"effect": "smoke3",
					"locator": "smoke3"
				},
				"4.44": {
					"effect": "smoke",
					"locator": "smoke1"
				},
				"5.52": {
					"effect": "smoke",
					"locator": "smoke3"
				},
				"7.12": {
					"effect": "smoke2",
					"locator": "smoke2"
				},
				"9.68": {
					"effect": "smoke3",
					"locator": "smoke1"
				}
			}
		}
	}
}