{
	"format_version": "1.8.0",
	"animations": {
		"animation.lever.up": {
			"loop": true
		},
		"animation.lever.down": {
			"animation_length": 2.52,
			"bones": {
				"waist": {
					"position": {
						"0.0": ["math.sin(query.anim_time * 10000) * 0.1", "math.sin(query.anim_time * 10000) * 0.1", "math.sin(query.anim_time * 10000) * 0.1"],
						"2.0": ["math.sin(query.anim_time * 10000) * 0.1", "math.sin(query.anim_time * 10000) * 0.1", "math.sin(query.anim_time * 10000) * 0.1"],
						"2.52": [0, 0, 0]
					}
				},
				"lever": {
					"rotation": {
						"0.0": [0, 0, 0],
						"0.52": [105, 0, 0],
						"2.0": [105, 0, 0],
						"2.52": [0, 0, 0]
					}
				}
			}
		}
	}
}