{
	"format_version": "1.8.0",
	"animations": {
		"animation.role_reveal.general": {
			"loop": "hold_on_last_frame",
			"animation_length": 3.56,
			"bones": {
				"overlay": {
					"position": {
						"3.0": [0, 0, 0],
						"3.52": [0, 22, 0]
					},
					"scale": {
						"3.0": [1, 1, 1],
						"3.52": [0, 0, 0]
					}
				},
				"middle": {
					"rotation": {
						"0.68": [0, 0, 0],
						"3.0": [0, 0, 0]
					},
					"position": {
						"0.68": [0, 0, 0],
						"3.0": [0, 0, 0]
					},
					"scale": {
						"0.68": [1, 1, 1],
						"0.76": [1.1, 1.1, 1.05],
						"0.84": [1, 1, 1],
						"3.0": [1, 1, 1]
					}
				},
				"back": {
					"rotation": [0, 0, "query.anim_time * 60"]
				},
				"hand": {
					"rotation": {
						"0.0": [0, 0, -32.5],
						"0.44": [0, 0, 10],
						"0.56": [0, 0, 0]
					},
					"position": {
						"0.0": [-6, 0, 0],
						"0.44": [0.4, 0, 0],
						"0.56": [0, 0, 0]
					}
				},
				"shhh": {
					"rotation": {
						"0.68": [0, 0, 0],
						"3.0": [0, 0, 0]
					},
					"position": {
						"0.68": [0, -2, 0],
						"3.0": [0, -2, 0]
					},
					"scale": {
						"0.0": [0, 0, 0],
						"0.68": [0, 0, 0],
						"0.72": [1.2, 1.2, 1.2],
						"3.0": [1.2, 1.2, 1.2]
					}
				}
			}
		}
	}
}