{
	"format_version": "1.8.0",
	"animations": {
		"animation.scan.idle": {
			"loop": true
		},
		"animation.scan.scanning": {
			"animation_length": 9.92,
			"bones": {
				"scan": {
					"position": {
						"0.0": [0, 0, 0],
						"5.08": [0, 27, 0],
						"6.32": [0, 27, 0],
						"9.48": [0, 2, 0]
					},
					"scale": {
						"0.0": [1, 1, 1],
						"5.08": [1, 1, 1],
						"5.12": [0, 0, 0],
						"5.16": [1, 1, 1],
						"5.32": [1, 1, 1],
						"5.36": [0, 0, 0],
						"5.4": [1, 1, 1],
						"5.48": [1, 1, 1],
						"5.52": [0, 0, 0],
						"5.88": [0, 0, 0],
						"5.92": [1, 1, 1],
						"6.0": [1, 1, 1],
						"6.04": [0, 0, 0],
						"6.08": [1, 1, 1],
						"6.24": [1, 1, 1],
						"6.28": [0, 0, 0],
						"6.32": [1, 1, 1],
						"9.48": [1, 1, 1],
						"9.52": [1, 1, 1],
						"9.6": [1, 1, 1],
						"9.64": [0, 0, 0],
						"9.68": [1, 1, 1],
						"9.84": [1, 1, 1],
						"9.88": [0, 0, 0]
					}
				}
			},
			"sound_effects": {
				"0.0": {
					"effect": "scan"
				}
			}
		}
	}
}