{
	"format_version": "1.8.0",
	"animations": {
		"animation.spacedog.general": {
			"loop": true,
			"animation_length": 2,
			"bones": {
				"waist": {
					"scale": {
						"0.0": [1, 1, 1],
						"1.0": [1, 1.1, 1],
						"2.0": [1, 1, 1]
					}
				},
				"tail": {
					"rotation": {
						"0.0": [0, 0, 0],
						"1.0": [7.5, 0, 0],
						"2.0": [0, 0, 0]
					}
				},
				"bone": {
					"rotation": {
						"0.0": [0, 0, 0],
						"1.0": [0, 0, 12.5],
						"2.0": [0, 0, 0]
					}
				}
			}
		},
		"animation.spacedog.move": {
			"loop": true,
			"animation_length": 2.08,
			"anim_time_update": "query.modified_distance_moved * 0.3",
			"bones": {
				"waist": {
					"rotation": {
						"0.0": [0, 2.5, 0],
						"1.04": [0, -2.5, 0],
						"2.08": [0, 2.5, 0]
					}
				},
				"paw": {
					"rotation": {
						"0.0": [-25, 0, 0],
						"1.04": [25, 0, 0],
						"2.08": [-25, 0, 0]
					}
				},
				"paw2": {
					"rotation": {
						"0.0": [25, 0, 0],
						"1.04": [-25, 0, 0],
						"2.08": [25, 0, 0]
					}
				},
				"paw3": {
					"rotation": {
						"0.0": [-25, 0, 0],
						"1.04": [25, 0, 0],
						"2.08": [-25, 0, 0]
					}
				},
				"paw4": {
					"rotation": {
						"0.0": [25, 0, 0],
						"1.04": [-25, 0, 0],
						"2.08": [25, 0, 0]
					}
				},
				"bone": {
					"rotation": {
						"0.0": [0, 0, 0],
						"1.04": [0, 0, 15],
						"2.08": [0, 0, 0]
					}
				},
				"tail": {
					"rotation": {
						"0.0": [0, 0, 0],
						"1.04": [25, 0, 0],
						"2.08": [0, 0, 0]
					}
				}
			}
		}
	}
}