{
	"format_version": "1.8.0",
	"animations": {
		"animation.vent.use": {
			"loop": "hold_on_last_frame",
			"animation_length": 0.52,
			"bones": {
				"vent": {
					"rotation": {
						"0.0": [0, 0, 0],
						"0.12": [-90, 0, 0],
						"0.4": [-90, 0, 0],
						"0.52": [0, 0, 0]
					},
					"scale": {
						"0.0": [1, 1, 1],
						"0.12": [1, 1, 0.7],
						"0.4": [1, 1, 0.7],
						"0.52": [1, 1, 1]
					}
				}
			}
		},
		"animation.vent.general": {
			"loop": true,
			"bones": {
				"waist": {
					"rotation": [0, "-query.body_y_rotation + math.round(query.body_y_rotation / 45) * 45", 0]
				}
			}
		}
	}
}