{
	"format_version": "1.10.0",
	"particle_effect": {
		"description": {
			"identifier": "js:electric",
			"basic_render_parameters": {
				"material": "particles_blend",
				"texture": "textures/props/elec"
			}
		},
		"components": {
			"minecraft:emitter_local_space": {
				"position": true,
				"rotation": true
			},
			"minecraft:emitter_rate_instant": {
				"num_particles": 1
			},
			"minecraft:emitter_shape_point": {},
			"minecraft:particle_lifetime_expression": {
				"max_lifetime": "0.3 / Math.Random(1, 5) + 0.1"
			},
			"minecraft:particle_initial_speed": 1,
			"minecraft:particle_motion_dynamic": {
				"linear_acceleration": [1, 12, 20],
				"linear_drag_coefficient": 0.3
			},
			"minecraft:particle_appearance_billboard": {
				"size": [1, 1],
				"facing_camera_mode": "rotate_xyz",
				"uv": {
					"texture_width": 64,
					"texture_height": 16,
					"flipbook": {
						"base_UV": [0, 0],
						"size_UV": [16, 64],
						"step_UV": [16, 0],
						"frames_per_second": 8,
						"max_frame": 4,
						"loop": true
					}
				}
			},
			"minecraft:particle_motion_collision": {
				"collision_radius": 0.2
			},
			"minecraft:particle_appearance_lighting": {}
		}
	}
}