{
	"format_version": "1.10.0",
	"particle_effect": {
		"description": {
			"identifier": "js:shield_power_light",
			"basic_render_parameters": {
				"material": "particles_alpha",
				"texture": "textures/particle/particles"
			}
		},
		"components": {
			"minecraft:emitter_local_space": {
				"position": true,
				"rotation": true
			},
			"minecraft:emitter_rate_steady": {
				"spawn_rate": 3,
				"max_particles": 10
			},
			"minecraft:emitter_lifetime_looping": {
				"active_time": 1
			},
			"minecraft:emitter_shape_entity_aabb": {
				"direction": ["Math.random(-0.05, 0.05)", "0.3-Math.random(0, 0.2)", "Math.random(-0.05, 0.05)"]
			},
			"minecraft:particle_lifetime_expression": {
				"max_lifetime": 2
			},
			"minecraft:particle_initial_spin": {
				"rotation": "variable.particle_random_3*360"
			},
			"minecraft:particle_initial_speed": 0.5,
			"minecraft:particle_motion_dynamic": {
				"linear_acceleration": [0, 0.1, 0]
			},
			"minecraft:particle_appearance_billboard": {
				"size": ["0.03+variable.particle_random_1/6", "0.03+variable.particle_random_1/6"],
				"facing_camera_mode": "rotate_xyz",
				"uv": {
					"texture_width": 128,
					"texture_height": 128,
					"uv": ["8 * (0.125 * (math.floor(variable.particle_random_2*8)*8))", 72],
					"uv_size": [8, 8]
				}
			}
		}
	}
}