{
    "format_version": "1.10.0",
    "animation_controllers": {
        "controller.animation.asteroid.general": {
            "states": {
                "default": {
					"transitions": [
						{
                            "general1": "variable.random == 0"
                        },
						{
                            "general2": "variable.random == 1"
                        },
						{
                            "general3": "variable.random == 2"
                        },
						{
                            "general4": "variable.random == 3"
                        }
                    ],
                    "blend_transition": 1
                },
				"general1": {
                    "animations": [
                        "general1"
                    ]
                },
				"general2": {
                    "animations": [
                        "general2"
                    ]
                },
				"general3": {
                    "animations": [
                        "general3"
                    ]
                },
				"general4": {
                    "animations": [
                        "general4"
                    ]
                }
            }
		}
	}
}