{
    "format_version": "1.10.0",
    "animation_controllers": {
        "controller.animation.player.crewmate_cont": {
            "initial_state": "default",
            "states": {
                "default": { 
					"variables": {
                        "move_speed": {
                            "input": "query.modified_move_speed",
                            "remap_curve": {
                                "0.0": 0.0,
                                "0.25": 1.0
                            }
                        },
                        "is_idling": {
                            "input": "query.modified_move_speed",
                            "remap_curve": {
                                "0.0": 1.0,
                                "0.1": 0.0
                            }
                        }
                    },
                    "animations": [
						{
                            "crewmate_running": "variable.move_speed"
                        },
						{
                            "crewmate_general": "variable.is_idling"
                        }
                    ],
                    "transitions": [
						{
                            "sitting": "query.is_riding"
                        },
						{
                            "dead_invis": "query.mark_variant > 0"
                        }
                    ],
                    "blend_transition": 0.2
                },
                "sitting": {
                    "animations": ["crewmate_sitting"],
                    "transitions": [
						{
                            "leave_seat": "!query.is_riding"
                        }
                    ]
                },
                "leave_seat": {
                    "animations": ["crewmate_leave_seat"],
                    "transitions": [
						{
                            "default": "query.all_animations_finished"
                        }
                    ]
                },
                "dead_invis": {
                    "animations": ["crewmate_dead_invis"],
                    "transitions": [
						{
                            "default": "query.mark_variant == 0"
                        }
                    ]
                }
            }
        }
    }
}