{
	"format_version" : "1.10.0",
	"animation_controllers" : {
		"controller.animation.player.crewmate_emote_cont": {
            "states": {
                "default": {
					"animations": [
						"crewmate_no_emote"
					],
                    "transitions": [
					  { "crewmate_no_u": "query.variant > 0 && query.get_equipped_item_name('main_hand') == 'no_u'" },
					  { "crewmate_thumbs_up": "query.variant > 0 && query.get_equipped_item_name('main_hand') == 'thumbs_up'" },
					  { "crewmate_thumbs_down": "query.variant > 0 && query.get_equipped_item_name('main_hand') == 'thumbs_down'" },
					  { "crewmate_nais": "query.variant > 0 && query.get_equipped_item_name('main_hand') == 'nais'" }
                    ],
					"blend_transition": 0.1
                },
                "crewmate_no_u": {
                    "animations": [ "crewmate_no_u" ],
                    "transitions": [
					  { "crewmate_thumbs_up": "query.variant > 0 && query.get_equipped_item_name('main_hand') == 'thumbs_up'" },
					  { "crewmate_thumbs_down": "query.variant > 0 && query.get_equipped_item_name('main_hand') == 'thumbs_down'" },
					  { "crewmate_nais": "query.variant > 0 && query.get_equipped_item_name('main_hand') == 'nais'" },
					  { "default": "query.get_equipped_item_name('main_hand') != 'no_u'" }
                    ],
					"blend_transition": 0.1
                },
                "crewmate_thumbs_up": {
                    "animations": [ "crewmate_thumbs_up" ],
                    "transitions": [
					  { "crewmate_no_u": "query.variant > 0 && query.get_equipped_item_name('main_hand') == 'no_u'" },
					  { "crewmate_thumbs_down": "query.variant > 0 && query.get_equipped_item_name('main_hand') == 'thumbs_down'" },
					  { "crewmate_nais": "query.variant > 0 && query.get_equipped_item_name('main_hand') == 'nais'" },
					  { "default": "query.get_equipped_item_name('main_hand') != 'thumbs_up'" }
                    ],
					"blend_transition": 0.1
                },
                "crewmate_thumbs_down": {
                    "animations": [ "crewmate_thumbs_down" ],
                    "transitions": [
					  { "crewmate_no_u": "query.variant > 0 && query.get_equipped_item_name('main_hand') == 'no_u'" },
					  { "crewmate_thumbs_up": "query.variant > 0 && query.get_equipped_item_name('main_hand') == 'thumbs_up'" },
					  { "crewmate_nais": "query.variant > 0 && query.get_equipped_item_name('main_hand') == 'nais'" },
					  { "default": "query.get_equipped_item_name('main_hand') != 'thumbs_down'" }
                    ],
					"blend_transition": 0.1
                },
                "crewmate_nais": {
                    "animations": [ "crewmate_nais" ],
                    "transitions": [
					  { "crewmate_no_u": "query.variant > 0 && query.get_equipped_item_name('main_hand') == 'no_u'" },
					  { "crewmate_thumbs_up": "query.variant > 0 && query.get_equipped_item_name('main_hand') == 'thumbs_up'" },
					  { "crewmate_thumbs_down": "query.variant > 0 && query.get_equipped_item_name('main_hand') == 'thumbs_down'" },
					  { "default": "query.get_equipped_item_name('main_hand') != 'nais'" }
                    ],
					"blend_transition": 0.1
                }
            }
        },
		"controller.animation.player.death_screen_cont": {
            "states": {
                "default": {
                    "transitions": [
                        { "death_screen": "query.mark_variant > 0 && variable.is_first_person && !query.is_saddled" }
                    ]
                },
                "death_screen": {
                    "animations": [ "death_screen" ],
                    "transitions": [
                        { "default": "query.mark_variant == 0" }
                    ]
                }
            }
        },
		"controller.animation.player.death_screen_anim_cont": {
            "states": {
                "default": {
                    "transitions": [
                        { "death_screen_anim_alien": "query.mark_variant > 0 && variable.is_first_person && !query.is_saddled" }
                    ]
                },
                "death_screen_anim_alien": {
                    "animations": [ "death_screen_anim_alien" ],
                    "transitions": [
                        { "default": "query.mark_variant == 0" }
                    ]
                }
            }
        },
		"controller.animation.player.role_reveal_cont": {
            "states": {
                "default": {
                    "transitions": [
                        { "role_reveal": "query.skin_id == 1 && variable.is_first_person && !query.is_saddled" }
                    ]
                },
                "role_reveal": {
                    "animations": [ "role_reveal" ],
                    "transitions": [
                        { "default": "query.skin_id == 0" }
                    ]
                }
            }
        },
		"controller.animation.player.emergency_meeting_cont": {
            "states": {
                "default": {
                    "transitions": [
                        { "emergency_meeting": "query.skin_id == 2 && variable.is_first_person" }
                    ]
                },
                "emergency_meeting": {
                    "animations": [ "emergency_meeting" ],
                    "transitions": [
                        { "default": "query.skin_id == 0" }
                    ]
                }
            }
        },
		"controller.animation.player.dead_body_reported_cont": {
            "states": {
                "default": {
                    "transitions": [
                        { "dead_body_reported": "query.skin_id == 3 && variable.is_first_person" }
                    ]
                },
                "dead_body_reported": {
                    "animations": [ "dead_body_reported" ],
                    "transitions": [
                        { "default": "query.skin_id == 0" }
                    ]
                }
            }
        }
	}
}
