{
   "format_version":"1.10.0",
   "animation_controllers":{
        "controller.animation.spacedog": {
            "initial_state": "default",
            "states": {
                "default": { 
					"variables": {
                        "move_speed": {
                            "input": "query.modified_move_speed",
                            "remap_curve": {
                                "0.0": 0.0,
                                "0.25": 1.0
                            }
                        },
                        "is_idling": {
                            "input": "query.modified_move_speed",
                            "remap_curve": {
                                "0.0": 1.0,
                                "0.1": 0.0
                            }
                        }
                    },
                    "animations": [
						{
                            "move": "variable.move_speed"
                        },
						{
                            "general": "variable.is_idling"
                        }
                    ]
                }
            }
        },
      "controller.animation.vent.general":{
         "initial_state":"default",
         "states":{
            "default":{
               "transitions":[
                  {
                     "vent_use":"query.is_saddled == 1"
                  }
               ]
            },
            "vent_use":{
               "animations":[
                  "vent_use"
               ],
               "transitions":[
                  {
                     "default":"query.is_saddled != 1"
                  }
               ]
            }
         }
      },
      "controller.animation.lever":{
         "initial_state":"default",
         "states":{
            "default":{
               "animations":[
                  "lever_up"
               ],
               "transitions":[
                  {
                     "lever_down":"query.is_saddled"
                  }
               ],
               "blend_transition":0.5
            },
            "lever_down":{
               "animations":[
                  "lever_down"
               ],
               "transitions":[
                  {
                     "default":"query.is_saddled == 0"
                  }
               ],
               "blend_transition":0.5
            }
         }
      },
      "controller.animation.small_crate":{
         "initial_state":"default",
         "states":{
            "default":{
               "animations":[
                  "up"
               ],
               "transitions":[
                  {
                     "down":"query.variant == 0"
                  }
               ],
               "blend_transition":0.5
            },
            "down":{
               "animations":[
                  "down"
               ],
               "transitions":[
                  {
                     "default":"query.variant == 1"
                  }
               ],
               "blend_transition":0.5
            }
         }
      },
      "controller.animation.emergency_button":{
         "initial_state":"default",
         "states":{
            "default":{
               "transitions":[
                  {
                     "off":"query.variant == 0"
                  },
                  {
                     "on":"query.variant == 1"
                  },
                  {
                     "press":"query.is_saddled"
                  }
               ],
               "blend_transition":0.5
            },
            "on":{
               "animations":[
                  "on"
               ],
               "transitions":[
                  {
                     "off":"query.variant == 0"
                  },
                  {
                     "press":"query.is_saddled"
                  }
               ],
               "blend_transition":0.5
            },
            "off":{
               "animations":[
                  "off"
               ],
               "transitions":[
                  {
                     "on":"query.variant == 1"
                  },
                  {
                     "press":"query.is_saddled"
                  }
               ],
               "blend_transition":0.5
            },
            "press":{
               "animations":[
                  "press"
               ],
               "transitions":[
                  {
                     "off":"query.all_animations_finished"
                  }
               ]
            }
         }
      },
      "controller.animation.scan":{
         "initial_state":"default",
         "states":{
            "default":{
               "animations":[
                  "idle"
               ],
               "transitions":[
                  {
                     "scanning":"query.is_saddled == 1"
                  }
               ],
               "blend_transition":0.1
            },
            "scanning":{
               "animations":[
                  "scanning"
               ],
               "transitions":[
                  {
                     "default":"query.is_saddled == 0"
                  }
               ],
               "blend_transition":0.1
            }
         }
      }
   }
}