{
  "format_version": "1.16.0",
  "minecraft:entity": {
    "description": {
      "identifier": "js:crewmate_task_dummy",
      "is_spawnable": true,
      "is_summonable": true,
      "is_experimental": false,
			"scripts": {
				"animate": [
					"killed",
					"crewmate_dummy_colour"
				]
			},
			"animations": {
				"killed": "controller.animation.killed",
				"crewmate_dummy_colour": "controller.animation.crewmate_dummy_colour"
			}
    },
	
	"component_groups": {
		"js:killed": {
			"minecraft:is_saddled": {}
		},
      "cm1": {
		"minecraft:damage_sensor": {
			"triggers": [
				{
					"cause": "all",
					"deals_damage": false
				}
			]
		},
		"minecraft:nameable": {
			"always_show": false,
			"allow_name_tag_renaming": false
		},
        "minecraft:variant": {
            "value": 1
        },
        "minecraft:health": {
            "value": 2,
			"max": 2
        },
        "minecraft:movement": {
            "value": 0.1
        },
        "minecraft:attack": {
            "damage": 2
        }
      },
      "cm2": {	
		"minecraft:damage_sensor": {
			"triggers": [
				{
					"cause": "all",
					"deals_damage": false
				}
			]
		},
		"minecraft:nameable": {
			"always_show": false,
			"allow_name_tag_renaming": false
		},
        "minecraft:variant": {
            "value": 2
        },
        "minecraft:health": {
            "value": 2,
			"max": 2
        },
        "minecraft:movement": {
            "value": 0.1
        },
        "minecraft:attack": {
            "damage": 2
        }
      },
      "cm3": {	
		"minecraft:damage_sensor": {
			"triggers": [
				{
					"cause": "all",
					"deals_damage": false
				}
			]
		},
		"minecraft:nameable": {
			"always_show": false,
			"allow_name_tag_renaming": false
		},
        "minecraft:variant": {
            "value": 3
        },
        "minecraft:health": {
            "value": 2,
			"max": 2
        },
        "minecraft:movement": {
            "value": 0.1
        },
        "minecraft:attack": {
            "damage": 2
        }
      },
      "cm4": {	
		"minecraft:damage_sensor": {
			"triggers": [
				{
					"cause": "all",
					"deals_damage": false
				}
			]
		},
		"minecraft:nameable": {
			"always_show": false,
			"allow_name_tag_renaming": false
		},
        "minecraft:variant": {
            "value": 4
        },
        "minecraft:health": {
            "value": 2,
			"max": 2
        },
        "minecraft:movement": {
            "value": 0.1
        },
        "minecraft:attack": {
            "damage": 2
        }
      },
      "cm5": {
		"minecraft:damage_sensor": {
			"triggers": [
				{
					"cause": "all",
					"deals_damage": false
				}
			]
		},
		"minecraft:nameable": {
			"always_show": false,
			"allow_name_tag_renaming": false
		},
        "minecraft:variant": {
            "value": 5
        },
        "minecraft:health": {
            "value": 2,
			"max": 2
        },
        "minecraft:movement": {
            "value": 0.1
        },
        "minecraft:attack": {
            "damage": 2
        }
      },
      "cm6": {	
		"minecraft:damage_sensor": {
			"triggers": [
				{
					"cause": "all",
					"deals_damage": false
				}
			]
		},
		"minecraft:nameable": {
			"always_show": false,
			"allow_name_tag_renaming": false
		},
        "minecraft:variant": {
            "value": 6
        },
        "minecraft:health": {
            "value": 1,
			"max": 1
        },
        "minecraft:movement": {
            "value": 0.1
        },
        "minecraft:attack": {
            "damage": 2
        }
      },
      "cm7": {	
		"minecraft:damage_sensor": {
			"triggers": [
				{
					"cause": "all",
					"deals_damage": false
				}
			]
		},
		"minecraft:nameable": {
			"always_show": false,
			"allow_name_tag_renaming": false
		},
        "minecraft:variant": {
            "value": 7
        },
        "minecraft:health": {
            "value": 2,
			"max": 2
        },
        "minecraft:movement": {
            "value": 0.1
        },
        "minecraft:attack": {
            "damage": 2
        }
      },
      "cm8": {
		"minecraft:damage_sensor": {
			"triggers": [
				{
					"cause": "all",
					"deals_damage": false
				}
			]
		},
		"minecraft:nameable": {
			"always_show": false,
			"allow_name_tag_renaming": false
		},
        "minecraft:variant": {
            "value": 8
        },
        "minecraft:health": {
            "value": 2,
			"max": 2
        },
        "minecraft:movement": {
            "value": 0.1
        },
        "minecraft:attack": {
            "damage": 2
        }
      },
      "cm9": {	
		"minecraft:damage_sensor": {
			"triggers": [
				{
					"cause": "all",
					"deals_damage": false
				}
			]
		},
		"minecraft:nameable": {
			"always_show": false,
			"allow_name_tag_renaming": false
		},
        "minecraft:variant": {
            "value": 9
        },
        "minecraft:health": {
            "value": 2,
			"max": 2
        },
        "minecraft:movement": {
            "value": 0.1
        },
        "minecraft:attack": {
            "damage": 2
        }
      },
      "cm10": {	
		"minecraft:damage_sensor": {
			"triggers": [
				{
					"cause": "all",
					"deals_damage": false
				}
			]
		},
		"minecraft:nameable": {
			"always_show": false,
			"allow_name_tag_renaming": false
		},
        "minecraft:variant": {
            "value": 10
        },
        "minecraft:health": {
            "value": 2,
			"max": 2
        },
        "minecraft:movement": {
            "value": 0.1
        },
        "minecraft:attack": {
            "damage": 2
        }
      },
      "cm11": {	
		"minecraft:damage_sensor": {
			"triggers": [
				{
					"cause": "all",
					"deals_damage": false
				}
			]
		},
		"minecraft:nameable": {
			"always_show": false,
			"allow_name_tag_renaming": false
		},
        "minecraft:variant": {
            "value": 11
        },
        "minecraft:health": {
            "value": 2,
			"max": 2
        },
        "minecraft:movement": {
            "value": 0.1
        },
        "minecraft:attack": {
            "damage": 2
        }
      },
      "cm12": {	
		"minecraft:damage_sensor": {
			"triggers": [
				{
					"cause": "all",
					"deals_damage": false
				}
			]
		},
		"minecraft:nameable": {
			"always_show": false,
			"allow_name_tag_renaming": false
		},
        "minecraft:variant": {
            "value": 12
        },
        "minecraft:health": {
            "value": 2,
			"max": 2
        },
        "minecraft:movement": {
            "value": 0.1
        },
        "minecraft:attack": {
            "damage": 2
        }
      },
      "cm13": {	
		"minecraft:damage_sensor": {
			"triggers": [
				{
					"cause": "all",
					"deals_damage": false
				}
			]
		},
		"minecraft:nameable": {
			"always_show": false,
			"allow_name_tag_renaming": false
		},
        "minecraft:variant": {
            "value": 13
        },
        "minecraft:health": {
            "value": 2,
			"max": 2
        },
        "minecraft:movement": {
            "value": 0.1
        },
        "minecraft:attack": {
            "damage": 2
        }
      },
      "cm14": {	
		"minecraft:damage_sensor": {
			"triggers": [
				{
					"cause": "all",
					"deals_damage": false
				}
			]
		},
		"minecraft:nameable": {
			"always_show": false,
			"allow_name_tag_renaming": false
		},
        "minecraft:variant": {
            "value": 14
        },
        "minecraft:health": {
            "value": 2,
			"max": 2
        },
        "minecraft:movement": {
            "value": 0.1
        },
        "minecraft:attack": {
            "damage": 2
        }
      },
      "cm15": {	
		"minecraft:damage_sensor": {
			"triggers": [
				{
					"cause": "all",
					"deals_damage": false
				}
			]
		},
		"minecraft:nameable": {
			"always_show": false,
			"allow_name_tag_renaming": false
		},
        "minecraft:variant": {
            "value": 15
        },
        "minecraft:health": {
            "value": 2,
			"max": 2
        },
        "minecraft:movement": {
            "value": 0.1
        },
        "minecraft:attack": {
            "damage": 2
        }
      },
	  "js:remove": {
		"minecraft:instant_despawn": {}
	  }
	},
	
    "components": {
	  "minecraft:type_family": {
	    "family": [ "dummy" ]
	  },   
	  "minecraft:rideable": {
                "seat_count": 1,
                "rider_can_interact": false,
                "seats": [
                    {
                        "position": [0, 1, 0]
                    }
                ]
            },
			"minecraft:despawn": {
                "filters": {
                    "all_of": [
						{
                            "any_of": [
								{
                                    "test":
                                    "has_tag",
                                    "subject": "self",
                                    "value": "DEAD"
                                }
                            ]
                        }
                    ]
                }
            },
        "minecraft:scheduler": {
          "min_delay_secs": 0,
          "max_delay_secs": 0,
          "scheduled_events" : [
				{
				  "filters": {
						"test": "has_tag",
						"subject": "self",
						"operator": "==",
						"value": "Crewmate_Dead"
					},
					"event": "js:killed"
				}
			]
		  },
     "minecraft:interact": {
			"interactions": [
			  {
				"hurt_item": 0,
				"interact_text": "Remove Vent",
				"on_interact": {
				  "filters": {
					"all_of": [
					  {
						"test": "has_equipment",
						"subject": "other",
						"operator": "==",
						"value": "minecraft:barrier"
					  }
					]
				  },
				  "event": "js:remove",
				  "target": "self"
				},
				"play_sounds": "look",
				"swing": true,
				"use_item": false
			  }
			]
	  },
      "minecraft:scale": {
        "value": 1.0
      },
	  "minecraft:collision_box": {
	    "width": 0.6,
	    "height": 0.6
	  },
	  "minecraft:health": {
	    "value": 1
	  },
	  "minecraft:push_through": {
	    "value": 1.0
	  },
	  "minecraft:friction_modifier": {
	    "value": -1.0
	  },
	  "minecraft:damage_sensor": {
			"triggers": [
				{
					"cause": "all",
					"deals_damage": false
				}
			]
	   },
      "minecraft:pushable": {
        "is_pushable": false,
        "is_pushable_by_piston": true
      },
	  "minecraft:physics": {
	  }
    },
	
	"events": {
        "js:report_body": {
		  "add": {
			  "component_groups": ["js:report_body" ]
			}
		},
        "js:killed": {
		  "add": {
			  "component_groups": ["js:killed" ]
			}
		},
        "js:remove": {
		  "add": {
			  "component_groups": ["js:remove" ]
			}
		},
	
        "crewmate_aqua": {
		  "add": {
			  "component_groups": [ "cm1", "js:crewmate" ]
			}
		},
        "crewmate_purple": {
		  "add": {
			  "component_groups": [ "cm2", "js:crewmate" ]
			}
		},
        "crewmate_yellow": {
		  "add": {
			  "component_groups": [ "cm3", "js:crewmate" ]
			}
		},
        "crewmate_black": {
		  "add": {
			  "component_groups": [ "cm4", "js:crewmate" ]
			}
		},
        "crewmate_blue": {
		  "add": {
			  "component_groups": [ "cm5", "js:crewmate" ]
			}
		},
        "crewmate_brown": {
		  "add": {
			  "component_groups": [ "cm6", "js:crewmate" ]
			}
		},
        "crewmate_green": {
		  "add": {
			  "component_groups": [ "cm7", "js:crewmate" ]
			}
		},
        "crewmate_lime": {
		  "add": {
			  "component_groups": [ "cm8", "js:crewmate" ]
			}
		},
        "crewmate_orange": {
		  "add": {
			  "component_groups": [ "cm9", "js:crewmate" ]
			}
		},
        "crewmate_pink": {
		  "add": {
			  "component_groups": [ "cm10", "js:crewmate" ]
			}
		},
        "crewmate_red": {
		  "add": {
			  "component_groups": [ "cm11", "js:crewmate" ]
			}
		},
        "crewmate_white": {
		  "add": {
			  "component_groups": [ "cm12", "js:crewmate" ]
			}
		},
        "crewmate_mango": {
		  "add": {
			  "component_groups": [ "cm13", "js:crewmate" ]
			}
		},
        "crewmate_apple": {
		  "add": {
			  "component_groups": [ "cm14", "js:crewmate" ]
			}
		},
        "crewmate_dydyoof": {
		  "add": {
			  "component_groups": [ "cm15", "js:crewmate" ]
			}
		}
	}
  }
}