{
  "format_version": "1.16.0",
  "minecraft:entity": {
    "description": {
      "identifier": "js:crewmate_dead_body",
      "is_spawnable": true,
      "is_summonable": true,
      "is_experimental": false,
			"scripts": {
				"animate": [
					"dead",
					"dead_body_reported"
				]
			},
			"animations": {
				"dead": "controller.animation.dead",
				"dead_body_reported": "controller.animation.dead_body_reported"
			}
    },
	
	"component_groups": {
		"js:report_body": {
			"minecraft:is_saddled": {}
		},
      "cm1": {
		  "minecraft:environment_sensor": {
				"triggers": [
					 {
						   "filters": {
									"test": "has_equipment",
									"subject": "self",
									"operator": "!=",
									"domain": "head",
									"value": "js:crewmate_aqua"
						   },
						   "event": "normal"
					 },
					 {
						   "filters": {
									"test": "has_tag",
									"subject": "self",
									"operator": "==",
									"value": "Crewmate_Dead"
						   },
						   "event": "crewmate_dead"
					 },
					 {
						   "filters": {
									"test": "has_tag",
									"subject": "self",
									"operator": "==",
									"value": "Impostor"
						   },
						   "event": "impostor"
					 }
				]
		  },
		"minecraft:damage_sensor": {
			"triggers": [
				{
					"cause": "all",
					"deals_damage": false
				}
			]
		},
		"minecraft:nameable": {
			"always_show": false,
			"allow_name_tag_renaming": false
		},
        "minecraft:variant": {
            "value": 1
        },
        "minecraft:health": {
            "value": 2,
			"max": 2
        },
        "minecraft:movement": {
            "value": 0.1
        },
        "minecraft:attack": {
            "damage": 2
        }
      },
      "cm2": {	
		  "minecraft:environment_sensor": {
				"triggers": [
					 {
						   "filters": {
									"test": "has_equipment",
									"subject": "self",
									"operator": "!=",
									"domain": "head",
									"value": "js:crewmate_purple"
						   },
						   "event": "normal"
					 },
					 {
						   "filters": {
									"test": "has_tag",
									"subject": "self",
									"operator": "==",
									"value": "Crewmate_Dead"
						   },
						   "event": "crewmate_dead"
					 },
					 {
						   "filters": {
									"test": "has_tag",
									"subject": "self",
									"operator": "==",
									"value": "Impostor"
						   },
						   "event": "impostor"
					 }
				]
		  },
		"minecraft:damage_sensor": {
			"triggers": [
				{
					"cause": "all",
					"deals_damage": false
				}
			]
		},
		"minecraft:nameable": {
			"always_show": false,
			"allow_name_tag_renaming": false
		},
        "minecraft:variant": {
            "value": 2
        },
        "minecraft:health": {
            "value": 2,
			"max": 2
        },
        "minecraft:movement": {
            "value": 0.1
        },
        "minecraft:attack": {
            "damage": 2
        }
      },
      "cm3": {	
		  "minecraft:environment_sensor": {
				"triggers": [
					 {
						   "filters": {
									"test": "has_equipment",
									"subject": "self",
									"operator": "!=",
									"domain": "head",
									"value": "js:crewmate_yellow"
						   },
						   "event": "normal"
					 },
					 {
						   "filters": {
									"test": "has_tag",
									"subject": "self",
									"operator": "==",
									"value": "Crewmate_Dead"
						   },
						   "event": "crewmate_dead"
					 },
					 {
						   "filters": {
									"test": "has_tag",
									"subject": "self",
									"operator": "==",
									"value": "Impostor"
						   },
						   "event": "impostor"
					 }
				]
		  },
		"minecraft:damage_sensor": {
			"triggers": [
				{
					"cause": "all",
					"deals_damage": false
				}
			]
		},
		"minecraft:nameable": {
			"always_show": false,
			"allow_name_tag_renaming": false
		},
        "minecraft:variant": {
            "value": 3
        },
        "minecraft:health": {
            "value": 2,
			"max": 2
        },
        "minecraft:movement": {
            "value": 0.1
        },
        "minecraft:attack": {
            "damage": 2
        }
      },
      "cm4": {	
		  "minecraft:environment_sensor": {
				"triggers": [
					 {
						   "filters": {
									"test": "has_equipment",
									"subject": "self",
									"operator": "!=",
									"domain": "head",
									"value": "js:crewmate_black"
						   },
						   "event": "normal"
					 },
					 {
						   "filters": {
									"test": "has_tag",
									"subject": "self",
									"operator": "==",
									"value": "Crewmate_Dead"
						   },
						   "event": "crewmate_dead"
					 },
					 {
						   "filters": {
									"test": "has_tag",
									"subject": "self",
									"operator": "==",
									"value": "Impostor"
						   },
						   "event": "impostor"
					 }
				]
		  },
		"minecraft:damage_sensor": {
			"triggers": [
				{
					"cause": "all",
					"deals_damage": false
				}
			]
		},
		"minecraft:nameable": {
			"always_show": false,
			"allow_name_tag_renaming": false
		},
        "minecraft:variant": {
            "value": 4
        },
        "minecraft:health": {
            "value": 2,
			"max": 2
        },
        "minecraft:movement": {
            "value": 0.1
        },
        "minecraft:attack": {
            "damage": 2
        }
      },
      "cm5": {	
		  "minecraft:environment_sensor": {
				"triggers": [
					 {
						   "filters": {
									"test": "has_equipment",
									"subject": "self",
									"operator": "!=",
									"domain": "head",
									"value": "js:crewmate_blue"
						   },
						   "event": "normal"
					 },
					 {
						   "filters": {
									"test": "has_tag",
									"subject": "self",
									"operator": "==",
									"value": "Crewmate_Dead"
						   },
						   "event": "crewmate_dead"
					 },
					 {
						   "filters": {
									"test": "has_tag",
									"subject": "self",
									"operator": "==",
									"value": "Impostor"
						   },
						   "event": "impostor"
					 }
				]
		  },
		"minecraft:damage_sensor": {
			"triggers": [
				{
					"cause": "all",
					"deals_damage": false
				}
			]
		},
		"minecraft:nameable": {
			"always_show": false,
			"allow_name_tag_renaming": false
		},
        "minecraft:variant": {
            "value": 5
        },
        "minecraft:health": {
            "value": 2,
			"max": 2
        },
        "minecraft:movement": {
            "value": 0.1
        },
        "minecraft:attack": {
            "damage": 2
        }
      },
      "cm6": {	
		  "minecraft:environment_sensor": {
				"triggers": [
					 {
						   "filters": {
									"test": "has_equipment",
									"subject": "self",
									"operator": "!=",
									"domain": "head",
									"value": "js:crewmate_brown"
						   },
						   "event": "normal"
					 },
					 {
						   "filters": {
									"test": "has_tag",
									"subject": "self",
									"operator": "==",
									"value": "Crewmate_Dead"
						   },
						   "event": "crewmate_dead"
					 },
					 {
						   "filters": {
									"test": "has_tag",
									"subject": "self",
									"operator": "==",
									"value": "Impostor"
						   },
						   "event": "impostor"
					 }
				]
		  },
		"minecraft:damage_sensor": {
			"triggers": [
				{
					"cause": "all",
					"deals_damage": false
				}
			]
		},
		"minecraft:nameable": {
			"always_show": false,
			"allow_name_tag_renaming": false
		},
        "minecraft:variant": {
            "value": 6
        },
        "minecraft:health": {
            "value": 1,
			"max": 1
        },
        "minecraft:movement": {
            "value": 0.1
        },
        "minecraft:attack": {
            "damage": 2
        }
      },
      "cm7": {	
		  "minecraft:environment_sensor": {
				"triggers": [
					 {
						   "filters": {
									"test": "has_equipment",
									"subject": "self",
									"operator": "!=",
									"domain": "head",
									"value": "js:crewmate_green"
						   },
						   "event": "normal"
					 },
					 {
						   "filters": {
									"test": "has_tag",
									"subject": "self",
									"operator": "==",
									"value": "Crewmate_Dead"
						   },
						   "event": "crewmate_dead"
					 },
					 {
						   "filters": {
									"test": "has_tag",
									"subject": "self",
									"operator": "==",
									"value": "Impostor"
						   },
						   "event": "impostor"
					 }
				]
		  },
		"minecraft:damage_sensor": {
			"triggers": [
				{
					"cause": "all",
					"deals_damage": false
				}
			]
		},
		"minecraft:nameable": {
			"always_show": false,
			"allow_name_tag_renaming": false
		},
        "minecraft:variant": {
            "value": 7
        },
        "minecraft:health": {
            "value": 2,
			"max": 2
        },
        "minecraft:movement": {
            "value": 0.1
        },
        "minecraft:attack": {
            "damage": 2
        }
      },
      "cm8": {	
		  "minecraft:environment_sensor": {
				"triggers": [
					 {
						   "filters": {
									"test": "has_equipment",
									"subject": "self",
									"operator": "!=",
									"domain": "head",
									"value": "js:crewmate_lime"
						   },
						   "event": "normal"
					 },
					 {
						   "filters": {
									"test": "has_tag",
									"subject": "self",
									"operator": "==",
									"value": "Crewmate_Dead"
						   },
						   "event": "crewmate_dead"
					 },
					 {
						   "filters": {
									"test": "has_tag",
									"subject": "self",
									"operator": "==",
									"value": "Impostor"
						   },
						   "event": "impostor"
					 }
				]
		  },
		"minecraft:damage_sensor": {
			"triggers": [
				{
					"cause": "all",
					"deals_damage": false
				}
			]
		},
		"minecraft:nameable": {
			"always_show": false,
			"allow_name_tag_renaming": false
		},
        "minecraft:variant": {
            "value": 8
        },
        "minecraft:health": {
            "value": 2,
			"max": 2
        },
        "minecraft:movement": {
            "value": 0.1
        },
        "minecraft:attack": {
            "damage": 2
        }
      },
      "cm9": {	
		  "minecraft:environment_sensor": {
				"triggers": [
					 {
						   "filters": {
									"test": "has_equipment",
									"subject": "self",
									"operator": "!=",
									"domain": "head",
									"value": "js:crewmate_orange"
						   },
						   "event": "normal"
					 },
					 {
						   "filters": {
									"test": "has_tag",
									"subject": "self",
									"operator": "==",
									"value": "Crewmate_Dead"
						   },
						   "event": "crewmate_dead"
					 },
					 {
						   "filters": {
									"test": "has_tag",
									"subject": "self",
									"operator": "==",
									"value": "Impostor"
						   },
						   "event": "impostor"
					 }
				]
		  },
		"minecraft:damage_sensor": {
			"triggers": [
				{
					"cause": "all",
					"deals_damage": false
				}
			]
		},
		"minecraft:nameable": {
			"always_show": false,
			"allow_name_tag_renaming": false
		},
        "minecraft:variant": {
            "value": 9
        },
        "minecraft:health": {
            "value": 2,
			"max": 2
        },
        "minecraft:movement": {
            "value": 0.1
        },
        "minecraft:attack": {
            "damage": 2
        }
      },
      "cm10": {	
		  "minecraft:environment_sensor": {
				"triggers": [
					 {
						   "filters": {
									"test": "has_equipment",
									"subject": "self",
									"operator": "!=",
									"domain": "head",
									"value": "js:crewmate_pink"
						   },
						   "event": "normal"
					 },
					 {
						   "filters": {
									"test": "has_tag",
									"subject": "self",
									"operator": "==",
									"value": "Crewmate_Dead"
						   },
						   "event": "crewmate_dead"
					 },
					 {
						   "filters": {
									"test": "has_tag",
									"subject": "self",
									"operator": "==",
									"value": "Impostor"
						   },
						   "event": "impostor"
					 }
				]
		  },
		"minecraft:damage_sensor": {
			"triggers": [
				{
					"cause": "all",
					"deals_damage": false
				}
			]
		},
		"minecraft:nameable": {
			"always_show": false,
			"allow_name_tag_renaming": false
		},
        "minecraft:variant": {
            "value": 10
        },
        "minecraft:health": {
            "value": 2,
			"max": 2
        },
        "minecraft:movement": {
            "value": 0.1
        },
        "minecraft:attack": {
            "damage": 2
        }
      },
      "cm11": {	
		  "minecraft:environment_sensor": {
				"triggers": [
					 {
						   "filters": {
									"test": "has_equipment",
									"subject": "self",
									"operator": "!=",
									"domain": "head",
									"value": "js:crewmate_red"
						   },
						   "event": "normal"
					 },
					 {
						   "filters": {
									"test": "has_tag",
									"subject": "self",
									"operator": "==",
									"value": "Crewmate_Dead"
						   },
						   "event": "crewmate_dead"
					 },
					 {
						   "filters": {
									"test": "has_tag",
									"subject": "self",
									"operator": "==",
									"value": "Impostor"
						   },
						   "event": "impostor"
					 }
				]
		  },
		"minecraft:damage_sensor": {
			"triggers": [
				{
					"cause": "all",
					"deals_damage": false
				}
			]
		},
		"minecraft:nameable": {
			"always_show": false,
			"allow_name_tag_renaming": false
		},
        "minecraft:variant": {
            "value": 11
        },
        "minecraft:health": {
            "value": 2,
			"max": 2
        },
        "minecraft:movement": {
            "value": 0.1
        },
        "minecraft:attack": {
            "damage": 2
        }
      },
      "cm12": {	
		  "minecraft:environment_sensor": {
				"triggers": [
					 {
						   "filters": {
									"test": "has_equipment",
									"subject": "self",
									"operator": "!=",
									"domain": "head",
									"value": "js:crewmate_white"
						   },
						   "event": "normal"
					 },
					 {
						   "filters": {
									"test": "has_tag",
									"subject": "self",
									"operator": "==",
									"value": "Crewmate_Dead"
						   },
						   "event": "crewmate_dead"
					 },
					 {
						   "filters": {
									"test": "has_tag",
									"subject": "self",
									"operator": "==",
									"value": "Impostor"
						   },
						   "event": "impostor"
					 }
				]
		  },
		"minecraft:damage_sensor": {
			"triggers": [
				{
					"cause": "all",
					"deals_damage": false
				}
			]
		},
		"minecraft:nameable": {
			"always_show": false,
			"allow_name_tag_renaming": false
		},
        "minecraft:variant": {
            "value": 12
        },
        "minecraft:health": {
            "value": 2,
			"max": 2
        },
        "minecraft:movement": {
            "value": 0.1
        },
        "minecraft:attack": {
            "damage": 2
        }
      },
      "cm13": {	
		  "minecraft:environment_sensor": {
				"triggers": [
					 {
						   "filters": {
									"test": "has_equipment",
									"subject": "self",
									"operator": "!=",
									"domain": "head",
									"value": "js:crewmate_mango"
						   },
						   "event": "normal"
					 },
					 {
						   "filters": {
									"test": "has_tag",
									"subject": "self",
									"operator": "==",
									"value": "Crewmate_Dead"
						   },
						   "event": "crewmate_dead"
					 },
					 {
						   "filters": {
									"test": "has_tag",
									"subject": "self",
									"operator": "==",
									"value": "Impostor"
						   },
						   "event": "impostor"
					 }
				]
		  },
		"minecraft:damage_sensor": {
			"triggers": [
				{
					"cause": "all",
					"deals_damage": false
				}
			]
		},
		"minecraft:nameable": {
			"always_show": false,
			"allow_name_tag_renaming": false
		},
        "minecraft:variant": {
            "value": 13
        },
        "minecraft:health": {
            "value": 2,
			"max": 2
        },
        "minecraft:movement": {
            "value": 0.1
        },
        "minecraft:attack": {
            "damage": 2
        }
      },
      "cm14": {	
		  "minecraft:environment_sensor": {
				"triggers": [
					 {
						   "filters": {
									"test": "has_equipment",
									"subject": "self",
									"operator": "!=",
									"domain": "head",
									"value": "js:crewmate_apple"
						   },
						   "event": "normal"
					 },
					 {
						   "filters": {
									"test": "has_tag",
									"subject": "self",
									"operator": "==",
									"value": "Crewmate_Dead"
						   },
						   "event": "crewmate_dead"
					 },
					 {
						   "filters": {
									"test": "has_tag",
									"subject": "self",
									"operator": "==",
									"value": "Impostor"
						   },
						   "event": "impostor"
					 }
				]
		  },
		"minecraft:damage_sensor": {
			"triggers": [
				{
					"cause": "all",
					"deals_damage": false
				}
			]
		},
		"minecraft:nameable": {
			"always_show": false,
			"allow_name_tag_renaming": false
		},
        "minecraft:variant": {
            "value": 14
        },
        "minecraft:health": {
            "value": 2,
			"max": 2
        },
        "minecraft:movement": {
            "value": 0.1
        },
        "minecraft:attack": {
            "damage": 2
        }
      },
      "cm15": {	
		  "minecraft:environment_sensor": {
				"triggers": [
					 {
						   "filters": {
									"test": "has_equipment",
									"subject": "self",
									"operator": "!=",
									"domain": "head",
									"value": "js:crewmate_dydyoof"
						   },
						   "event": "normal"
					 },
					 {
						   "filters": {
									"test": "has_tag",
									"subject": "self",
									"operator": "==",
									"value": "Crewmate_Dead"
						   },
						   "event": "crewmate_dead"
					 },
					 {
						   "filters": {
									"test": "has_tag",
									"subject": "self",
									"operator": "==",
									"value": "Impostor"
						   },
						   "event": "impostor"
					 }
				]
		  },
		"minecraft:damage_sensor": {
			"triggers": [
				{
					"cause": "all",
					"deals_damage": false
				}
			]
		},
		"minecraft:nameable": {
			"always_show": false,
			"allow_name_tag_renaming": false
		},
        "minecraft:variant": {
            "value": 15
        },
        "minecraft:health": {
            "value": 2,
			"max": 2
        },
        "minecraft:movement": {
            "value": 0.1
        },
        "minecraft:attack": {
            "damage": 2
        }
      },
	  "js:remove": {
		"minecraft:instant_despawn": {}
	  }
	},
	
    "components": {
	  "minecraft:type_family": {
	    "family": [ "dead_body" ]
	  },
     "minecraft:interact": {
			"interactions": [
			  {
				"hurt_item": 0,
				"interact_text": "Remove Vent",
				"on_interact": {
				  "filters": {
					"all_of": [
					  {
						"test": "has_equipment",
						"subject": "other",
						"operator": "==",
						"value": "minecraft:barrier"
					  }
					]
				  },
				  "event": "js:remove",
				  "target": "self"
				},
				"play_sounds": "look",
				"swing": true,
				"use_item": false
			  },
			  {
				"hurt_item": 0,
				"interact_text": "Report Body",
				"on_interact": {
				  "filters": {
					"all_of": [
					  {
						"test": "has_tag",
						"subject": "other",
						"operator": "==",
						"value": "Crewmate"
					  },
					  {
						"test": "has_tag",
						"subject": "other",
						"operator": "!=",
						"value": "Crewmate_Dead"
					  },
					  {
						"test": "has_tag",
						"subject": "other",
						"operator": "!=",
						"value": "Crewmate_Dead_Voted"
					  }
					]
				  },
				  "event": "js:report_body",
				  "target": "self"
				},
				"play_sounds": "look",
				"swing": true,
				"use_item": false
			  }
			]
	  },
      "minecraft:scale": {
        "value": 1.0
      },
	  "minecraft:collision_box": {
	    "width": 0.6,
	    "height": 0.6
	  },
	  "minecraft:health": {
	    "value": 1
	  },
	  "minecraft:push_through": {
	    "value": 1.0
	  },
	  "minecraft:friction_modifier": {
	    "value": -1.0
	  },
	  "minecraft:damage_sensor": {
			"triggers": [
				{
					"cause": "all",
					"deals_damage": false
				}
			]
	   },
      "minecraft:pushable": {
        "is_pushable": false,
        "is_pushable_by_piston": true
      },
	  "minecraft:physics": {
	  }
    },
	
	"events": {
        "js:report_body": {
		  "add": {
			  "component_groups": ["js:report_body" ]
			}
		},
	
        "js:remove": {
		  "add": {
			  "component_groups": ["js:remove" ]
			}
		},
	
        "crewmate_aqua": {
		  "add": {
			  "component_groups": [ "cm1", "js:crewmate" ]
			}
		},
        "crewmate_purple": {
		  "add": {
			  "component_groups": [ "cm2", "js:crewmate" ]
			}
		},
        "crewmate_yellow": {
		  "add": {
			  "component_groups": [ "cm3", "js:crewmate" ]
			}
		},
        "crewmate_black": {
		  "add": {
			  "component_groups": [ "cm4", "js:crewmate" ]
			}
		},
        "crewmate_blue": {
		  "add": {
			  "component_groups": [ "cm5", "js:crewmate" ]
			}
		},
        "crewmate_brown": {
		  "add": {
			  "component_groups": [ "cm6", "js:crewmate" ]
			}
		},
        "crewmate_green": {
		  "add": {
			  "component_groups": [ "cm7", "js:crewmate" ]
			}
		},
        "crewmate_lime": {
		  "add": {
			  "component_groups": [ "cm8", "js:crewmate" ]
			}
		},
        "crewmate_orange": {
		  "add": {
			  "component_groups": [ "cm9", "js:crewmate" ]
			}
		},
        "crewmate_pink": {
		  "add": {
			  "component_groups": [ "cm10", "js:crewmate" ]
			}
		},
        "crewmate_red": {
		  "add": {
			  "component_groups": [ "cm11", "js:crewmate" ]
			}
		},
        "crewmate_white": {
		  "add": {
			  "component_groups": [ "cm12", "js:crewmate" ]
			}
		},
        "crewmate_mango": {
		  "add": {
			  "component_groups": [ "cm13", "js:crewmate" ]
			}
		},
        "crewmate_apple": {
		  "add": {
			  "component_groups": [ "cm14", "js:crewmate" ]
			}
		},
        "crewmate_dydyoof": {
		  "add": {
			  "component_groups": [ "cm15", "js:crewmate" ]
			}
		}
	}
  }
}