{
    "format_version": "1.13.0",
    "minecraft:entity": {
        "description": {
            "identifier": "js:elevator_music",
            "is_spawnable": false,
            "is_summonable": true,
            "is_experimental": false,
			"scripts": {
				"animate": [
					"elevator_music"
				]
			},
			"animations": {
				"elevator_music": "controller.animation.elevator_music"
			}
        },

        "component_groups": {
			"js:music": {
				"minecraft:spawn_entity": [
				  {
					"min_wait_time": 0,
					"max_wait_time": 0,
					"spawn_entity": "js:js",
					"num_to_spawn": 1,
					"spawn_sound": "plop",
					"single_use": true
				  }
				],
				"minecraft:timer": {
                    "looping": true,
                    "time": 189,
                    "time_down_event": {
                        "event": "js:loop_music"
                    }
                }
			}
        },
        "components": {
            "minecraft:type_family": {
			"family": [ "inanimate" ]
		  },
		  "minecraft:collision_box": {
			"width": 0.5,
			"height": 1.975
		  },
		  "minecraft:damage_sensor": {
			"triggers": [
			{
				"cause": "all",
				"deals_damage": false
			 }
		   ]
		  },
		  "minecraft:health": {
			"value": 1,
			"max": 1
		  },
		  "minecraft:push_through": {
			"value": 1
		  },
		  "minecraft:loot": {
			"table": "null"
		  },
		  "minecraft:nameable": {
		  },
		  "minecraft:physics": {
			"has_gravity": false,
			"has_collision": false
		  }
        },
        "events": {

            "minecraft:entity_spawned": {
                "add": {
                    "component_groups": [
						"js:music"
                    ]
                }
            },
	     "js:loop_music": {
                "remove": {
                    "component_groups": [
                        "js:music"
                    ]
                },
                "add": {
                    "component_groups": [
						"js:music"
                    ]
                }
            }
        }
    }
}