{
	"format_version": "1.10.0",
	"minecraft:entity": {
		"description": {
			"identifier": "js:laser",
			"is_spawnable": false,
			"is_summonable": true,
			"is_experimental": false,
			"runtime_identifier": "minecraft:egg"
		},
		"component_groups": {
			"minecraft:despawning": {
				"minecraft:despawn": {}
			}
		},
		"components": {
			"minecraft:family": {
				"family_types": [ "laser" ]
			},
			"minecraft:is_charged": {},
			"minecraft:is_powered": {},
			"minecraft:collision_box": {
				"width": 0.1,
				"height": 0.1
			},
			"minecraft:timer": {
                    "time": 1,
                    "looping": false,
                    "time_down_event": {
                        "event": "minecraft:despawning"
                    }
            },
			"minecraft:explode": {
				"fuseLength": 2,
				"fuseLit": true,
				"power": 0,
				"causesFire": false
			},
		  "minecraft:projectile": {
			"on_hit": {
			  "impact_damage": {
				"damage": 33,
				"knockback": true,
				"should_bounce": true
			  },
			  "stick_on_ground": {
			  },
			  "particle_on_hit": {
				"particle_type": "smallexplode",
				"on_other_hit": true
			  }
			},
			"crit_particle_on_hurt": true,
			"power": 6,
			"gravity": 0,
			"uncertainty_base": 0,
			"uncertainty_multiplier": 0,
			"anchor": 1,
			"offset": [ 0, -0.1, 0 ]
		  },
			"minecraft:physics": {
			}
		},
		"events": {
			"minecraft:despawning": {
				"add": {
					"component_groups": [
						"minecraft:despawning"
					]
				}
			}
		}
	}
}