{
  "format_version": "1.16.0",
  "minecraft:entity": {
    "description": {
      "identifier": "js:main_ambience",
      "is_spawnable": true,
      "is_summonable": true,
      "is_experimental": false,
			"scripts": {
				"animate": [
					"main_ambience"
				]
			},
			"animations": {
				"main_ambience": "animation.main_ambience"
			}
    },
    "components": {
	  "minecraft:type_family": {
	    "family": [ "inanimate" ]
	  },
		  "minecraft:health": {
			"value": 1
		  },
     "minecraft:interact": {
			"interactions": [
			  {
				"hurt_item": 0,
				"interact_text": "Remove Vent",
				"on_interact": {
				  "filters": {
					"all_of": [
					  {
						"test": "has_equipment",
						"subject": "other",
						"operator": "==",
						"value": "minecraft:barrier"
					  }
					]
				  },
				  "event": "js:remove",
				  "target": "self"
				},
				"play_sounds": "look",
				"swing": true,
				"use_item": false
			  }
			]
	  },
      "minecraft:scale": {
        "value": 1.0
      },
	  "minecraft:collision_box": {
	    "width": 0.6,
	    "height": 0.6
	  },
	  "minecraft:push_through": {
	    "value": 1.0
	  },
	  "minecraft:friction_modifier": {
	    "value": -1.0
	  },
	  "minecraft:damage_sensor": {
			"triggers": [
				{
					"cause": "suffocation",
					"deals_damage": false
				}
			]
	   },
      "minecraft:pushable": {
        "is_pushable": false,
        "is_pushable_by_piston": true
      },
	  "minecraft:physics": {
		"has_gravity": false
	  }
    },
	
	"events": {
	}
  }
}