{
  "format_version": "1.16.0",
  "minecraft:entity": {
    "description": {
      "identifier": "js:meeting_cooldown",
      "is_spawnable": true,
      "is_summonable": true,
      "is_experimental": false,
			"scripts": {
				"animate": [
					"meeting_cooldown"
				]
			},
			"animations": {
				"meeting_cooldown": "controller.animation.meeting_cooldown"
			}
    },
	
	"component_groups": {
	  "js:meeting_cooldown": {
		  "minecraft:health": {
			"value": 15
		  }
	  }
	},
	
    "components": {
	  "minecraft:type_family": {
	    "family": [ "inanimate" ]
	  },
		  "minecraft:health": {
			"value": 15
		  },
                "minecraft:spell_effects": {
                    "add_effects": [{
                            "effect": "fatal_poison",
                            "amplifier": 0,
                            "visible": false,
                            "duration": 121
                        }
                    ]
                },
      "minecraft:scale": {
        "value": 1.0
      },
	  "minecraft:collision_box": {
	    "width": 0.6,
	    "height": 0.6
	  },
	  "minecraft:push_through": {
	    "value": 1.0
	  },
	  "minecraft:friction_modifier": {
	    "value": -1.0
	  },
	  "minecraft:damage_sensor": {
			"triggers": [
				{
					"cause": "suffocation",
					"deals_damage": false
				}
			]
	   },
			"minecraft:boss": {
				"should_darken_sky": false,
				"name": "§l§cEmergency Meeting Cooldown§r",
				"hud_range": 13
			},
      "minecraft:pushable": {
        "is_pushable": false,
        "is_pushable_by_piston": true
      },
	  "minecraft:physics": {
		"has_gravity": false
	  }
    },
	
	"events": {
	"minecraft:entity_spawned": {
	    "add": {
		  "component_groups": [
			"js:meeting_cooldown"
		  ]
		}
	  }
	}
  }
}