{
  "format_version": "1.16.0",
  "minecraft:entity": {
    "description": {
      "identifier": "js:meeting_cooldown_old",
      "is_spawnable": true,
      "is_summonable": true,
      "is_experimental": false,
			"scripts": {
				"animate": [
					"vote_timer"
				]
			},
			"animations": {
				"vote_timer": "controller.animation.vote_timer"
			}
    },
	
	"component_groups": {
	  "js:meeting_cooldown_15": {
			"minecraft:boss": {
				"should_darken_sky": false,
				"name": "§l§cEmergency Meeting Cooldown: 15§r",
				"hud_range": 12
			},
          "minecraft:timer": {
            "looping": true,
            "time": 1,
            "time_down_event": {
                "event": "meeting_cooldown_14"
            }
         },
		 "minecraft:variant": {
			"value": 0
		 }
	  },
	  "js:meeting_cooldown_14": {
          "minecraft:timer": {
            "looping": true,
            "time": 1,
            "time_down_event": {
                "event": "meeting_cooldown_13"
            }
         },
		 "minecraft:variant": {
			"value": 1
		 }
	  },
	  "js:meeting_cooldown_13": {
          "minecraft:timer": {
            "looping": true,
            "time": 1,
            "time_down_event": {
                "event": "meeting_cooldown_12"
            }
         },
		 "minecraft:variant": {
			"value": 2
		 }
	  },
	  "js:meeting_cooldown_12": {
          "minecraft:timer": {
            "looping": true,
            "time": 1,
            "time_down_event": {
                "event": "meeting_cooldown_11"
            }
         },
		 "minecraft:variant": {
			"value": 3
		 }
	  },
	  "js:meeting_cooldown_11": {
          "minecraft:timer": {
            "looping": true,
            "time": 1,
            "time_down_event": {
                "event": "meeting_cooldown_10"
            }
         },
		 "minecraft:variant": {
			"value": 4
		 }
	  },
	  "js:meeting_cooldown_10": {
          "minecraft:timer": {
            "looping": true,
            "time": 1,
            "time_down_event": {
                "event": "meeting_cooldown_9"
            }
         },
		 "minecraft:variant": {
			"value": 5
		 }
	  },
	  "js:meeting_cooldown_9": {
          "minecraft:timer": {
            "looping": true,
            "time": 1,
            "time_down_event": {
                "event": "meeting_cooldown_8"
            }
         },
		 "minecraft:variant": {
			"value": 6
		 }
	  },
	  "js:meeting_cooldown_8": {
          "minecraft:timer": {
            "looping": true,
            "time": 1,
            "time_down_event": {
                "event": "meeting_cooldown_7"
            }
         },
		 "minecraft:variant": {
			"value": 7
		 }
	  },
	  "js:meeting_cooldown_7": {
          "minecraft:timer": {
            "looping": true,
            "time": 1,
            "time_down_event": {
                "event": "meeting_cooldown_6"
            }
         },
		 "minecraft:variant": {
			"value": 8
		 }
	  },
	  "js:meeting_cooldown_6": {
          "minecraft:timer": {
            "looping": true,
            "time": 1,
            "time_down_event": {
                "event": "meeting_cooldown_5"
            }
         },
		 "minecraft:variant": {
			"value": 9
		 }
	  },
	  "js:meeting_cooldown_5": {
          "minecraft:timer": {
            "looping": true,
            "time": 1,
            "time_down_event": {
                "event": "meeting_cooldown_4"
            }
         },
		 "minecraft:variant": {
			"value": 10
		 }
	  },
	  "js:meeting_cooldown_4": {
          "minecraft:timer": {
            "looping": true,
            "time": 1,
            "time_down_event": {
                "event": "meeting_cooldown_3"
            }
         },
		 "minecraft:variant": {
			"value": 11
		 }
	  },
	  "js:meeting_cooldown_3": {
          "minecraft:timer": {
            "looping": true,
            "time": 1,
            "time_down_event": {
                "event": "meeting_cooldown_2"
            }
         },
		 "minecraft:variant": {
			"value": 12
		 }
	  },
	  "js:meeting_cooldown_2": {
          "minecraft:timer": {
            "looping": true,
            "time": 1,
            "time_down_event": {
                "event": "meeting_cooldown_1"
            }
         },
		 "minecraft:variant": {
			"value": 13
		 }
	  },
	  "js:meeting_cooldown_1": {
          "minecraft:timer": {
            "looping": true,
            "time": 1,
            "time_down_event": {
                "event": "meeting_cooldown_0"
            }
         },
		 "minecraft:variant": {
			"value": 14
		 }
	  },
	  "js:meeting_cooldown_0": {
          "minecraft:timer": {
            "looping": true,
            "time": 1,
            "time_down_event": {
                "event": "js:remove"
            }
         },
		 "minecraft:variant": {
			"value": 15
		 }
	  },
	  "js:remove": {
		"minecraft:instant_despawn": {}
	  }
	},
	
    "components": {
	  "minecraft:type_family": {
	    "family": [ "inanimate" ]
	  },
		  "minecraft:health": {
			"value": 1
		  },
     "minecraft:interact": {
			"interactions": [
			  {
				"hurt_item": 0,
				"interact_text": "Remove",
				"on_interact": {
				  "filters": {
					"all_of": [
					  {
						"test": "has_equipment",
						"subject": "other",
						"operator": "==",
						"value": "minecraft:barrier"
					  }
					]
				  },
				  "event": "js:remove",
				  "target": "self"
				},
				"play_sounds": "look",
				"swing": true,
				"use_item": false
			  }
			]
	  },
      "minecraft:scale": {
        "value": 1.0
      },
	  "minecraft:collision_box": {
	    "width": 0.6,
	    "height": 0.6
	  },
	  "minecraft:push_through": {
	    "value": 1.0
	  },
	  "minecraft:friction_modifier": {
	    "value": -1.0
	  },
	  "minecraft:damage_sensor": {
			"triggers": [
				{
					"cause": "all",
					"deals_damage": false
				}
			]
	   },
      "minecraft:pushable": {
        "is_pushable": false,
        "is_pushable_by_piston": true
      },
	  "minecraft:physics": {
		"has_gravity": false
	  }
    },
	
	"events": {
	"js:remove": {
	    "add": {
		  "component_groups": [
			"js:remove"
		  ]
		}
	  },
	"js:meeting_cooldown_14": {
	    "add": {
		  "component_groups": [
			"js:meeting_cooldown_15"
		  ]
		},
	    "remove": {
		  "component_groups": [
			"js:meeting_cooldown_14"
		  ]
		}
	  },
	"js:meeting_cooldown_13": {
	    "add": {
		  "component_groups": [
			"js:meeting_cooldown_14"
		  ]
		},
	    "remove": {
		  "component_groups": [
			"js:meeting_cooldown_13"
		  ]
		}
	  },
	"js:meeting_cooldown_12": {
	    "add": {
		  "component_groups": [
			"js:meeting_cooldown_13"
		  ]
		},
	    "remove": {
		  "component_groups": [
			"js:meeting_cooldown_12"
		  ]
		}
	  },
	"js:meeting_cooldown_11": {
	    "add": {
		  "component_groups": [
			"js:meeting_cooldown_12"
		  ]
		},
	    "remove": {
		  "component_groups": [
			"js:meeting_cooldown_11"
		  ]
		}
	  },
	"js:meeting_cooldown_10": {
	    "add": {
		  "component_groups": [
			"js:meeting_cooldown_11"
		  ]
		},
	    "remove": {
		  "component_groups": [
			"js:meeting_cooldown_10"
		  ]
		}
	  },
	"js:meeting_cooldown_9": {
	    "add": {
		  "component_groups": [
			"js:meeting_cooldown_10"
		  ]
		},
	    "remove": {
		  "component_groups": [
			"js:meeting_cooldown_9"
		  ]
		}
	  },
	"js:meeting_cooldown_8": {
	    "add": {
		  "component_groups": [
			"js:meeting_cooldown_9"
		  ]
		},
	    "remove": {
		  "component_groups": [
			"js:meeting_cooldown_8"
		  ]
		}
	  },
	"js:meeting_cooldown_7": {
	    "add": {
		  "component_groups": [
			"js:meeting_cooldown_8"
		  ]
		},
	    "remove": {
		  "component_groups": [
			"js:meeting_cooldown_7"
		  ]
		}
	  },
	"js:meeting_cooldown_6": {
	    "add": {
		  "component_groups": [
			"js:meeting_cooldown_7"
		  ]
		},
	    "remove": {
		  "component_groups": [
			"js:meeting_cooldown_6"
		  ]
		}
	  },
	"js:meeting_cooldown_5": {
	    "add": {
		  "component_groups": [
			"js:meeting_cooldown_6"
		  ]
		},
	    "remove": {
		  "component_groups": [
			"js:meeting_cooldown_5"
		  ]
		}
	  },
	"js:meeting_cooldown_4": {
	    "add": {
		  "component_groups": [
			"js:meeting_cooldown_5"
		  ]
		},
	    "remove": {
		  "component_groups": [
			"js:meeting_cooldown_4"
		  ]
		}
	  },
	"js:meeting_cooldown_3": {
	    "add": {
		  "component_groups": [
			"js:meeting_cooldown_4"
		  ]
		},
	    "remove": {
		  "component_groups": [
			"js:meeting_cooldown_3"
		  ]
		}
	  },
	"js:meeting_cooldown_2": {
	    "add": {
		  "component_groups": [
			"js:meeting_cooldown_3"
		  ]
		},
	    "remove": {
		  "component_groups": [
			"js:meeting_cooldown_2"
		  ]
		}
	  },
	"js:meeting_cooldown_1": {
	    "add": {
		  "component_groups": [
			"js:meeting_cooldown_2"
		  ]
		},
	    "remove": {
		  "component_groups": [
			"js:meeting_cooldown_1"
		  ]
		}
	  },
	"js:meeting_cooldown_0": {
	    "add": {
		  "component_groups": [
			"js:meeting_cooldown_1"
		  ]
		},
	    "remove": {
		  "component_groups": [
			"js:meeting_cooldown_0"
		  ]
		}
	  }
	}
  }
}