{
  "format_version": "1.16.0",
  "minecraft:entity": {
    "description": {
      "identifier": "js:meeting_crisis",
      "is_spawnable": true,
      "is_summonable": true,
      "is_experimental": false
    },
	
	"component_groups": {
	  "js:meeting_crisis": {
		  "minecraft:health": {
			"value": 15
		  }
	  }
	},
	
    "components": {
	  "minecraft:type_family": {
	    "family": [ "inanimate" ]
	  },
		  "minecraft:health": {
			"value": 15
		  },
      "minecraft:scale": {
        "value": 1.0
      },
	  "minecraft:collision_box": {
	    "width": 0.6,
	    "height": 0.6
	  },
	  "minecraft:push_through": {
	    "value": 1.0
	  },
	  "minecraft:friction_modifier": {
	    "value": -1.0
	  },
	  "minecraft:damage_sensor": {
			"triggers": [
				{
					"cause": "all",
					"deals_damage": false
				}
			]
	   },
			"minecraft:boss": {
				"should_darken_sky": false,
				"name": "§l§cCrewmates Cannot Call Emergency Meeting During a Crisis§r",
				"hud_range": 13
			},
      "minecraft:pushable": {
        "is_pushable": false,
        "is_pushable_by_piston": true
      },
	  "minecraft:physics": {
		"has_gravity": false
	  }
    },
	
	"events": {
	"minecraft:entity_spawned": {
	    "add": {
		  "component_groups": [
			"js:meeting_cooldown"
		  ]
		}
	  }
	}
  }
}