{  
  "format_version": "1.16.0",
  "minecraft:entity": {
    "description": {
      "identifier": "minecraft:player",
      "is_spawnable": false,
      "is_summonable": false,
      "is_experimental": false,
      "runtime_identifier": "minecraft:player",
      "scripts": {
        "animate": [
		  "armouroff",
		  "fix_light",
		  "o2_fixing",
		  "vent",
		  "fake_task",
		  "oxygen_sabotage",
		  "reactor_sabotage",
		  "reactor_fixing",
		  "communications_sabotage",
		  "camera",
		  "crewmate_vote",
		  "emergency_meeting_finished",
		  "dead_body_reported_finished",
		  "role_reveal_finished",
		  "death_reset",
		  "spawn",
		  "host",
		  "crewmate_death",
		  "crewmate_death_effect",
		  "crewmate_prime_shields",
		  "crewmate_fast_slow",
		  "weapons_cont",
		  "weapons_cont2",
		  "crewmate_cooldown_cont_2",
		  "crewmate_cooldown_cont",
		  "crewmate_tasks",
		  "crewmate_cont"
        ]
      },
      "animations": {
        "armouroff": "controller.animation.armouroff",
        "vent": "controller.animation.player.vent",
        "death_reset": "controller.animation.death_reset",
        "weapons_cont": "controller.animation.weapons",
        "weapons_cont2": "controller.animation.weapons2",
        "fake_task": "controller.animation.player.fake_task",
        "camera": "controller.animation.player.camera",
        "fix_light": "controller.animation.player.fix_light",
        "o2_fixing": "controller.animation.player.o2_fixing",
        "oxygen_sabotage": "controller.animation.player.oxygen_sabotage",
        "communications_sabotage": "controller.animation.player.communications_sabotage",
        "reactor_sabotage": "controller.animation.player.reactor_sabotage",
        "reactor_fixing": "controller.animation.player.reactor_fixing",
        "role_reveal_finished": "controller.animation.role_reveal_finished",
        "dead_body_reported_finished": "controller.animation.dead_body_reported_finished",
        "emergency_meeting_finished": "controller.animation.emergency_meeting_finished",
        "crewmate_vote": "controller.animation.player.crewmate_voting",
        "spawn": "controller.animation.spawn",
        "crewmate_death": "controller.animation.player.crewmate_death",
        "crewmate_death_effect": "controller.animation.player.crewmate_death_effect",
        "crewmate_cont": "controller.animation.player.crewmate_cont",
        "crewmate_cooldown_cont": "controller.animation.player.crewmate_cooldown_cont",
        "crewmate_cooldown_cont_2": "controller.animation.player.crewmate_cooldown_cont_2",
        "crewmate_prime_shields": "controller.animation.player.crewmate_prime_shields",
        "crewmate_tasks": "controller.animation.player.crewmate_tasks",
        "crewmate_fast_slow": "controller.animation.player.crewmate_fast_slow",
        "hi": "controller.animation.hi",
        "host": "controller.animation.host",
		
        "card_holding": "animation.card_holding",
        "reactor_fix_holding": "animation.reactor_fix_holding",
        "impostor_cooldown": "animation.impostor_cooldown",
        "role_reveal_anim": "animation.role_reveal_anim",
        "dead_body_reported_anim": "animation.dead_body_reported_anim",
        "emergency_meeting_anim": "animation.emergency_meeting_anim"
		
		
      }
    },

    "component_groups": {
		"js:fire_laser": {
			"minecraft:spawn_entity": {
			  "entities": [
				{
				  "min_wait_time": 0,
				  "max_wait_time": 0,
				  "single_use": true,
				  "spawn_entity": "js:laser",
				  "num_to_spawn": 1
				}
			  ]
			}
		},
		"normal": {
		  "minecraft:environment_sensor": {
				"triggers": [
					 {
						   "filters": {
									"test": "has_tag",
									"subject": "self",
									"operator": "==",
									"value": "Crewmate_Aqua"
						   },
						   "event": "crewmate_aqua"
					 },
					 {
						   "filters": {
									"test": "has_tag",
									"subject": "self",
									"operator": "==",
									"value": "Crewmate_Purple"
						   },
						   "event": "crewmate_purple"
					 },
					 {
						   "filters": {
									"test": "has_tag",
									"subject": "self",
									"operator": "==",
									"value": "Crewmate_Yellow"
						   },
						   "event": "crewmate_yellow"
					 },
					 {
						   "filters": {
									"test": "has_tag",
									"subject": "self",
									"operator": "==",
									"value": "Crewmate_Black"
						   },
						   "event": "crewmate_black"
					 },
					 {
						   "filters": {
									"test": "has_tag",
									"subject": "self",
									"operator": "==",
									"value": "Crewmate_Blue"
						   },
						   "event": "crewmate_blue"
					 },
					 {
						   "filters": {
									"test": "has_tag",
									"subject": "self",
									"operator": "==",
									"value": "Crewmate_Brown"
						   },
						   "event": "crewmate_brown"
					 },
					 {
						   "filters": {
									"test": "has_tag",
									"subject": "self",
									"operator": "==",
									"value": "Crewmate_Green"
						   },
						   "event": "crewmate_green"
					 },
					 {
						   "filters": {
									"test": "has_tag",
									"subject": "self",
									"operator": "==",
									"value": "Crewmate_Lime"
						   },
						   "event": "crewmate_lime"
					 },
					 {
						   "filters": {
									"test": "has_tag",
									"subject": "self",
									"operator": "==",
									"value": "Crewmate_Orange"
						   },
						   "event": "crewmate_orange"
					 },
					 {
						   "filters": {
									"test": "has_tag",
									"subject": "self",
									"operator": "==",
									"value": "Crewmate_Pink"
						   },
						   "event": "crewmate_pink"
					 },
					 {
						   "filters": {
									"test": "has_tag",
									"subject": "self",
									"operator": "==",
									"value": "Crewmate_Red"
						   },
						   "event": "crewmate_red"
					 },
					 {
						   "filters": {
									"test": "has_tag",
									"subject": "self",
									"operator": "==",
									"value": "Crewmate_White"
						   },
						   "event": "crewmate_white"
					 },
					 {
						   "filters": {
									"test": "has_tag",
									"subject": "self",
									"operator": "==",
									"value": "Crewmate_Mango"
						   },
						   "event": "crewmate_mango"
					 },
					 {
						   "filters": {
									"test": "has_tag",
									"subject": "self",
									"operator": "==",
									"value": "Crewmate_Apple"
						   },
						   "event": "crewmate_apple"
					 },
					 {
						   "filters": {
									"test": "has_tag",
									"subject": "self",
									"operator": "==",
									"value": "Crewmate_DyDyOOF"
						   },
						   "event": "crewmate_dydyoof"
					 }
				]
		  },
		  "minecraft:collision_box": {
			"width": 0.6,
			"height": 1.8
		  },
		  "minecraft:nameable": {
			"always_show": true,
			"allow_name_tag_renaming": false
		  },
         "minecraft:type_family": {
          "family": [ "player" ]
         },
         "minecraft:mark_variant": {
           "value": 0
         },
         "minecraft:variant": {
            "value": 0
         },
		 "minecraft:knockback_resistance": {
                "value":0 
         },
         "minecraft:underwater_movement": {
            "value": 0.02
         },
         "minecraft:health": {
            "value": 20,
			"max": 20
         },
         "minecraft:movement": {
            "value": 0.1
         },
         "minecraft:attack": {
            "damage": 2
         },
         "minecraft:physics": {
         }
      },
	  "crewmate_dead_voted": {
         "minecraft:type_family": {
          "family": [ "dead" ]
         },
		"minecraft:is_saddled": {}
	  },
	  "crewmate_dead": {
         "minecraft:type_family": {
          "family": [ "dead" ]
         },
		  "minecraft:environment_sensor": {
				"triggers": [
					 {
						   "filters": {
								"all_of": [
									{
										"test": "has_tag",
										"subject": "self",
										"operator": "!=",
										"value": "Crewmate_Aqua"
									},
									{
										"test": "has_tag",
										"subject": "self",
										"operator": "!=",
										"value": "Crewmate_Purple"
									},
									{
										"test": "has_tag",
										"subject": "self",
										"operator": "!=",
										"value": "Crewmate_Yellow"
									},
									{
										"test": "has_tag",
										"subject": "self",
										"operator": "!=",
										"value": "Crewmate_Black"
									},
									{
										"test": "has_tag",
										"subject": "self",
										"operator": "!=",
										"value": "Crewmate_Blue"
									},
									{
										"test": "has_tag",
										"subject": "self",
										"operator": "!=",
										"value": "Crewmate_Brown"
									},
									{
										"test": "has_tag",
										"subject": "self",
										"operator": "!=",
										"value": "Crewmate_Green"
									},
									{
										"test": "has_tag",
										"subject": "self",
										"operator": "!=",
										"value": "Crewmate_Lime"
									},
									{
										"test": "has_tag",
										"subject": "self",
										"operator": "!=",
										"value": "Crewmate_Orange"
									},
									{
										"test": "has_tag",
										"subject": "self",
										"operator": "!=",
										"value": "Crewmate_Pink"
									},
									{
										"test": "has_tag",
										"subject": "self",
										"operator": "!=",
										"value": "Crewmate_Red"
									},
									{
										"test": "has_tag",
										"subject": "self",
										"operator": "!=",
										"value": "Crewmate_White"
									},
									{
										"test": "has_tag",
										"subject": "self",
										"operator": "!=",
										"value": "Crewmate_Mango"
									},
									{
										"test": "has_tag",
										"subject": "self",
										"operator": "!=",
										"value": "Crewmate_Apple"
									},
									{
										"test": "has_tag",
										"subject": "self",
										"operator": "!=",
										"value": "Crewmate_DyDyOOF"
									}
								]
						   },
						   "event": "normal"
					 }
				]
		  },
		  "minecraft:collision_box": {
			"width": 0.6,
			"height": 1.1
		  },
		  "minecraft:mark_variant": {
				"value": 1
		  },
          "minecraft:physics": {
			"has_collision": false,
			"has_gravity": true
          }
	  },
	  "impostor": {
		  "minecraft:type_family": {
			"family": [ "player", "impostor" ]
		  }
	  },
	  "skin_id_0": {
        "minecraft:scheduler": {
          "min_delay_secs": 0,
          "max_delay_secs": 0,
          "scheduled_events" : [
				{
				  "filters": {
						"test": "has_tag",
						"subject": "self",
						"operator": "==",
						"value": "role_reveal"
					},
					"event": "role_reveal"
				},
				{
				  "filters": {
						"test": "has_tag",
						"subject": "self",
						"operator": "==",
						"value": "Meeting"
					},
					"event": "emergency_meeting"
				},
				{
				  "filters": {
						"test": "has_tag",
						"subject": "self",
						"operator": "==",
						"value": "Dead_Body_Reported"
					},
					"event": "dead_body_reported"
				}
			]
		  },
		 "minecraft:skin_id": {
            "value": 0
         }
	  },
	  "role_reveal": {
		  "minecraft:skin_id": {
				"value": 1
		  },
          "minecraft:timer": {
            "looping": true,
            "time": 3.4,
            "time_down_event": {
                "event": "role_reveal_done"
            }
         }
	  },
	  "emergency_meeting": {
		  "minecraft:skin_id": {
				"value": 2
		  },
          "minecraft:timer": {
            "looping": true,
            "time": 2.27,
            "time_down_event": {
                "event": "emergency_meeting_done"
            }
         }
	  },
	  "dead_body_reported": {
		  "minecraft:skin_id": {
				"value": 3
		  },
          "minecraft:timer": {
            "looping": true,
            "time": 2.27,
            "time_down_event": {
                "event": "dead_body_reported_done"
            }
         }
	  },
      "cm1": {
		  "minecraft:environment_sensor": {
				"triggers": [
					 {
						   "filters": {
									"test": "has_tag",
									"subject": "self",
									"operator": "!=",
									"value": "Crewmate_Aqua"
						   },
						   "event": "normal"
					 },
					 {
						   "filters": {
									"test": "has_tag",
									"subject": "self",
									"operator": "==",
									"value": "Crewmate_Dead"
						   },
						   "event": "crewmate_dead"
					 },
					 {
						   "filters": {
									"test": "has_tag",
									"subject": "self",
									"operator": "==",
									"value": "Crewmate_Dead_Voted"
						   },
						   "event": "crewmate_dead_voted"
					 },
					 {
						   "filters": {
									"test": "has_tag",
									"subject": "self",
									"operator": "==",
									"value": "Impostor"
						   },
						   "event": "impostor"
					 }
				]
		  },
		"minecraft:damage_sensor": {
			"triggers": [
				{
					"cause": "all",
					"deals_damage": false
				}
			]
		},
		"minecraft:nameable": {
			"always_show": false,
			"allow_name_tag_renaming": false
		},
        "minecraft:variant": {
            "value": 1
        },
        "minecraft:health": {
            "value": 2,
			"max": 2
        },
        "minecraft:movement": {
            "value": 0.1
        },
        "minecraft:attack": {
            "damage": 2
        }
      },
      "cm2": {	
		  "minecraft:environment_sensor": {
				"triggers": [
					 {
						   "filters": {
									"test": "has_tag",
									"subject": "self",
									"operator": "!=",
									"value": "Crewmate_Purple"
						   },
						   "event": "normal"
					 },
					 {
						   "filters": {
									"test": "has_tag",
									"subject": "self",
									"operator": "==",
									"value": "Crewmate_Dead"
						   },
						   "event": "crewmate_dead"
					 },
					 {
						   "filters": {
									"test": "has_tag",
									"subject": "self",
									"operator": "==",
									"value": "Crewmate_Dead_Voted"
						   },
						   "event": "crewmate_dead_voted"
					 },
					 {
						   "filters": {
									"test": "has_tag",
									"subject": "self",
									"operator": "==",
									"value": "Impostor"
						   },
						   "event": "impostor"
					 }
				]
		  },
		"minecraft:damage_sensor": {
			"triggers": [
				{
					"cause": "all",
					"deals_damage": false
				}
			]
		},
		"minecraft:nameable": {
			"always_show": false,
			"allow_name_tag_renaming": false
		},
        "minecraft:variant": {
            "value": 2
        },
        "minecraft:health": {
            "value": 2,
			"max": 2
        },
        "minecraft:movement": {
            "value": 0.1
        },
        "minecraft:attack": {
            "damage": 2
        }
      },
      "cm3": {	
		  "minecraft:environment_sensor": {
				"triggers": [
					 {
						   "filters": {
									"test": "has_tag",
									"subject": "self",
									"operator": "!=",
									"value": "Crewmate_Yellow"
						   },
						   "event": "normal"
					 },
					 {
						   "filters": {
									"test": "has_tag",
									"subject": "self",
									"operator": "==",
									"value": "Crewmate_Dead"
						   },
						   "event": "crewmate_dead"
					 },
					 {
						   "filters": {
									"test": "has_tag",
									"subject": "self",
									"operator": "==",
									"value": "Crewmate_Dead_Voted"
						   },
						   "event": "crewmate_dead_voted"
					 },
					 {
						   "filters": {
									"test": "has_tag",
									"subject": "self",
									"operator": "==",
									"value": "Impostor"
						   },
						   "event": "impostor"
					 }
				]
		  },
		"minecraft:damage_sensor": {
			"triggers": [
				{
					"cause": "all",
					"deals_damage": false
				}
			]
		},
		"minecraft:nameable": {
			"always_show": false,
			"allow_name_tag_renaming": false
		},
        "minecraft:variant": {
            "value": 3
        },
        "minecraft:health": {
            "value": 2,
			"max": 2
        },
        "minecraft:movement": {
            "value": 0.1
        },
        "minecraft:attack": {
            "damage": 2
        }
      },
      "cm4": {	
		  "minecraft:environment_sensor": {
				"triggers": [
					 {
						   "filters": {
									"test": "has_tag",
									"subject": "self",
									"operator": "!=",
									"value": "Crewmate_Black"
						   },
						   "event": "normal"
					 },
					 {
						   "filters": {
									"test": "has_tag",
									"subject": "self",
									"operator": "==",
									"value": "Crewmate_Dead"
						   },
						   "event": "crewmate_dead"
					 },
					 {
						   "filters": {
									"test": "has_tag",
									"subject": "self",
									"operator": "==",
									"value": "Crewmate_Dead_Voted"
						   },
						   "event": "crewmate_dead_voted"
					 },
					 {
						   "filters": {
									"test": "has_tag",
									"subject": "self",
									"operator": "==",
									"value": "Impostor"
						   },
						   "event": "impostor"
					 }
				]
		  },
		"minecraft:damage_sensor": {
			"triggers": [
				{
					"cause": "all",
					"deals_damage": false
				}
			]
		},
		"minecraft:nameable": {
			"always_show": false,
			"allow_name_tag_renaming": false
		},
        "minecraft:variant": {
            "value": 4
        },
        "minecraft:health": {
            "value": 2,
			"max": 2
        },
        "minecraft:movement": {
            "value": 0.1
        },
        "minecraft:attack": {
            "damage": 2
        }
      },
      "cm5": {	
		  "minecraft:environment_sensor": {
				"triggers": [
					 {
						   "filters": {
									"test": "has_tag",
									"subject": "self",
									"operator": "!=",
									"value": "Crewmate_Blue"
						   },
						   "event": "normal"
					 },
					 {
						   "filters": {
									"test": "has_tag",
									"subject": "self",
									"operator": "==",
									"value": "Crewmate_Dead"
						   },
						   "event": "crewmate_dead"
					 },
					 {
						   "filters": {
									"test": "has_tag",
									"subject": "self",
									"operator": "==",
									"value": "Crewmate_Dead_Voted"
						   },
						   "event": "crewmate_dead_voted"
					 },
					 {
						   "filters": {
									"test": "has_tag",
									"subject": "self",
									"operator": "==",
									"value": "Impostor"
						   },
						   "event": "impostor"
					 }
				]
		  },
		"minecraft:damage_sensor": {
			"triggers": [
				{
					"cause": "all",
					"deals_damage": false
				}
			]
		},
		"minecraft:nameable": {
			"always_show": false,
			"allow_name_tag_renaming": false
		},
        "minecraft:variant": {
            "value": 5
        },
        "minecraft:health": {
            "value": 2,
			"max": 2
        },
        "minecraft:movement": {
            "value": 0.1
        },
        "minecraft:attack": {
            "damage": 2
        }
      },
      "cm6": {	
		  "minecraft:environment_sensor": {
				"triggers": [
					 {
						   "filters": {
									"test": "has_tag",
									"subject": "self",
									"operator": "!=",
									"value": "Crewmate_Brown"
						   },
						   "event": "normal"
					 },
					 {
						   "filters": {
									"test": "has_tag",
									"subject": "self",
									"operator": "==",
									"value": "Crewmate_Dead"
						   },
						   "event": "crewmate_dead"
					 },
					 {
						   "filters": {
									"test": "has_tag",
									"subject": "self",
									"operator": "==",
									"value": "Crewmate_Dead_Voted"
						   },
						   "event": "crewmate_dead_voted"
					 },
					 {
						   "filters": {
									"test": "has_tag",
									"subject": "self",
									"operator": "==",
									"value": "Impostor"
						   },
						   "event": "impostor"
					 }
				]
		  },
		"minecraft:damage_sensor": {
			"triggers": [
				{
					"cause": "all",
					"deals_damage": false
				}
			]
		},
		"minecraft:nameable": {
			"always_show": false,
			"allow_name_tag_renaming": false
		},
        "minecraft:variant": {
            "value": 6
        },
        "minecraft:health": {
            "value": 1,
			"max": 1
        },
        "minecraft:movement": {
            "value": 0.1
        },
        "minecraft:attack": {
            "damage": 2
        }
      },
      "cm7": {	
		  "minecraft:environment_sensor": {
				"triggers": [
					 {
						   "filters": {
									"test": "has_tag",
									"subject": "self",
									"operator": "!=",
									"value": "Crewmate_Green"
						   },
						   "event": "normal"
					 },
					 {
						   "filters": {
									"test": "has_tag",
									"subject": "self",
									"operator": "==",
									"value": "Crewmate_Dead"
						   },
						   "event": "crewmate_dead"
					 },
					 {
						   "filters": {
									"test": "has_tag",
									"subject": "self",
									"operator": "==",
									"value": "Crewmate_Dead_Voted"
						   },
						   "event": "crewmate_dead_voted"
					 },
					 {
						   "filters": {
									"test": "has_tag",
									"subject": "self",
									"operator": "==",
									"value": "Impostor"
						   },
						   "event": "impostor"
					 }
				]
		  },
		"minecraft:damage_sensor": {
			"triggers": [
				{
					"cause": "all",
					"deals_damage": false
				}
			]
		},
		"minecraft:nameable": {
			"always_show": false,
			"allow_name_tag_renaming": false
		},
        "minecraft:variant": {
            "value": 7
        },
        "minecraft:health": {
            "value": 2,
			"max": 2
        },
        "minecraft:movement": {
            "value": 0.1
        },
        "minecraft:attack": {
            "damage": 2
        }
      },
      "cm8": {	
		  "minecraft:environment_sensor": {
				"triggers": [
					 {
						   "filters": {
									"test": "has_tag",
									"subject": "self",
									"operator": "!=",
									"value": "Crewmate_Lime"
						   },
						   "event": "normal"
					 },
					 {
						   "filters": {
									"test": "has_tag",
									"subject": "self",
									"operator": "==",
									"value": "Crewmate_Dead"
						   },
						   "event": "crewmate_dead"
					 },
					 {
						   "filters": {
									"test": "has_tag",
									"subject": "self",
									"operator": "==",
									"value": "Crewmate_Dead_Voted"
						   },
						   "event": "crewmate_dead_voted"
					 },
					 {
						   "filters": {
									"test": "has_tag",
									"subject": "self",
									"operator": "==",
									"value": "Impostor"
						   },
						   "event": "impostor"
					 }
				]
		  },
		"minecraft:damage_sensor": {
			"triggers": [
				{
					"cause": "all",
					"deals_damage": false
				}
			]
		},
		"minecraft:nameable": {
			"always_show": false,
			"allow_name_tag_renaming": false
		},
        "minecraft:variant": {
            "value": 8
        },
        "minecraft:health": {
            "value": 2,
			"max": 2
        },
        "minecraft:movement": {
            "value": 0.1
        },
        "minecraft:attack": {
            "damage": 2
        }
      },
      "cm9": {	
		  "minecraft:environment_sensor": {
				"triggers": [
					 {
						   "filters": {
									"test": "has_tag",
									"subject": "self",
									"operator": "!=",
									"value": "Crewmate_Orange"
						   },
						   "event": "normal"
					 },
					 {
						   "filters": {
									"test": "has_tag",
									"subject": "self",
									"operator": "==",
									"value": "Crewmate_Dead"
						   },
						   "event": "crewmate_dead"
					 },
					 {
						   "filters": {
									"test": "has_tag",
									"subject": "self",
									"operator": "==",
									"value": "Crewmate_Dead_Voted"
						   },
						   "event": "crewmate_dead_voted"
					 },
					 {
						   "filters": {
									"test": "has_tag",
									"subject": "self",
									"operator": "==",
									"value": "Impostor"
						   },
						   "event": "impostor"
					 }
				]
		  },
		"minecraft:damage_sensor": {
			"triggers": [
				{
					"cause": "all",
					"deals_damage": false
				}
			]
		},
		"minecraft:nameable": {
			"always_show": false,
			"allow_name_tag_renaming": false
		},
        "minecraft:variant": {
            "value": 9
        },
        "minecraft:health": {
            "value": 2,
			"max": 2
        },
        "minecraft:movement": {
            "value": 0.1
        },
        "minecraft:attack": {
            "damage": 2
        }
      },
      "cm10": {	
		  "minecraft:environment_sensor": {
				"triggers": [
					 {
						   "filters": {
									"test": "has_tag",
									"subject": "self",
									"operator": "!=",
									"value": "Crewmate_Pink"
						   },
						   "event": "normal"
					 },
					 {
						   "filters": {
									"test": "has_tag",
									"subject": "self",
									"operator": "==",
									"value": "Crewmate_Dead"
						   },
						   "event": "crewmate_dead"
					 },
					 {
						   "filters": {
									"test": "has_tag",
									"subject": "self",
									"operator": "==",
									"value": "Crewmate_Dead_Voted"
						   },
						   "event": "crewmate_dead_voted"
					 },
					 {
						   "filters": {
									"test": "has_tag",
									"subject": "self",
									"operator": "==",
									"value": "Impostor"
						   },
						   "event": "impostor"
					 }
				]
		  },
		"minecraft:damage_sensor": {
			"triggers": [
				{
					"cause": "all",
					"deals_damage": false
				}
			]
		},
		"minecraft:nameable": {
			"always_show": false,
			"allow_name_tag_renaming": false
		},
        "minecraft:variant": {
            "value": 10
        },
        "minecraft:health": {
            "value": 2,
			"max": 2
        },
        "minecraft:movement": {
            "value": 0.1
        },
        "minecraft:attack": {
            "damage": 2
        }
      },
      "cm11": {	
		  "minecraft:environment_sensor": {
				"triggers": [
					 {
						   "filters": {
									"test": "has_tag",
									"subject": "self",
									"operator": "!=",
									"value": "Crewmate_Red"
						   },
						   "event": "normal"
					 },
					 {
						   "filters": {
									"test": "has_tag",
									"subject": "self",
									"operator": "==",
									"value": "Crewmate_Dead"
						   },
						   "event": "crewmate_dead"
					 },
					 {
						   "filters": {
									"test": "has_tag",
									"subject": "self",
									"operator": "==",
									"value": "Crewmate_Dead_Voted"
						   },
						   "event": "crewmate_dead_voted"
					 },
					 {
						   "filters": {
									"test": "has_tag",
									"subject": "self",
									"operator": "==",
									"value": "Impostor"
						   },
						   "event": "impostor"
					 }
				]
		  },
		"minecraft:damage_sensor": {
			"triggers": [
				{
					"cause": "all",
					"deals_damage": false
				}
			]
		},
		"minecraft:nameable": {
			"always_show": false,
			"allow_name_tag_renaming": false
		},
        "minecraft:variant": {
            "value": 11
        },
        "minecraft:health": {
            "value": 2,
			"max": 2
        },
        "minecraft:movement": {
            "value": 0.1
        },
        "minecraft:attack": {
            "damage": 2
        }
      },
      "cm12": {	
		  "minecraft:environment_sensor": {
				"triggers": [
					 {
						   "filters": {
									"test": "has_tag",
									"subject": "self",
									"operator": "!=",
									"value": "Crewmate_White"
						   },
						   "event": "normal"
					 },
					 {
						   "filters": {
									"test": "has_tag",
									"subject": "self",
									"operator": "==",
									"value": "Crewmate_Dead"
						   },
						   "event": "crewmate_dead"
					 },
					 {
						   "filters": {
									"test": "has_tag",
									"subject": "self",
									"operator": "==",
									"value": "Crewmate_Dead_Voted"
						   },
						   "event": "crewmate_dead_voted"
					 },
					 {
						   "filters": {
									"test": "has_tag",
									"subject": "self",
									"operator": "==",
									"value": "Impostor"
						   },
						   "event": "impostor"
					 }
				]
		  },
		"minecraft:damage_sensor": {
			"triggers": [
				{
					"cause": "all",
					"deals_damage": false
				}
			]
		},
		"minecraft:nameable": {
			"always_show": false,
			"allow_name_tag_renaming": false
		},
        "minecraft:variant": {
            "value": 12
        },
        "minecraft:health": {
            "value": 2,
			"max": 2
        },
        "minecraft:movement": {
            "value": 0.1
        },
        "minecraft:attack": {
            "damage": 2
        }
      },
      "cm13": {	
		  "minecraft:environment_sensor": {
				"triggers": [
					 {
						   "filters": {
									"test": "has_tag",
									"subject": "self",
									"operator": "!=",
									"value": "Crewmate_Mango"
						   },
						   "event": "normal"
					 },
					 {
						   "filters": {
									"test": "has_tag",
									"subject": "self",
									"operator": "==",
									"value": "Crewmate_Dead"
						   },
						   "event": "crewmate_dead"
					 },
					 {
						   "filters": {
									"test": "has_tag",
									"subject": "self",
									"operator": "==",
									"value": "Crewmate_Dead_Voted"
						   },
						   "event": "crewmate_dead_voted"
					 },
					 {
						   "filters": {
									"test": "has_tag",
									"subject": "self",
									"operator": "==",
									"value": "Impostor"
						   },
						   "event": "impostor"
					 }
				]
		  },
		"minecraft:damage_sensor": {
			"triggers": [
				{
					"cause": "all",
					"deals_damage": false
				}
			]
		},
		"minecraft:nameable": {
			"always_show": false,
			"allow_name_tag_renaming": false
		},
        "minecraft:variant": {
            "value": 13
        },
        "minecraft:health": {
            "value": 2,
			"max": 2
        },
        "minecraft:movement": {
            "value": 0.1
        },
        "minecraft:attack": {
            "damage": 2
        }
      },
      "cm14": {	
		  "minecraft:environment_sensor": {
				"triggers": [
					 {
						   "filters": {
									"test": "has_tag",
									"subject": "self",
									"operator": "!=",
									"value": "Crewmate_Apple"
						   },
						   "event": "normal"
					 },
					 {
						   "filters": {
									"test": "has_tag",
									"subject": "self",
									"operator": "==",
									"value": "Crewmate_Dead"
						   },
						   "event": "crewmate_dead"
					 },
					 {
						   "filters": {
									"test": "has_tag",
									"subject": "self",
									"operator": "==",
									"value": "Crewmate_Dead_Voted"
						   },
						   "event": "crewmate_dead_voted"
					 },
					 {
						   "filters": {
									"test": "has_tag",
									"subject": "self",
									"operator": "==",
									"value": "Impostor"
						   },
						   "event": "impostor"
					 }
				]
		  },
		"minecraft:damage_sensor": {
			"triggers": [
				{
					"cause": "all",
					"deals_damage": false
				}
			]
		},
		"minecraft:nameable": {
			"always_show": false,
			"allow_name_tag_renaming": false
		},
        "minecraft:variant": {
            "value": 14
        },
        "minecraft:health": {
            "value": 2,
			"max": 2
        },
        "minecraft:movement": {
            "value": 0.1
        },
        "minecraft:attack": {
            "damage": 2
        }
      },
      "cm15": {	
		  "minecraft:environment_sensor": {
				"triggers": [
					 {
						   "filters": {
									"test": "has_tag",
									"subject": "self",
									"operator": "!=",
									"value": "Crewmate_DyDyOOF"
						   },
						   "event": "normal"
					 },
					 {
						   "filters": {
									"test": "has_tag",
									"subject": "self",
									"operator": "==",
									"value": "Crewmate_Dead"
						   },
						   "event": "crewmate_dead"
					 },
					 {
						   "filters": {
									"test": "has_tag",
									"subject": "self",
									"operator": "==",
									"value": "Crewmate_Dead_Voted"
						   },
						   "event": "crewmate_dead_voted"
					 },
					 {
						   "filters": {
									"test": "has_tag",
									"subject": "self",
									"operator": "==",
									"value": "Impostor"
						   },
						   "event": "impostor"
					 }
				]
		  },
		"minecraft:damage_sensor": {
			"triggers": [
				{
					"cause": "all",
					"deals_damage": false
				}
			]
		},
		"minecraft:nameable": {
			"always_show": false,
			"allow_name_tag_renaming": false
		},
        "minecraft:variant": {
            "value": 15
        },
        "minecraft:health": {
            "value": 2,
			"max": 2
        },
        "minecraft:movement": {
            "value": 0.1
        },
        "minecraft:attack": {
            "damage": 2
        }
      }
    },

    "components": {
      "minecraft:environment_sensor": {
			"triggers": [
				 {
					   "filters": {
								"test": "is_family",
								"subject": "self",
								"value": "player"
					   },
					   "event": "normal"
				 }
			]
      },
      "minecraft:equipment": {
        "table": ""
      },
      "minecraft:experience_reward": {
        "on_death": "Math.Min(query.player_level * 7, 100)"
      },
      "minecraft:type_family": {
        "family": [ "player" ]
      },
      "minecraft:is_hidden_when_invisible": {
      },
      "minecraft:loot": {
        "table": "loot_tables/empty.json"
      },
      "minecraft:collision_box": {
        "width": 0.6,
        "height": 1.8
      },
      "minecraft:can_climb": {
      },
      "minecraft:movement": {
        "value": 0.1
      },
      "minecraft:hurt_on_condition": {
        "damage_conditions": [
          {
            "filters": { "test": "in_lava", "subject": "self", "operator": "==", "value": true },
            "cause": "lava",
            "damage_per_tick": 4
          }
        ]
      },
      "minecraft:attack": {
        "damage": 2
      },
      "minecraft:player.saturation": {
        "value": 20
      },
      "minecraft:player.exhaustion": {
        "value": 0,
        "max": 4
      },
      "minecraft:player.level": {
        "value": 0,
        "max": 24791
      },
      "minecraft:player.experience": {
        "value": 0,
        "max": 1
      },
      "minecraft:breathable": {
        "total_supply": 15,
        "suffocate_time": -1,
        "inhale_time": 3.75,
        "generates_bubbles": false
      },
      "minecraft:nameable": {
        "always_show": true,
        "allow_name_tag_renaming": false
      },
      "minecraft:scaffolding_climber": {},
      "minecraft:pushable": {
        "is_pushable": false,
        "is_pushable_by_piston": true
      },
      "minecraft:physics": {
      }
    },

    "events": {
      "normal": {
        "add": {
          "component_groups": [ "normal", "skin_id_0" ]
        },
		"remove": {
          "component_groups": [ "cm1", "cm2", "cm3", "cm4", "cm5", "cm6", "cm7", "cm8", "cm9", "cm10", "cm11", "cm12", "cm13", "cm14", "cm15", "js:crewmate", "crewmate_dead", "impostor", "role_reveal", "emergency_meeting", "crewmate_dead_voted", "dead_body_reported" ]
        }
      },
      "impostor": {
        "add": {
          "component_groups": [ "impostor" ]
        }
      },
      "impostor_remove": {
        "remove": {
          "component_groups": [ "impostor" ]
        }
      },
      "crewmate_dead": {
        "add": {
          "component_groups": [ "crewmate_dead" ]
        }
      },
      "crewmate_dead_voted": {
        "add": {
          "component_groups": [ "crewmate_dead_voted", "crewmate_dead" ]
        }
      },
      "role_reveal": {
        "add": {
          "component_groups": [ "role_reveal" ]
        },
        "remove": {
          "component_groups": [ "skin_id_0" ]
        }
      },
      "emergency_meeting": {
        "add": {
          "component_groups": [ "emergency_meeting" ]
        },
        "remove": {
          "component_groups": [ "skin_id_0" ]
        }
      },
      "emergency_meeting_done": {
        "remove": {
          "component_groups": [ "emergency_meeting" ]
        },
        "add": {
          "component_groups": [ "skin_id_0" ]
        }
      },
      "dead_body_reported": {
        "add": {
          "component_groups": [ "dead_body_reported" ]
        },
        "remove": {
          "component_groups": [ "skin_id_0" ]
        }
      },
      "dead_body_reported_done": {
        "remove": {
          "component_groups": [ "dead_body_reported" ]
        },
        "add": {
          "component_groups": [ "skin_id_0" ]
        }
      },
      "role_reveal_done": {
        "remove": {
          "component_groups": [ "role_reveal" ]
        },
        "add": {
          "component_groups": [ "skin_id_0" ]
        }
      },
        "js:fire_laser": {
		  "add": {
			  "component_groups": [ "js:fire_laser" ]
			}
		},
        "crewmate_aqua": {
		  "add": {
			  "component_groups": [ "cm1", "js:crewmate" ]
			}
		},
        "crewmate_purple": {
		  "add": {
			  "component_groups": [ "cm2", "js:crewmate" ]
			}
		},
        "crewmate_yellow": {
		  "add": {
			  "component_groups": [ "cm3", "js:crewmate" ]
			}
		},
        "crewmate_black": {
		  "add": {
			  "component_groups": [ "cm4", "js:crewmate" ]
			}
		},
        "crewmate_blue": {
		  "add": {
			  "component_groups": [ "cm5", "js:crewmate" ]
			}
		},
        "crewmate_brown": {
		  "add": {
			  "component_groups": [ "cm6", "js:crewmate" ]
			}
		},
        "crewmate_green": {
		  "add": {
			  "component_groups": [ "cm7", "js:crewmate" ]
			}
		},
        "crewmate_lime": {
		  "add": {
			  "component_groups": [ "cm8", "js:crewmate" ]
			}
		},
        "crewmate_orange": {
		  "add": {
			  "component_groups": [ "cm9", "js:crewmate" ]
			}
		},
        "crewmate_pink": {
		  "add": {
			  "component_groups": [ "cm10", "js:crewmate" ]
			}
		},
        "crewmate_red": {
		  "add": {
			  "component_groups": [ "cm11", "js:crewmate" ]
			}
		},
        "crewmate_white": {
		  "add": {
			  "component_groups": [ "cm12", "js:crewmate" ]
			}
		},
        "crewmate_mango": {
		  "add": {
			  "component_groups": [ "cm13", "js:crewmate" ]
			}
		},
        "crewmate_apple": {
		  "add": {
			  "component_groups": [ "cm14", "js:crewmate" ]
			}
		},
        "crewmate_dydyoof": {
		  "add": {
			  "component_groups": [ "cm15", "js:crewmate" ]
			}
		}
    }
  }
}