{
  "format_version": "1.16.0",
  "minecraft:entity": {
    "description": {
      "identifier": "js:slime_monster",
      "is_spawnable": true,
      "is_summonable": true,
      "is_experimental": false
    },

    "components": {
        "minecraft:movement.jump": {
          "jump_delay": [ 0.5, 1.5 ]
        },
      "minecraft:type_family": {
        "family": [ "slime", "monster", "mob" ]
      },
      "minecraft:breathable": {
        "total_supply": 15,
        "suffocate_time": 0
      },
      "minecraft:navigation.walk": {
        "can_path_over_water": true,
        "avoid_water": true
      },
      "minecraft:jump.static": {
      },
      "minecraft:can_climb": {
      },
      "minecraft:hurt_on_condition": {
        "damage_conditions": [
          {
            "filters": { "test": "in_lava", "subject": "self", "operator": "==", "value": true },
            "cause": "lava",
            "damage_per_tick": 4
          }
        ]
      },
        "minecraft:collision_box": {
          "width": 0.52,
          "height": 0.52
        },
        "minecraft:movement": {
          "value": 0.3
        },
	  "minecraft:damage_sensor": {
			"triggers": [
				{
					"cause": "all",
					"deals_damage": false
				}
			]
	   },
      "minecraft:movement.jump": {
        "jump_delay": [ 0.5, 1.5 ]
      },
      "minecraft:nameable": {
      },
      "minecraft:behavior.slime_float": {
        "priority": 1,
        "jump_chance_percentage": 0.8,
        "speed_multiplier": 1.2
      },
      "minecraft:behavior.slime_attack": {
        "priority": 3
      },
      "minecraft:behavior.slime_random_direction": {
        "priority": 4,
        "add_random_time_range": 3,
        "turn_range": 360,
        "min_change_direction_time": 2.0
      },
      "minecraft:behavior.slime_keep_on_jumping": {
        "priority": 5,
        "speed_multiplier": 1.0
      },
      "minecraft:physics": {
      },
      "minecraft:pushable": {
        "is_pushable": true,
        "is_pushable_by_piston": true
      }
    },

    "events": {
      "minecraft:entity_spawned": {
      }
    }
  }
}