{
  "format_version": "1.16.0",
  "minecraft:entity": {
    "description": {
      "identifier": "js:vote_timer",
      "is_spawnable": true,
      "is_summonable": true,
      "is_experimental": false,
			"scripts": {
				"animate": [
					"vote_timer"
				]
			},
			"animations": {
				"vote_timer": "controller.animation.vote_timer"
			}
    },
	
	"component_groups": {
	  "js:vote_time_210": {
		  "minecraft:health": {
			"value": 210
		  }
	  },
	  "js:vote_time_195": {
		  "minecraft:health": {
			"value": 195
		  }
	  },
	  "js:vote_time_180": {
		  "minecraft:health": {
			"value": 180
		  }
	  },
	  "js:vote_time_165": {
		  "minecraft:health": {
			"value": 165
		  }
	  },
	  "js:vote_time_150": {
		  "minecraft:health": {
			"value": 150
		  }
	  },
	  "js:vote_time_135": {
		  "minecraft:health": {
			"value": 135
		  }
	  },
	  "js:vote_time_120": {
		  "minecraft:health": {
			"value": 120
		  }
	  },
	  "js:vote_time_105": {
		  "minecraft:health": {
			"value": 105
		  }
	  },
	  "js:vote_time_90": {
		  "minecraft:health": {
			"value": 90
		  }
	  },
	  "js:vote_time_75": {
		  "minecraft:health": {
			"value": 75
		  }
	  },
	  "js:vote_time_60": {
		  "minecraft:health": {
			"value": 60
		  }
	  },
	  "js:vote_time_45": {
		  "minecraft:health": {
			"value": 45
		  }
	  },
	  "js:vote_time_30": {
		  "minecraft:health": {
			"value": 30
		  }
	  },
	  "js:vote_time_15": {
		  "minecraft:health": {
			"value": 15
		  }
	  },
	  "js:remove": {
		"minecraft:instant_despawn": {}
	  }
	},
	
    "components": {
	  "minecraft:type_family": {
	    "family": [ "inanimate" ]
	  },
		  "minecraft:health": {
			"value": 120
		  },
                "minecraft:spell_effects": {
                    "add_effects": [{
                            "effect": "fatal_poison",
                            "amplifier": 0,
                            "visible": false,
                            "duration": 9999
                        }
                    ]
                },
     "minecraft:interact": {
			"interactions": [
			  {
				"hurt_item": 0,
				"interact_text": "Remove Vent",
				"on_interact": {
				  "filters": {
					"all_of": [
					  {
						"test": "has_equipment",
						"subject": "other",
						"operator": "==",
						"value": "minecraft:barrier"
					  }
					]
				  },
				  "event": "js:remove",
				  "target": "self"
				},
				"play_sounds": "look",
				"swing": true,
				"use_item": false
			  }
			]
	  },
      "minecraft:scale": {
        "value": 1.0
      },
	  "minecraft:collision_box": {
	    "width": 0.6,
	    "height": 0.6
	  },
	  "minecraft:push_through": {
	    "value": 1.0
	  },
	  "minecraft:friction_modifier": {
	    "value": -1.0
	  },
	  "minecraft:damage_sensor": {
			"triggers": [
				{
					"cause": "suffocation",
					"deals_damage": false
				}
			]
	   },
			"minecraft:boss": {
				"should_darken_sky": false,
				"name": "§l§fVoting Time§r",
				"hud_range": 50
			},
      "minecraft:pushable": {
        "is_pushable": false,
        "is_pushable_by_piston": true
      },
	  "minecraft:physics": {
		"has_gravity": false
	  }
    },
	
	"events": {
	"js:vote_time_210": {
	    "add": {
		  "component_groups": [
			"js:vote_time_210"
		  ]
		}
	  },
	"js:vote_time_195": {
	    "add": {
		  "component_groups": [
			"js:vote_time_195"
		  ]
		}
	  },
	"js:vote_time_180": {
	    "add": {
		  "component_groups": [
			"js:vote_time_180"
		  ]
		}
	  },
	"js:vote_time_165": {
	    "add": {
		  "component_groups": [
			"js:vote_time_165"
		  ]
		}
	  },
	"js:vote_time_150": {
	    "add": {
		  "component_groups": [
			"js:vote_time_150"
		  ]
		}
	  },
	"js:vote_time_135": {
	    "add": {
		  "component_groups": [
			"js:vote_time_135"
		  ]
		}
	  },
	  "js:vote_time_120": {
	    "add": {
		  "component_groups": [
			"js:vote_time_120"
		  ]
		}
	  },
	  "js:vote_time_105": {
	    "add": {
		  "component_groups": [
			"js:vote_time_105"
		  ]
		}
	  },
	  "js:vote_time_90": {
	    "add": {
		  "component_groups": [
			"js:vote_time_90"
		  ]
		}
	  },
	  "js:vote_time_75": {
	    "add": {
		  "component_groups": [
			"js:vote_time_75"
		  ]
		}
	  },
	  "js:vote_time_60": {
	    "add": {
		  "component_groups": [
			"js:vote_time_60"
		  ]
		}
	  },
	  "js:vote_time_45": {
	    "add": {
		  "component_groups": [
			"js:vote_time_45"
		  ]
		}
	  },
	  "js:vote_time_30": {
	    "add": {
		  "component_groups": [
			"js:vote_time_30"
		  ]
		}
	  },
	  "js:vote_time_15": {
	    "add": {
		  "component_groups": [
			"js:vote_time_15"
		  ]
		}
	  }
	}
  }
}