{
  "format_version": "1.10.0",
  "minecraft:client_entity": {
    "description": {
      "identifier": "js:calibrate_distributor",
      "materials": {
		"default": "phantom"
      },
      "textures": {
        "default": "textures/props/calibrate_distributor"
      },
      "geometry": {
        "default": "geometry.calibrate_distributor"
      },
      "scripts": {
        "animate": [
          "vent_rot",
          "lever_cont"
        ]
      },
      "animations": {
        "vent_rot": "animation.vent.general",
        "lever_up": "animation.calibrate_distributor.closed",
        "lever_down": "animation.calibrate_distributor.opened",
		
        "lever_cont": "controller.animation.lever"
      },
      "render_controllers": [ 
		"controller.render.default"
	   ]
    }
  }
}