{
  "format_version": "1.10.0",
  "minecraft:client_entity": {
    "description": {
      "identifier": "js:divert_power",
      "materials": {
		"default": "npc",
		"lit": "phantom"
      },
      "textures": {
        "default": "textures/props/divert_power/divert_power",
        "lit": "textures/props/divert_power/divert_power_fix"
      },
      "geometry": {
        "default": "geometry.divert_power"
      },
      "scripts": {
        "animate": [
          "vent_rot"
        ]
      },
      "animations": {
        "vent_rot": "animation.vent.general"
      },
      "render_controllers": [ 
		"controller.render.shield_power"
	   ]
    }
  }
}