{
  "format_version": "1.10.0",
  "minecraft:client_entity": {
    "description": {
      "identifier": "js:lever3",
      "materials": {
		"default": "npc"
      },
      "textures": {
        "default": "textures/props/lever"
      },
      "geometry": {
        "default": "geometry.lever"
      },
      "scripts": {
        "animate": [
          "vent_rot",
          "lever_cont"
        ]
      },
      "animations": {
        "vent_rot": "animation.vent.general",
        "lever_up": "animation.lever.up",
        "lever_down": "animation.lever.down",
		
        "lever_cont": "controller.animation.lever"
      },
      "render_controllers": [ 
		"controller.render.default"
	   ]
    }
  }
}