{
  "format_version": "1.10.0",
  "minecraft:client_entity": {
    "description": {
      "identifier": "js:scan",
      "materials": {
		"default": "phantom"
      },
      "textures": {
        "default": "textures/props/scan"
      },
      "geometry": {
        "default": "geometry.scan"
      },
      "scripts": {
        "animate": [
          "scan",
          "vent_rot"
        ]
      },
      "animations": {
        "idle": "animation.scan.idle",
        "scanning": "animation.scan.scanning",
        "vent_rot": "animation.vent.general",
		
        "scan": "controller.animation.scan"
      },
	  "sound_effects": {
		"scan": "effect.game.scan"
	  },
      "render_controllers": [ 
		"controller.render.default"
	   ]
    }
  }
}