{
  "format_version": "1.10.0",
  "minecraft:client_entity": {
    "description": {
      "identifier": "js:shield_power",
      "materials": {
		"default": "npc",
		"lit": "phantom"
      },
      "textures": {
        "default": "textures/props/shield_power",
        "lit": "textures/props/shield_power2"
      },
      "geometry": {
        "default": "geometry.shield_power"
      },
      "scripts": {
        "animate": [
          { "general": "query.variant == 1" }
        ]
      },
	  "particle_effects": {
		"light": "js:shield_power_light"
	  },
      "animations": {
        "general": "animation.shield_power.general"
      },
      "render_controllers": [ 
		"controller.render.shield_power"
	   ]
    }
  }
}