{
  "format_version": "1.10.0",
  "minecraft:client_entity": {
    "description": {
      "identifier": "js:stabilize_steering",
      "materials": {
		"default": "phantom"
      },
      "textures": {
        "default": "textures/props/stabilize_steering"
      },
      "geometry": {
        "default": "geometry.stabilize_steering"
      },
      "scripts": {
        "animate": [
          "vent_rot"
        ]
      },
      "animations": {
        "vent_rot": "animation.vent.general"
      },
      "render_controllers": [ 
		"controller.render.default"
	   ]
    }
  }
}