{
  "format_version": "1.10.0",
  "minecraft:client_entity": {
    "description": {
      "identifier": "js:crewmate_dummy",
      "materials": {
		"default": "npc"
      },
      "textures": {
        "cm1":"textures/crewmate/aqua",
        "cm2":"textures/crewmate/purple",
        "cm3":"textures/crewmate/yellow",
        "cm4":"textures/crewmate/black",
        "cm5":"textures/crewmate/blue",
        "cm6":"textures/crewmate/brown",
        "cm7":"textures/crewmate/green",
        "cm8":"textures/crewmate/lime",
        "cm9":"textures/crewmate/orange",
        "cm10":"textures/crewmate/pink",
        "cm11":"textures/crewmate/red",
        "cm12":"textures/crewmate/white",
        "cm13":"textures/crewmate/mango",
        "cm14":"textures/crewmate/apple",
        "cm15":"textures/crewmate/dydy",
        "cm16":"textures/crewmate/bendy18",
        "cm17":"textures/crewmate/inkbendy",
        "cm18":"textures/crewmate/inkbendy",
        "cape": "textures/entity/cape_invisible"
      },
      "geometry": {
        "crewmate": "geometry.crewmate",
        "crewmate_dy": "geometry.crewmate_dy",
        "crewmate_hywel": "geometry.crewmatehywel",
        "crewmate_demon": "geometry.crewmatedemon"
      },
      "scripts": {
        "animate": [
          "general"
        ]
      },
      "animations": {
        "general": "animation.crewmate.general"
      },
      "render_controllers": [ 
		"controller.render.crewmate_dummy_2"
	   ]
    }
  }
}