{
  "format_version": "1.10.0",
  "minecraft:client_entity": {
    "description": {
      "identifier": "js:laser",
      "materials": {
	    "default": "charged_creeper"
	  },
      "textures": {
        "default": "textures/screen/laser"
      },
      "animations": {
        "move": "animation.laser.move"
      },
      "scripts": {
        "pre_animation": [
          "variable.shake = query.shake_time - query.frame_alpha;",
          "variable.shake_power = variable.shake > 0.0 ? -Math.sin(variable.shake * 200.0) * variable.shake : 0.0;"
        ],
        "animate": [
          "move"
        ]
      },
      "geometry": {
        "default": "geometry.laser"
      },
      "render_controllers": [ "controller.render.laser" ]
    }
  }
}