{
  "format_version": "1.10.0",
  "minecraft:client_entity": {
    "description": {
      "identifier": "minecraft:player",
      "materials": {
        "default": "entity_alphatest",
        "cape": "entity_alphatest",
        "animated": "player_animated",
        "weapons": "entity_alphablend"
      },
      "textures": {
        "default": "textures/entity/steve",
        "death_screen_anim":"textures/screens/alien_kill2",
        "death_screen":"textures/screens/death_screen",
        "emergency_meeting":"textures/screens/emergency_meeting",
        "weapons":"textures/screens/weapons_overlay",
        "dead_body_reported":"textures/screens/dead_body",
        "role_reveal":"textures/screens/shhhh",
        "cm1":"textures/crewmate/aqua",
        "cm2":"textures/crewmate/purple",
        "cm3":"textures/crewmate/yellow",
        "cm4":"textures/crewmate/black",
        "cm5":"textures/crewmate/blue",
        "cm6":"textures/crewmate/brown",
        "cm7":"textures/crewmate/green",
        "cm8":"textures/crewmate/lime",
        "cm9":"textures/crewmate/orange",
        "cm10":"textures/crewmate/pink",
        "cm11":"textures/crewmate/red",
        "cm12":"textures/crewmate/white",
        "cm13":"textures/crewmate/mango",
        "cm14":"textures/crewmate/apple",
        "cm15":"textures/crewmate/dydy",
        "cm16":"textures/crewmate/hywelmate",
        "alien_kill0":"textures/screens/alien_kill/alien_kill0",
        "alien_kill1":"textures/screens/alien_kill/alien_kill1",
        "alien_kill2":"textures/screens/alien_kill/alien_kill2",
        "alien_kill3":"textures/screens/alien_kill/alien_kill3",
        "alien_kill4":"textures/screens/alien_kill/alien_kill4",
        "alien_kill5":"textures/screens/alien_kill/alien_kill5",
        "alien_kill6":"textures/screens/alien_kill/alien_kill6",
        "alien_kill7":"textures/screens/alien_kill/alien_kill7",
        "alien_kill8":"textures/screens/alien_kill/alien_kill8",
        "alien_kill9":"textures/screens/alien_kill/alien_kill9",
        "alien_kill10":"textures/screens/alien_kill/alien_kill10",
        "alien_kill11":"textures/screens/alien_kill/alien_kill11",
        "alien_kill12":"textures/screens/alien_kill/alien_kill12",
        "alien_kill13":"textures/screens/alien_kill/alien_kill13",
        "alien_kill14":"textures/screens/alien_kill/alien_kill14",
        "alien_kill15":"textures/screens/alien_kill/alien_kill15",
        "alien_kill16":"textures/screens/alien_kill/alien_kill16",
        "alien_kill17":"textures/screens/alien_kill/alien_kill17",
        "alien_kill18":"textures/screens/alien_kill/alien_kill18",
        "alien_kill19":"textures/screens/alien_kill/alien_kill19",
        "cape": "textures/entity/cape_invisible"
      },
      "geometry": {
        "default": "geometry.humanoid.custom",
        "role_reveal": "geometry.role_reveal",
        "death_screen": "geometry.death_screen",
        "emergency_meeting": "geometry.emergency_meeting_screen",
        "dead_body_reported": "geometry.dead_body_reported",
        "death_screen_anim": "geometry.death_screen_anim",
        "crewmate": "geometry.crewmate",
        "crewmate_dy": "geometry.crewmate_dy",
        "crewmate_hywel": "geometry.crewmatehywel",
        "weapons": "geometry.weapons_overlay",
        "cape": "geometry.cape"
      },
      "scripts": {
        "scale": "0.9375",
        "initialize": [
          "variable.is_holding_right = 0.0;",
          "variable.is_blinking = 0.0;",
          "variable.last_blink_time = 0.0;",
          "variable.hand_bob = 0.0;"
        ],
        "pre_animation": [
          "variable.random_js_piedmont = math.round(math.random(0,1));",
          "variable.helmet_layer_visible = 1.0;",
          "variable.leg_layer_visible = 1.0;",
          "variable.boot_layer_visible = 1.0;",
          "variable.chest_layer_visible = 1.0;",
          "variable.attack_body_rot_y = Math.sin(360*Math.sqrt(variable.attack_time)) * 5.0;",
          "variable.tcos0 = (math.cos(query.modified_distance_moved * 38.17) * query.modified_move_speed / variable.gliding_speed_value) * 57.3;",
          "variable.first_person_rotation_factor = math.sin((1 - variable.attack_time) * 180.0);",
          "variable.hand_bob = query.life_time < 0.01 ? 0.0 : variable.hand_bob + ((query.is_on_ground && query.is_alive ? math.clamp(math.sqrt(math.pow(query.position_delta(0), 2.0) + math.pow(query.position_delta(2), 2.0)), 0.0, 0.1) : 0.0) - variable.hand_bob) * 0.02;",
          "variable.is_third_person = !variable.is_first_person && !variable.map_face_icon;"
        ],
        "animate": [
          { "root": "query.variant == 0 && query.mark_variant == 0" },
          "death_screen_cont",
          "death_screen_anim_cont",
          "role_reveal_cont",
          "emergency_meeting_cont",
          "dead_body_reported_cont",
          { "crewmate_emote_cont": "query.variant > 0" },
          { "crewmate_cont": "query.variant > 0" }
        ]
      },
	  "sound_effects": {
		"alien_death": "effect.impostor.kill_alien"
	  },
      "animations": {
        "root": "controller.animation.player.root",
		
        "death_screen_cont": "controller.animation.player.death_screen_cont",
        "death_screen": "animation.death_screen.death",
		
        "death_screen_anim_cont": "controller.animation.player.death_screen_anim_cont",
        "death_screen_anim_alien": "animation.death_screen_anim.alien",
		
        "role_reveal_cont": "controller.animation.player.role_reveal_cont",
        "role_reveal": "animation.role_reveal.general",
		
        "emergency_meeting_cont": "controller.animation.player.emergency_meeting_cont",
        "emergency_meeting": "animation.emergency_meeting.general",
		
        "dead_body_reported_cont": "controller.animation.player.dead_body_reported_cont",
        "dead_body_reported": "animation.dead_body_reported.general",
		
		
        "crewmate_emote_cont": "controller.animation.player.crewmate_emote_cont",
        "crewmate_cont": "controller.animation.player.crewmate_cont",
		
        "crewmate_sitting": "animation.crewmate.sitting",
        "crewmate_leave_seat": "animation.crewmate.leave_seat",
        "crewmate_running": "animation.crewmate.run",
        "crewmate_general": "animation.crewmate.general",
        "crewmate_no_u": "animation.crewmate.no_u",
        "crewmate_thumbs_up": "animation.crewmate.thumbs_up",
        "crewmate_thumbs_down": "animation.crewmate.thumbs_down",
        "crewmate_nais": "animation.crewmate.nais",
        "crewmate_no_emote": "animation.crewmate.no_emote",
        "crewmate_dead_invis": "animation.crewmate.dead_invis",
		
		
        "base_controller": "controller.animation.player.base",
        "hudplayer":  "controller.animation.player.hudplayer",
        "humanoid_base_pose": "animation.humanoid.base_pose",
        "look_at_target": "controller.animation.humanoid.look_at_target",
        "look_at_target_ui": "animation.player.look_at_target.ui",
        "look_at_target_default": "animation.humanoid.look_at_target.default",
        "look_at_target_gliding": "animation.humanoid.look_at_target.gliding",
        "look_at_target_swimming": "animation.humanoid.look_at_target.swimming",
        "look_at_target_inverted": "animation.player.look_at_target.inverted",
        "cape": "animation.player.cape",
        "move.arms": "animation.player.move.arms",
        "move.legs": "animation.player.move.legs",
        "swimming": "animation.player.swim",
        "swimming.legs": "animation.player.swim.legs",
        "riding.arms": "animation.player.riding.arms",
        "riding.legs": "animation.player.riding.legs",
        "holding": "animation.player.holding",
        "brandish_spear": "animation.humanoid.brandish_spear",
        "charging": "animation.humanoid.charging",
        "attack.positions": "animation.player.attack.positions",
        "attack.rotations": "animation.player.attack.rotations",
        "sneaking": "animation.player.sneaking",
        "bob": "animation.player.bob",
        "damage_nearby_mobs": "animation.humanoid.damage_nearby_mobs",
        "bow_and_arrow": "animation.humanoid.bow_and_arrow",
        "fishing_rod": "animation.humanoid.fishing_rod",
        "use_item_progress": "animation.humanoid.use_item_progress",
        "skeleton_attack": "animation.skeleton.attack",
        "sleeping": "animation.player.sleeping",
        "first_person_base_pose": "animation.player.first_person.base_pose",
        "first_person_empty_hand": "animation.player.first_person.empty_hand",
        "first_person_swap_item": "animation.player.first_person.swap_item",
        "first_person_attack_controller": "controller.animation.player.first_person_attack",
        "first_person_attack_rotation": "animation.player.first_person.attack_rotation",
        "first_person_vr_attack_rotation": "animation.player.first_person.vr_attack_rotation",
        "first_person_walk": "animation.player.first_person.walk",
        "first_person_map_controller": "controller.animation.player.first_person_map",
        "first_person_map_hold": "animation.player.first_person.map_hold",
        "first_person_map_hold_attack": "animation.player.first_person.map_hold_attack",
        "first_person_map_hold_off_hand": "animation.player.first_person.map_hold_off_hand",
        "first_person_map_hold_main_hand": "animation.player.first_person.map_hold_main_hand",
        "first_person_crossbow_equipped": "animation.player.first_person.crossbow_equipped",
        "third_person_crossbow_equipped": "animation.player.crossbow_equipped",
        "third_person_bow_equipped": "animation.player.bow_equipped",
        "crossbow_hold": "animation.player.crossbow_hold",
        "crossbow_controller": "controller.animation.player.crossbow",
        "shield_block_main_hand": "animation.player.shield_block_main_hand",
        "shield_block_off_hand": "animation.player.shield_block_off_hand",
        "blink": "controller.animation.persona.blink"
      },
      "render_controllers": [
        { "controller.render.crewmate_death.first_person": "variable.is_first_person && query.mark_variant > 0 && !query.is_saddled" },
        { "controller.render.death_screen_anim.first_person": "variable.is_first_person && query.mark_variant > 0 && !query.is_saddled" },  
		{ "controller.render.weapons.first_person": "variable.is_first_person && query.get_equipped_item_name('main_hand') == 'weapons'" },
        { "controller.render.role_reveal.first_person": "variable.is_first_person && query.skin_id == 1" },
        { "controller.render.emergency_meeting.first_person": "variable.is_first_person && query.skin_id == 2" },
        { "controller.render.dead_body_reported.first_person": "variable.is_first_person && query.skin_id == 3" },
        { "controller.render.player.first_person": "variable.is_first_person" },
        { "controller.render.player.third_person": "!variable.is_first_person && !variable.map_face_icon" },
        { "controller.render.player.map": "variable.map_face_icon" }
      ],
      "enable_attachables": true
    }
  }
}
