{
  "format_version": "1.10.0",
  "minecraft:client_entity": {
    "description": {
      "identifier": "js:slime_monster",
      "materials": {
		"default": "slime"
      },
      "textures": {
        "default":"textures/slime_monster"
      },
      "geometry": {
        "default": "geometry.slime_monster"
      },
      "scripts": {
        "animate": [
          "general"
        ]
      },
      "animations": {
        "general": "animation.spacedog.general"
      },
      "render_controllers": [ 
		"controller.render.default"
	   ]
    }
  }
}