{
  "format_version": "1.10.0",
  "minecraft:client_entity": {
    "description": {
      "identifier": "js:spacedog",
      "materials": {
		"default": "slime"
      },
      "textures": {
        "default":"textures/spacedog"
      },
      "geometry": {
        "default": "geometry.spacedog"
      },
      "scripts": {
        "animate": [
          "general",
          "cont"
        ]
      },
      "animations": {
        "cont": "controller.animation.spacedog",
		
        "general": "animation.spacedog.general",
        "move": "animation.spacedog.move"
      },
      "render_controllers": [ 
		"controller.render.default"
	   ]
    }
  }
}