{
  "format_version": "1.8.0",
  "render_controllers": {
    "controller.render.crewmate_dummy": {
      "arrays": {
        "textures": {
          "Array.textures": [ "Texture.default", "Texture.cm1", "Texture.cm2", "Texture.cm3", "Texture.cm4", "Texture.cm5", "Texture.cm6", "Texture.cm7", "Texture.cm8", "Texture.cm9", "Texture.cm10", "Texture.cm11", "Texture.cm12", "Texture.cm13", "Texture.cm14", "Texture.cm15", "Texture.cm16" ]
        },
        "geometries": {
          "Array.geos": [ "Geometry.default", "Geometry.crewmate", "Geometry.crewmate", "Geometry.crewmate", "Geometry.crewmate", "Geometry.crewmate", "Geometry.crewmate", "Geometry.crewmate", "Geometry.crewmate", "Geometry.crewmate", "Geometry.crewmate", "Geometry.crewmate", "Geometry.crewmate", "Geometry.crewmate", "Geometry.crewmate", "Geometry.crewmate_dy", "Geometry.crewmate_hywel" ]
        }
      },
	  "geometry": "Array.geos[query.variant]",
      "materials": [ { "*": "Material.default" } ],
      "textures": [ "Array.textures[query.variant]" ],
	  "part_visibility": [
        { "*": true }
      ]
    },
    "controller.render.crewmate_dummy_2": {
      "arrays": {
        "textures": {
          "Array.textures": [ "Texture.default", "Texture.cm1", "Texture.cm2", "Texture.cm3", "Texture.cm4", "Texture.cm5", "Texture.cm6", "Texture.cm7", "Texture.cm8", "Texture.cm9", "Texture.cm10", "Texture.cm11", "Texture.cm12", "Texture.cm13", "Texture.cm14", "Texture.cm15", "Texture.cm16", "Texture.cm17", "Texture.cm18" ]
        },
        "geometries": {
          "Array.geos": [ "Geometry.default", "Geometry.crewmate", "Geometry.crewmate", "Geometry.crewmate", "Geometry.crewmate", "Geometry.crewmate", "Geometry.crewmate", "Geometry.crewmate", "Geometry.crewmate", "Geometry.crewmate", "Geometry.crewmate", "Geometry.crewmate", "Geometry.crewmate", "Geometry.crewmate", "Geometry.crewmate", "Geometry.crewmate_dy", "Geometry.crewmate_hywel", "Geometry.crewmate_demon", "Geometry.crewmate_demon" ]
        }
      },
	  "geometry": "Array.geos[query.variant]",
      "materials": [ { "*": "Material.default" } ],
      "textures": [ "Array.textures[query.variant]" ],
	  "part_visibility": [
        { "*": true }
      ]
    }
  }
}
