{
  "format_version": "1.8.0",
  "render_controllers": {
    "controller.render.death_screen_anim.first_person": {
      "rebuild_animation_matrices": true,
      "arrays": {
        "textures": {
          "Array.textures": [ "Texture.alien_kill0", "Texture.alien_kill1", "Texture.alien_kill2", "Texture.alien_kill3", "Texture.alien_kill4", "Texture.alien_kill5", "Texture.alien_kill6", "Texture.alien_kill7", "Texture.alien_kill8", "Texture.alien_kill9", "Texture.alien_kill10", "Texture.alien_kill11", "Texture.alien_kill12", "Texture.alien_kill13", "Texture.alien_kill14", "Texture.alien_kill15", "Texture.alien_kill16", "Texture.alien_kill17", "Texture.alien_kill18", "Texture.alien_kill19" ]
        }
      },
	  "geometry": "Geometry.death_screen_anim",
      "materials": [ { "*": "Material.default" } ],
      "textures": [ "Array.textures[query.anim_time * 10 * (query.mark_variant > 0 && variable.is_first_person)]" ]
    }
  }
}
