{
  "format_version": "1.8.0",
  "render_controllers": {
    "controller.render.player.first_person": {
      "geometry": "Geometry.default",
      "materials": [ { "*": "Material.default" } ],
      "textures": [ "Texture.default" ],
      "part_visibility": [
        { "*": false },
        { "rightArm": "query.get_equipped_item_name(0, 1) == '' ||  query.get_equipped_item_name(0, 1) == 'map' && query.variant == 0" },
        { "rightSleeve": "query.get_equipped_item_name(0, 1) == '' ||  query.get_equipped_item_name(0, 1) == 'map' && query.variant == 0"},
        { "leftArm": "query.variant == 0" },
        { "leftSleeve": "query.variant == 0" }
      ]
    },
    "controller.render.player.third_person": {
      "arrays": {
        "textures": {
          "Array.textures": [ "Texture.default", "Texture.cm1", "Texture.cm2", "Texture.cm3", "Texture.cm4", "Texture.cm5", "Texture.cm6", "Texture.cm7", "Texture.cm8", "Texture.cm9", "Texture.cm10", "Texture.cm11", "Texture.cm12", "Texture.cm13", "Texture.cm14", "Texture.cm15", "Texture.cm16" ]
        },
        "geometries": {
          "Array.geos": [ "Geometry.default", "Geometry.crewmate", "Geometry.crewmate", "Geometry.crewmate", "Geometry.crewmate", "Geometry.crewmate", "Geometry.crewmate", "Geometry.crewmate", "Geometry.crewmate", "Geometry.crewmate", "Geometry.crewmate", "Geometry.crewmate", "Geometry.crewmate", "Geometry.crewmate", "Geometry.crewmate", "Geometry.crewmate_dy", "Geometry.crewmate_hywel" ]
        }
      },
	  "geometry": "Array.geos[query.variant]",
      "materials": [ { "*": "Material.default" } ],
      "textures": [ "Array.textures[query.variant]" ],
	  "part_visibility": [
        { "*": "query.variant > 0 ?  query.distance_from_camera < 15 : true" },
        { "rightItem": false },
        { "helmet": "variable.helmet_layer_visible" },
        { "leftLegging": "variable.leg_layer_visible" },
        { "rightLegging": "variable.leg_layer_visible" },
        { "leftBoot": "variable.boot_layer_visible" },
        { "rightBoot": "variable.boot_layer_visible" },
        { "leftSock": "variable.boot_layer_visible && variable.leg_layer_visible" },
        { "rightSock": "variable.boot_layer_visible && variable.leg_layer_visible" },
        { "bodyArmor": "variable.chest_layer_visible && !query.has_cape" },
        { "leftArmArmor": "variable.chest_layer_visible && !query.has_cape" },
        { "rightArmArmor": "variable.chest_layer_visible && !query.has_cape" },
        { "belt": "variable.chest_layer_visible && variable.leg_layer_visible" }
      ]
    },
    "controller.render.player.map": {
      "geometry": "Geometry.default",
      "materials": [ { "*": "Material.default" } ],
      "textures": [ "Texture.default" ],
      "part_visibility": [
        { "*": false },
        { "head": true },
        { "hat": true },
        { "helmet": true }
      ]
    },
    "controller.render.crewmate_death.first_person": {
      "geometry": "Geometry.death_screen",
      "textures": ["Texture.death_screen"],
      "part_visibility": [
        { "*": "variable.is_first_person && query.mark_variant > 0" }
      ]
    },
    "controller.render.role_reveal.first_person": {
      "geometry": "Geometry.role_reveal",
      "textures": ["Texture.role_reveal"],
      "part_visibility": [
        { "*": "variable.is_first_person && query.skin_id == 1" }
      ]
    },
    "controller.render.emergency_meeting.first_person": {
      "geometry": "Geometry.emergency_meeting",
      "textures": ["Texture.emergency_meeting"],
      "part_visibility": [
        { "*": "variable.is_first_person && query.skin_id == 2" }
      ]
    },
    "controller.render.dead_body_reported.first_person": {
      "geometry": "Geometry.dead_body_reported",
      "textures": ["Texture.dead_body_reported"],
      "part_visibility": [
        { "*": "variable.is_first_person && query.skin_id == 3" }
      ]
    },
    "controller.render.weapons.first_person": {
      "geometry": "Geometry.weapons",
            "materials": [{
                    "*": "Material.weapons"
                }
            ],
      "textures": ["Texture.weapons"],
      "part_visibility": [
        { "*": "variable.is_first_person && query.get_equipped_item_name('main_hand') == 'weapons'" }
      ]
    }
  }
}
