{
  "format_version": "1.8.0",
  "render_controllers": {
    "controller.render.shield_power": {
      "rebuild_animation_matrices": true,
      "arrays": {
        "textures": {
          "Array.textures": [ "Texture.default", "Texture.lit" ]
        },
        "materials": {
          "Array.materials": [ "Material.default", "Material.lit"]
        }
      },
	  "geometry": "Geometry.default",
      "materials": [ { "*": "Array.materials[query.variant]" } ],
      "textures": [ "Array.textures[query.variant]" ]
    }
  }
}