{
	"format_version": "1.12.0",
	"minecraft:geometry": [
		{
			"description": {
				"identifier": "geometry.admin_comp",
				"texture_width": 128,
				"texture_height": 128,
				"visible_bounds_width": 26,
				"visible_bounds_height": 10.5,
				"visible_bounds_offset": [0, 0.75, 0]
			},
			"bones": [
				{
					"name": "waist",
					"pivot": [-1.9, 12, -6],
					"cubes": [
						{"origin": [-12, 18, 7], "size": [24, 18, 1], "uv": [34, 0]},
						{"origin": [20, 18, 7], "size": [24, 18, 1], "uv": [34, 0]},
						{"origin": [-44, 18, 7], "size": [24, 18, 1], "uv": [34, 0]},
						{"origin": [-10, 20, 6.8], "size": [20, 14, 0], "uv": [44, 62]},
						{"origin": [-42, 20, 6.8], "size": [20, 14, 0], "uv": [0, 62]},
						{"origin": [22, 20, 6.8], "size": [20, 14, 0], "uv": [34, 46]},
						{"origin": [-13, 14, -2], "size": [26, 2, 10], "uv": [34, 34]},
						{"origin": [19, 14, -2], "size": [26, 2, 10], "uv": [34, 34]},
						{"origin": [-45, 14, -2], "size": [26, 2, 10], "uv": [34, 34]},
						{"origin": [13, 0, -3], "size": [6, 48, 11], "uv": [0, 0]},
						{"origin": [45, 0, -4], "size": [6, 48, 11], "uv": [0, 0]},
						{"origin": [-19, 0, -3], "size": [6, 48, 11], "uv": [0, 0]},
						{"origin": [-51, 0, -3], "size": [6, 48, 11], "uv": [0, 0]}
					]
				}
			]
		}
	]
}