{
	"format_version": "1.12.0",
	"minecraft:geometry": [
		{
			"description": {
				"identifier": "geometry.align_engine",
				"texture_width": 64,
				"texture_height": 64,
				"visible_bounds_width": 3,
				"visible_bounds_height": 2.5,
				"visible_bounds_offset": [0, 0.75, 0]
			},
			"bones": [
				{
					"name": "waist",
					"pivot": [0, 0, 0]
				},
				{
					"name": "unknown_bone",
					"parent": "waist",
					"pivot": [0, 0, 0],
					"cubes": [
						{"origin": [-7, 0, 5], "size": [14, 16, 4], "pivot": [0, 0, 5], "rotation": [-7.5, 0, 0], "uv": [0, 0]}
					]
				}
			]
		}
	]
}