{
	"format_version": "1.12.0",
	"minecraft:geometry": [
		{
			"description": {
				"identifier": "geometry.asteroid_4",
				"texture_width": 99,
				"texture_height": 103,
				"visible_bounds_width": 3,
				"visible_bounds_height": 1.5,
				"visible_bounds_offset": [0, 0.25, 0]
			},
			"bones": [
				{
					"name": "waist",
					"pivot": [0, 0, 0],
					"cubes": [
						{
							"origin": [-9, 0, -8],
							"size": [17, 1, 16],
							"uv": {
								"north": {"uv": [0, 0], "uv_size": [0.45818, 0]},
								"east": {"uv": [0, 0], "uv_size": [6.1875, 6.4375]},
								"south": {"uv": [0, 0], "uv_size": [6.1875, 6.4375]},
								"west": {"uv": [0, 0], "uv_size": [6.1875, 6.4375]},
								"up": {"uv": [98.64164, 102.00079], "uv_size": [-98.64164, -102.00079]},
								"down": {"uv": [6.1875, 6.4375], "uv_size": [-6.1875, -6.4375]}
							}
						}
					]
				}
			]
		}
	]
}