{
	"format_version": "1.12.0",
	"minecraft:geometry": [
		{
			"description": {
				"identifier": "geometry.asteroid_4",
				"texture_width": 158,
				"texture_height": 78,
				"visible_bounds_width": 3,
				"visible_bounds_height": 1.5,
				"visible_bounds_offset": [0, 0.25, 0]
			},
			"bones": [
				{
					"name": "waist",
					"pivot": [0, 0, 0],
					"cubes": [
						{
							"origin": [-11, 0, -8],
							"size": [24, 1, 16],
							"uv": {
								"north": {"uv": [0, 0], "uv_size": [0.73124, 0]},
								"east": {"uv": [0, 0], "uv_size": [9.875, 4.875]},
								"south": {"uv": [0, 0], "uv_size": [9.875, 4.875]},
								"west": {"uv": [0, 0], "uv_size": [9.875, 4.875]},
								"up": {"uv": [157.42807, 77.24332], "uv_size": [-157.42807, -77.24332]},
								"down": {"uv": [9.875, 4.875], "uv_size": [-9.875, -4.875]}
							}
						}
					]
				}
			]
		}
	]
}