{
	"format_version": "1.12.0",
	"minecraft:geometry": [
		{
			"description": {
				"identifier": "geometry.asteroid_2",
				"texture_width": 167,
				"texture_height": 111,
				"visible_bounds_width": 3,
				"visible_bounds_height": 1.5,
				"visible_bounds_offset": [0, 0.25, 0]
			},
			"bones": [
				{
					"name": "waist",
					"pivot": [0, 0, 0],
					"cubes": [
						{
							"origin": [-11, 0, -8],
							"size": [22, 1, 16],
							"uv": {
								"north": {"uv": [0, 0], "uv_size": [0.77289, 0]},
								"east": {"uv": [0, 0], "uv_size": [10.4375, 6.9375]},
								"south": {"uv": [0, 0], "uv_size": [10.4375, 6.9375]},
								"west": {"uv": [0, 0], "uv_size": [10.4375, 6.9375]},
								"up": {"uv": [166.39549, 109.92319], "uv_size": [-166.39549, -109.92319]},
								"down": {"uv": [10.4375, 6.9375], "uv_size": [-10.4375, -6.9375]}
							}
						}
					]
				}
			]
		}
	]
}