{
	"format_version": "1.12.0",
	"minecraft:geometry": [
		{
			"description": {
				"identifier": "geometry.asteroid_3",
				"texture_width": 103,
				"texture_height": 89,
				"visible_bounds_width": 2,
				"visible_bounds_height": 1.5,
				"visible_bounds_offset": [0, 0.25, 0]
			},
			"bones": [
				{
					"name": "waist",
					"pivot": [0, 0, 0],
					"cubes": [
						{
							"origin": [-8, 0, -8],
							"size": [16, 1, 16],
							"uv": {
								"north": {"uv": [0, 0], "uv_size": [0.47669, 0]},
								"east": {"uv": [0, 0], "uv_size": [6.4375, 5.5625]},
								"south": {"uv": [0, 0], "uv_size": [6.4375, 5.5625]},
								"west": {"uv": [0, 0], "uv_size": [6.4375, 5.5625]},
								"up": {"uv": [102.62716, 88.13661], "uv_size": [-102.62716, -88.13661]},
								"down": {"uv": [6.4375, 5.5625], "uv_size": [-6.4375, -5.5625]}
							}
						}
					]
				}
			]
		}
	]
}