{
	"format_version": "1.12.0",
	"minecraft:geometry": [
		{
			"description": {
				"identifier": "geometry.asteroid_1",
				"texture_width": 121,
				"texture_height": 97,
				"visible_bounds_width": 2,
				"visible_bounds_height": 1.5,
				"visible_bounds_offset": [0, 0.25, 0]
			},
			"bones": [
				{
					"name": "waist",
					"pivot": [0, 0, 0],
					"cubes": [
						{
							"origin": [-8, 0, -8],
							"size": [16, 1, 16],
							"uv": {
								"north": {"uv": [0, 0], "uv_size": [0.56, 0]},
								"east": {"uv": [0, 0], "uv_size": [7.5625, 6.0625]},
								"south": {"uv": [0, 0], "uv_size": [7.5625, 6.0625]},
								"west": {"uv": [0, 0], "uv_size": [7.5625, 6.0625]},
								"up": {"uv": [120.562, 96.059], "uv_size": [-120.562, -96.059]},
								"down": {"uv": [7.5625, 6.0625], "uv_size": [-7.5625, -6.0625]}
							}
						}
					]
				}
			]
		}
	]
}