{
	"format_version": "1.12.0",
	"minecraft:geometry": [
		{
			"description": {
				"identifier": "geometry.bed",
				"texture_width": 128,
				"texture_height": 128,
				"visible_bounds_width": 3,
				"visible_bounds_height": 2.5,
				"visible_bounds_offset": [0, 0.75, 0]
			},
			"bones": [
				{
					"name": "waist",
					"pivot": [0, 0, -16],
					"cubes": [
						{"origin": [-8, 10, -24], "size": [16, 5, 32], "uv": [0, 0]},
						{"origin": [-6, 15, 0], "size": [12, 3, 7], "pivot": [0, 15, 8], "rotation": [10, 0, 0], "uv": [0, 60]},
						{"origin": [-3, 15, -22], "size": [12, 3, 7], "pivot": [3, 15, -14], "rotation": [0, 17.5, 0], "uv": [39, 39]},
						{"origin": [-6, 2, -7], "size": [12, 8, 15], "uv": [0, 37]},
						{"origin": [-6, 2, -18], "size": [12, 7, 11], "inflate": -0.01, "pivot": [0, 2, -7], "rotation": [-50, 0, 0], "uv": [43, 49]},
						{"origin": [-6, -1, 2], "size": [12, 4, 4], "inflate": -0.01, "pivot": [0, -1, 6], "rotation": [-50, 0, 0], "uv": [0, 0]}
					]
				}
			]
		}
	]
}