{
	"format_version": "1.12.0",
	"minecraft:geometry": [
		{
			"description": {
				"identifier": "geometry.calibrate_distributor",
				"texture_width": 64,
				"texture_height": 64,
				"visible_bounds_width": 2,
				"visible_bounds_height": 3.5,
				"visible_bounds_offset": [0, 1.25, 0]
			},
			"bones": [
				{
					"name": "waist",
					"pivot": [0, 0, 0],
					"cubes": [
						{"origin": [-7, 7, 7.8], "size": [14, 22, 0], "uv": [0, 23]}
					]
				},
				{
					"name": "trapdoor",
					"parent": "waist",
					"pivot": [7, 19, 8],
					"cubes": [
						{"origin": [-7, 7, 7], "size": [14, 22, 1], "uv": [0, 0]}
					]
				}
			]
		}
	]
}