{
	"format_version": "1.12.0",
	"minecraft:geometry": [
		{
			"description": {
				"identifier": "geometry.camera",
				"texture_width": 32,
				"texture_height": 32,
				"visible_bounds_width": 2,
				"visible_bounds_height": 2.5,
				"visible_bounds_offset": [0, 0.75, 0]
			},
			"bones": [
				{
					"name": "waist",
					"pivot": [0, 0, 0],
					"cubes": [
						{"origin": [-2, 10, 7], "size": [4, 4, 1], "uv": [0, 14]},
						{"origin": [-1, 11, 4], "size": [2, 2, 3], "uv": [13, 13]}
					]
				},
				{
					"name": "head",
					"parent": "waist",
					"pivot": [0, 12, 4],
					"rotation": [25, 0, 0],
					"cubes": [
						{"origin": [-2.5, 11, 0], "size": [5, 3, 5], "uv": [0, 0]},
						{"origin": [-1, 13.5, 0.5], "size": [2, 1, 2], "uv": [13, 8]},
						{"origin": [-2.5, 11, -3], "size": [5, 3, 3], "uv": [0, 8]}
					]
				}
			]
		}
	]
}