{
	"format_version": "1.12.0",
	"minecraft:geometry": [
		{
			"description": {
				"identifier": "geometry.chair",
				"texture_width": 64,
				"texture_height": 64,
				"visible_bounds_width": 2,
				"visible_bounds_height": 2.5,
				"visible_bounds_offset": [0, 0.75, 0]
			},
			"bones": [
				{
					"name": "waist",
					"pivot": [0, 0, 0],
					"cubes": [
						{"origin": [-1, 0, -1], "size": [2, 6, 2], "uv": [0, 0]},
						{"origin": [-6, 6, -6], "size": [12, 4, 12], "uv": [0, 0]},
						{"origin": [-6, 6, -6], "size": [12, 2, 12], "uv": [0, 16]},
						{"origin": [-6, 8, 4], "size": [12, 9, 2], "pivot": [0, 10, 2], "rotation": [-2.5, 0, 0], "uv": [32, 32]},
						{"origin": [-5, 17, 4], "size": [10, 2, 2], "pivot": [0, 10, 2], "rotation": [-2.5, 0, 0], "uv": [36, 0]},
						{"origin": [-6, 10, 2], "size": [12, 10, 4], "pivot": [0, 10, 2], "rotation": [-2.5, 0, 0], "uv": [0, 30]}
					]
				}
			]
		}
	]
}