{
	"format_version": "1.12.0",
	"minecraft:geometry": [
		{
			"description": {
				"identifier": "geometry.chart_course",
				"texture_width": 128,
				"texture_height": 128,
				"visible_bounds_width": 4,
				"visible_bounds_height": 2.5,
				"visible_bounds_offset": [0, 0.75, 0]
			},
			"bones": [
				{
					"name": "waist",
					"pivot": [0, 0, 0],
					"cubes": [
						{"origin": [-14, 0, 1], "size": [30, 12, 7], "uv": [0, 16]},
						{"origin": [16, 0, 1], "size": [18, 12, 7], "pivot": [16, 0, 8], "rotation": [0, 40, 0], "uv": [45, 47]},
						{"origin": [16.16588, 12.07006, -1.57669], "size": [18, 4, 10], "inflate": 0.01, "pivot": [15.16588, 12.07006, 8.42331], "rotation": [25, 35, 0], "uv": [56, 66]},
						{"origin": [-15, 12, -4], "size": [30, 4, 12], "inflate": 0.01, "pivot": [0, 12, 8], "rotation": [22.5, 0, 0], "uv": [0, 0]}
					]
				}
			]
		}
	]
}