{
	"format_version": "1.12.0",
	"minecraft:geometry": [
		{
			"description": {
				"identifier": "geometry.cleanO2",
				"texture_width": 64,
				"texture_height": 64,
				"visible_bounds_width": 3,
				"visible_bounds_height": 2.5,
				"visible_bounds_offset": [0, 0.75, 0]
			},
			"bones": [
				{
					"name": "waist",
					"pivot": [0, 0, 0],
					"cubes": [
						{"origin": [2, 1, -1], "size": [6, 6, 10], "inflate": -0.01, "pivot": [8, 1, -1], "rotation": [0, 20, 0], "uv": [22, 22]},
						{"origin": [-8, 1, -1], "size": [6, 6, 10], "inflate": -0.01, "pivot": [-8, 1, -1], "rotation": [0, -20, 0], "uv": [0, 12]},
						{"origin": [-6, 0, -2], "size": [12, 9, 3], "uv": [0, 38]},
						{"origin": [-8, 1, -1], "size": [16, 6, 6], "uv": [0, 0]}
					]
				}
			]
		}
	]
}