{
	"format_version": "1.12.0",
	"minecraft:geometry": [
		{
			"description": {
				"identifier": "geometry.clear_asteroids",
				"texture_width": 128,
				"texture_height": 128,
				"visible_bounds_width": 4,
				"visible_bounds_height": 3.5,
				"visible_bounds_offset": [0, 1.25, 0]
			},
			"bones": [
				{
					"name": "waist",
					"pivot": [0, 0, 0],
					"cubes": [
						{"origin": [-11, 0, -11], "size": [22, 3, 22], "uv": [0, 0]},
						{"origin": [3, 3, 1], "size": [2, 8, 2], "uv": [120, 0]},
						{"origin": [0, 3, 5], "size": [2, 8, 2], "uv": [120, 0]},
						{"origin": [9, 0, -11], "size": [6, 4, 5], "pivot": [9, 3, -8], "rotation": [0, 42.5, 0], "uv": [0, 0]},
						{"origin": [-14, 0, -16], "size": [6, 4, 5], "pivot": [-14, 3, -13], "rotation": [0, -45, 0], "uv": [0, 0]},
						{"origin": [9, 0, 7], "size": [6, 4, 5], "pivot": [9, 3, 10], "rotation": [0, -45, 0], "uv": [0, 0]},
						{"origin": [-13, 0, 11], "size": [6, 4, 5], "pivot": [-13, 3, 14], "rotation": [0, 45, 0], "uv": [0, 0]}
					]
				},
				{
					"name": "chair",
					"parent": "waist",
					"pivot": [-4, 6, 0],
					"rotation": [-180, -57.5, 180],
					"cubes": [
						{"origin": [-9, 3, -5], "size": [10, 3, 10], "uv": [40, 40]},
						{"origin": [-9, 6, 2], "size": [10, 8, 3], "inflate": 0.1, "pivot": [-4, 6, 3], "rotation": [-7.5, 0, 0], "uv": [0, 44]}
					]
				},
				{
					"name": "screen",
					"parent": "waist",
					"pivot": [5, 6, 6],
					"rotation": [0, 57.5, 0],
					"cubes": [
						{"origin": [-8.5, 14, 6], "size": [25, 19, 0], "uv": [0, 25]}
					]
				}
			]
		}
	]
}