{
	"format_version": "1.12.0",
	"minecraft:geometry": [
		{
			"description": {
				"identifier": "geometry.communications_machine",
				"texture_width": 128,
				"texture_height": 128,
				"visible_bounds_width": 4,
				"visible_bounds_height": 3.5,
				"visible_bounds_offset": [0, 1.25, 0]
			},
			"bones": [
				{
					"name": "waist",
					"pivot": [0, 0, 0],
					"cubes": [
						{
							"origin": [0, 0, -2],
							"size": [23, 35, 10],
							"uv": {
								"north": {"uv": [10, 58], "uv_size": [23, 35]},
								"east": {"uv": [0, 58], "uv_size": [10, 35]},
								"south": {"uv": [43, 58], "uv_size": [23, 35]},
								"west": {"uv": [33, 58], "uv_size": [10, 35]},
								"up": {"uv": [10, 48], "uv_size": [23, 10]},
								"down": {"uv": [33, 58], "uv_size": [23, -10]}
							}
						},
						{
							"origin": [-23, 0, -2],
							"size": [23, 35, 10],
							"uv": {
								"north": {"uv": [10, 10], "uv_size": [23, 35]},
								"east": {"uv": [0, 10], "uv_size": [10, 35]},
								"south": {"uv": [43, 10], "uv_size": [23, 35]},
								"west": {"uv": [33, 10], "uv_size": [10, 35]},
								"up": {"uv": [10, 0], "uv_size": [23, 10]},
								"down": {"uv": [33, 10], "uv_size": [23, -10]}
							}
						}
					]
				},
				{
					"name": "spinnything",
					"parent": "waist",
					"pivot": [7.5, 25.5, 0],
					"cubes": [
						{
							"origin": [4, 22, -2.1],
							"size": [7, 7, 0],
							"uv": {
								"north": {"uv": [14, 99], "uv_size": [7, 7]},
								"east": {"uv": [90, 50], "uv_size": [10, 35]},
								"south": {"uv": [100, 62], "uv_size": [4, 31]},
								"west": {"uv": [87, 54], "uv_size": [10, 35]},
								"up": {"uv": [90, 50], "uv_size": [23, 10]},
								"down": {"uv": [97, 70], "uv_size": [23, -10]}
							}
						}
					]
				},
				{
					"name": "spinnything2",
					"parent": "waist",
					"pivot": [15.5, 25.5, 0],
					"cubes": [
						{
							"origin": [12, 22, -2.1],
							"size": [7, 7, 0],
							"uv": {
								"north": {"uv": [22, 99], "uv_size": [7, 7]},
								"east": {"uv": [90, 50], "uv_size": [10, 35]},
								"south": {"uv": [100, 62], "uv_size": [4, 31]},
								"west": {"uv": [87, 54], "uv_size": [10, 35]},
								"up": {"uv": [90, 50], "uv_size": [23, 10]},
								"down": {"uv": [97, 70], "uv_size": [23, -10]}
							}
						}
					]
				}
			]
		}
	]
}