{
	"format_version": "1.12.0",
	"minecraft:geometry": [
		{
			"description": {
				"identifier": "geometry.crate",
				"texture_width": 256,
				"texture_height": 256,
				"visible_bounds_width": 26,
				"visible_bounds_height": 10.5,
				"visible_bounds_offset": [0, 0.75, 0]
			},
			"bones": [
				{
					"name": "waist",
					"pivot": [0, 0, -31]
				},
				{
					"name": "box",
					"parent": "waist",
					"pivot": [31.1, 0, 0],
					"rotation": [0, -25, 0],
					"cubes": [
						{"origin": [26, 0, -6], "size": [12, 17, 12], "uv": [0, 0]},
						{"origin": [27, 17, -5], "size": [10, 1, 10], "uv": [0, 29]}
					]
				},
				{
					"name": "box2",
					"parent": "waist",
					"pivot": [-26.1, 32, 16],
					"rotation": [0, -47.5, 0],
					"cubes": [
						{"origin": [-28.26272, 32, 13.60379], "size": [18, 18, 18], "uv": [144, 0]}
					]
				},
				{
					"name": "head",
					"parent": "waist",
					"pivot": [-1.9, 12, -37],
					"cubes": [
						{"origin": [-24, 0, -39], "size": [48, 48, 48], "uv": [0, 0]},
						{"origin": [-12, 0, 9], "size": [48, 48, 32], "uv": [0, 96]},
						{"origin": [-44, 0, 9], "size": [32, 32, 32], "uv": [128, 144]}
					]
				},
				{
					"name": "box3",
					"parent": "waist",
					"pivot": [-5.1, 47, -12],
					"rotation": [0, 37.5, 0],
					"cubes": [
						{"origin": [-17, 48, -21.0718], "size": [18, 18, 18], "uv": [144, 0]},
						{"origin": [14.12145, 0, -50.13131], "size": [18, 18, 18], "uv": [144, 0]},
						{"origin": [-77.18096, 0, -23.13374], "size": [18, 18, 18], "uv": [144, 0]}
					]
				},
				{
					"name": "spinny_box",
					"parent": "waist",
					"pivot": [25, 67, 25],
					"rotation": [0, 30, -160],
					"cubes": [
						{"origin": [17.05592, 56.68404, 16.74653], "size": [18, 18, 18], "uv": [144, 0]}
					]
				},
				{
					"name": "box4",
					"parent": "waist",
					"pivot": [5, 0, 51],
					"rotation": [0, -132.5, 0],
					"cubes": [
						{"origin": [-1, 0, 46], "size": [12, 17, 12], "uv": [0, 0]},
						{"origin": [0, 17, 47], "size": [10, 1, 10], "uv": [0, 29]}
					]
				},
				{
					"name": "box5",
					"parent": "waist",
					"pivot": [-5, 22, -31],
					"cubes": [
						{"origin": [0, 24, -31], "size": [0, 0, 0], "uv": [0, 0]}
					]
				},
				{
					"name": "box6",
					"parent": "waist",
					"pivot": [5, 22, -31],
					"cubes": [
						{"origin": [0, 24, -31], "size": [0, 0, 0], "uv": [0, 0]}
					]
				},
				{
					"name": "side",
					"parent": "waist",
					"pivot": [-45, 3, 139]
				},
				{
					"name": "box7",
					"parent": "side",
					"pivot": [-45, 3, 139],
					"rotation": [0, -17.5, 0],
					"cubes": [
						{"origin": [-55, 3, 132], "size": [18, 18, 18], "inflate": 3, "uv": [144, 0]}
					]
				},
				{
					"name": "box8",
					"parent": "side",
					"pivot": [-70, 22, 129],
					"rotation": [0, 12.5, 0],
					"cubes": [
						{"origin": [-75, 17, 124], "size": [10, 1, 10], "uv": [0, 29]},
						{"origin": [-76, 0, 123], "size": [12, 17, 12], "uv": [0, 0]}
					]
				},
				{
					"name": "box9",
					"parent": "side",
					"pivot": [-87, 1, 117],
					"rotation": [0, 70, 0],
					"cubes": [
						{"origin": [-91, 17, 113], "size": [10, 1, 10], "uv": [0, 29]},
						{"origin": [-92, 0, 112], "size": [12, 17, 12], "uv": [0, 0]}
					]
				},
				{
					"name": "box10",
					"parent": "side",
					"pivot": [-103, 2, 105],
					"rotation": [0, 37.5, 0],
					"cubes": [
						{"origin": [-104, 0, 98], "size": [12, 17, 12], "uv": [0, 0]},
						{"origin": [-103, 17, 99], "size": [10, 1, 10], "uv": [0, 29]}
					]
				}
			]
		}
	]
}