{
	"format_version": "1.12.0",
	"minecraft:geometry": [
		{
			"description": {
				"identifier": "geometry.crewmate",
				"texture_width": 64,
				"texture_height": 64,
				"visible_bounds_width": 3,
				"visible_bounds_height": 3.5,
				"visible_bounds_offset": [0, 1.25, 0]
			},
			"bones": [
				{
					"name": "waist",
					"pivot": [0, 0, 0]
				},
				{
					"name": "body",
					"parent": "waist",
					"pivot": [0, 11, 0]
				},
				{
					"name": "upper_body",
					"parent": "body",
					"pivot": [0, -1, 0],
					"cubes": [
						{"origin": [-5.5, 13, -3.5], "size": [11, 9, 8], "uv": [0, 0]},
						{"origin": [5.5, 14, -1.5], "size": [3, 5, 0], "uv": [52, 0]},
						{"origin": [5.5, 14, -4.5], "size": [3, 5, 0], "pivot": [0, -3, -3], "rotation": [0, 180, 0], "uv": [0, 43]},
						{"origin": [-4, 15, -4.5], "size": [8, 5, 1], "uv": [38, 7]}
					]
				},
				{
					"name": "backpack",
					"parent": "upper_body",
					"pivot": [0, 16, 7],
					"cubes": [
						{"origin": [-5, 13, 4.5], "size": [10, 6, 5], "uv": [30, 32]}
					]
				},
				{
					"name": "apple",
					"parent": "upper_body",
					"pivot": [0, 27.66192, 2.38478],
					"cubes": [
						{"origin": [-2, 22, -1], "size": [4, 3, 4], "uv": [38, 24]},
						{"origin": [-0.5, 25, 1], "size": [1, 3, 0], "pivot": [0, 25, 1], "rotation": [-27.5, 0, 0], "uv": [5, 0]},
						{"origin": [-0.5, 27.66192, 2.38478], "size": [1, 3, 0], "pivot": [0, 27.66192, 2.38478], "rotation": [-62.5, 0, 0], "uv": [0, 0]}
					]
				},
				{
					"name": "mango",
					"parent": "upper_body",
					"pivot": [0, 21, 0.5],
					"cubes": [
						{"origin": [-3, 27, -2], "size": [6, 6, 6], "uv": [0, 43]},
						{"origin": [-1, 26, 0], "size": [2, 1, 2], "uv": [39, 43]},
						{"origin": [0, 21, 0.5], "size": [0, 6, 1], "uv": [47, 42]},
						{"origin": [0, 21, 0.5], "size": [4, 3, 0], "pivot": [0, 21, 1.5], "rotation": [0, 0, 17.5], "uv": [18, 43]},
						{"origin": [-4.5, 20, 0.5], "size": [4, 3, 0], "pivot": [-4, 23, 1.5], "rotation": [0, 0, -12.5], "uv": [38, 13]}
					]
				},
				{
					"name": "hand",
					"parent": "upper_body",
					"pivot": [-0.5, 16.7, 0.6],
					"cubes": [
						{"origin": [-1, 14, -1], "size": [1, 3, 3], "uv": [9, 21]}
					]
				},
				{
					"name": "bone4",
					"parent": "hand",
					"pivot": [-0.5, 13.5, -0.4],
					"cubes": [
						{"origin": [-1, 12, -1], "size": [1, 2, 1], "uv": [9, 21]}
					]
				},
				{
					"name": "bone10",
					"parent": "bone4",
					"pivot": [-0.5, 12.2, -0.4],
					"cubes": [
						{"origin": [-1, 10.7, -1], "size": [1, 2, 1], "uv": [9, 21]}
					]
				},
				{
					"name": "bone11",
					"parent": "bone10",
					"pivot": [-0.5, 11, -0.4],
					"cubes": [
						{"origin": [-1, 9.5, -1], "size": [1, 2, 1], "uv": [9, 21]}
					]
				},
				{
					"name": "bone7",
					"parent": "hand",
					"pivot": [-0.5, 13.5, 0.7],
					"cubes": [
						{"origin": [-1, 12, 0], "size": [1, 2, 1], "uv": [9, 21]}
					]
				},
				{
					"name": "bone6",
					"parent": "bone7",
					"pivot": [-0.5, 12.2, 0.7],
					"cubes": [
						{"origin": [-1, 10.7, 0], "size": [1, 2, 1], "uv": [9, 21]}
					]
				},
				{
					"name": "bone9",
					"parent": "bone6",
					"pivot": [-0.5, 11, 0.7],
					"cubes": [
						{"origin": [-1, 9.5, 0], "size": [1, 2, 1], "uv": [9, 21]}
					]
				},
				{
					"name": "bone12",
					"parent": "hand",
					"pivot": [-0.5, 14.5, -1.3],
					"cubes": [
						{"origin": [-1, 13, -2], "size": [1, 2, 1], "uv": [9, 21]}
					]
				},
				{
					"name": "bone13",
					"parent": "bone12",
					"pivot": [-0.5, 13.5, -1.3],
					"cubes": [
						{"origin": [-1, 12, -2], "size": [1, 2, 1], "uv": [9, 21]}
					]
				},
				{
					"name": "bone8",
					"parent": "hand",
					"pivot": [-0.5, 13.5, 1.6],
					"cubes": [
						{"origin": [-1, 12, 1], "size": [1, 2, 1], "uv": [9, 21]}
					]
				},
				{
					"name": "bone2",
					"parent": "bone8",
					"pivot": [-0.5, 12.2, 1.6],
					"cubes": [
						{"origin": [-1, 10.7, 1], "size": [1, 2, 1], "uv": [9, 21]}
					]
				},
				{
					"name": "bone5",
					"parent": "bone2",
					"pivot": [-0.5, 11, 1.6],
					"cubes": [
						{"origin": [-1, 9.5, 1], "size": [1, 2, 1], "uv": [9, 21]}
					]
				},
				{
					"name": "hand2",
					"parent": "upper_body",
					"pivot": [-0.5, 16.7, 0.6],
					"cubes": [
						{"origin": [-1, 14, -1], "size": [1, 3, 3], "uv": [10, 20]}
					]
				},
				{
					"name": "bone3",
					"parent": "hand2",
					"pivot": [-0.5, 13.5, -0.4],
					"cubes": [
						{"origin": [-1, 12, -1], "size": [1, 2, 1], "uv": [10, 20]}
					]
				},
				{
					"name": "bone14",
					"parent": "bone3",
					"pivot": [-0.5, 12.2, -0.4],
					"cubes": [
						{"origin": [-1, 10.7, -1], "size": [1, 2, 1], "uv": [10, 20]}
					]
				},
				{
					"name": "bone15",
					"parent": "bone14",
					"pivot": [-0.5, 11, -0.4],
					"cubes": [
						{"origin": [-1, 9.5, -1], "size": [1, 2, 1], "uv": [10, 20]}
					]
				},
				{
					"name": "bone16",
					"parent": "hand2",
					"pivot": [-0.5, 13.5, 0.7],
					"cubes": [
						{"origin": [-1, 12, 0], "size": [1, 2, 1], "uv": [10, 20]}
					]
				},
				{
					"name": "bone17",
					"parent": "bone16",
					"pivot": [-0.5, 12.2, 0.7],
					"cubes": [
						{"origin": [-1, 10.7, 0], "size": [1, 2, 1], "uv": [10, 20]}
					]
				},
				{
					"name": "bone18",
					"parent": "bone17",
					"pivot": [-0.5, 11, 0.7],
					"cubes": [
						{"origin": [-1, 9.5, 0], "size": [1, 2, 1], "uv": [10, 20]}
					]
				},
				{
					"name": "bone19",
					"parent": "hand2",
					"pivot": [-0.5, 14.5, -1.3],
					"cubes": [
						{"origin": [-1, 13, -2], "size": [1, 2, 1], "uv": [10, 20]}
					]
				},
				{
					"name": "bone20",
					"parent": "bone19",
					"pivot": [-0.5, 13.5, -1.3],
					"cubes": [
						{"origin": [-1, 12, -2], "size": [1, 2, 1], "uv": [10, 20]}
					]
				},
				{
					"name": "bone21",
					"parent": "hand2",
					"pivot": [-0.5, 13.5, 1.6],
					"cubes": [
						{"origin": [-1, 12, 1], "size": [1, 2, 1], "uv": [10, 20]}
					]
				},
				{
					"name": "bone22",
					"parent": "bone21",
					"pivot": [-0.5, 12.2, 1.6],
					"cubes": [
						{"origin": [-1, 10.7, 1], "size": [1, 2, 1], "uv": [10, 20]}
					]
				},
				{
					"name": "bone23",
					"parent": "bone22",
					"pivot": [-0.5, 11, 1.6],
					"cubes": [
						{"origin": [-1, 9.5, 1], "size": [1, 2, 1], "uv": [10, 20]}
					]
				},
				{
					"name": "body2",
					"parent": "body",
					"pivot": [0, 13, 7],
					"cubes": [
						{"origin": [-5.5, 6, -3.5], "size": [11, 7, 8], "uv": [0, 17]},
						{"origin": [-5, 13.1, -3], "size": [10, 0, 7], "uv": [23, 0]}
					]
				},
				{
					"name": "backpack2",
					"parent": "body2",
					"pivot": [0, -1, -4],
					"cubes": [
						{"origin": [-5, 7, 4.5], "size": [10, 6, 5], "uv": [0, 32]}
					]
				},
				{
					"name": "bone",
					"parent": "body2",
					"pivot": [-12.1, 16, -0.3],
					"cubes": [
						{"origin": [0.3, 14, -0.5], "size": [2, 2, 2], "inflate": 0.001, "uv": [25, 32]},
						{"origin": [-1, 13, -0.5], "size": [2, 2, 2], "uv": [0, 21]},
						{"origin": [-2.3, 14, -0.5], "size": [2, 2, 2], "inflate": 0.001, "uv": [0, 17]}
					]
				},
				{
					"name": "leftLeg",
					"parent": "waist",
					"pivot": [-3.5, 6, 0.5],
					"cubes": [
						{"origin": [-5.5, 5.98, -2], "size": [4, 2, 5], "inflate": -0.01, "uv": [45, 44]},
						{"origin": [-5.5, 0, -2], "size": [4, 6, 5], "inflate": -0.01, "uv": [45, 44]}
					]
				},
				{
					"name": "rightLeg",
					"parent": "waist",
					"pivot": [3.5, 6, 0.5],
					"cubes": [
						{"origin": [1.5, 0, -2], "size": [4, 6, 5], "inflate": -0.01, "uv": [24, 43]},
						{"origin": [1.5, 5.98, -2], "size": [4, 2, 5], "inflate": -0.01, "uv": [24, 43]}
					]
				}
			]
		}
	]
}