{
	"format_version": "1.12.0",
	"minecraft:geometry": [
		{
			"description": {
				"identifier": "geometry.crewmatehywel",
				"texture_width": 64,
				"texture_height": 64,
				"visible_bounds_width": 3,
				"visible_bounds_height": 3.5,
				"visible_bounds_offset": [0, 1.25, 0]
			},
			"bones": [
				{
					"name": "waist",
					"pivot": [0, 0, 0]
				},
				{
					"name": "body",
					"parent": "waist",
					"pivot": [0, 11, 0]
				},
				{
					"name": "upper_body",
					"parent": "body",
					"pivot": [0, -1, 0],
					"cubes": [
						{"origin": [-5.5, 13, -3.5], "size": [11, 9, 8], "uv": [0, 0]},
						{"origin": [-4, 12, -5.5], "size": [8, 9, 2], "uv": [44, 0]},
						{"origin": [-1.5, 20, -4.5], "size": [3, 3, 3], "inflate": 0.2, "uv": [30, 17]},
						{"origin": [-4, 12, -5.5], "size": [8, 9, 2], "inflate": 0.3, "uv": [0, 53]},
						{"origin": [-5, 13, 4.5], "size": [10, 6, 5], "uv": [30, 32]}
					]
				},
				{
					"name": "hand",
					"parent": "upper_body",
					"pivot": [-0.5, 16.7, 0.6],
					"cubes": [
						{"origin": [-1, 14, -1], "size": [1, 3, 3], "uv": [0, 0]}
					]
				},
				{
					"name": "bone3",
					"parent": "hand",
					"pivot": [-0.5, 16, -1.3],
					"cubes": [
						{"origin": [-1, 14.5, -1.9], "size": [1, 2, 1], "uv": [52, 16]}
					]
				},
				{
					"name": "bone2",
					"parent": "bone3",
					"pivot": [-0.5, 14.4, -1.3],
					"cubes": [
						{"origin": [-1, 12.5, -1.9], "size": [1, 2, 1], "uv": [50, 24]}
					]
				},
				{
					"name": "bone4",
					"parent": "hand",
					"pivot": [-0.5, 13.5, -0.4],
					"cubes": [
						{"origin": [-1, 12, -1], "size": [1, 2, 1], "uv": [50, 13]}
					]
				},
				{
					"name": "bone5",
					"parent": "bone4",
					"pivot": [-0.5, 11.9, -0.4],
					"cubes": [
						{"origin": [-1, 10, -1], "size": [1, 2, 1], "uv": [46, 13]}
					]
				},
				{
					"name": "bone6",
					"parent": "hand",
					"pivot": [-0.5, 13.5, 0.7],
					"cubes": [
						{"origin": [-1, 12, 0], "size": [1, 2, 1], "uv": [18, 46]}
					]
				},
				{
					"name": "bone7",
					"parent": "bone6",
					"pivot": [-0.5, 11.9, 0.7],
					"cubes": [
						{"origin": [-1, 10, 0], "size": [1, 2, 1], "uv": [25, 45]}
					]
				},
				{
					"name": "bone8",
					"parent": "hand",
					"pivot": [-0.5, 13.5, 1.6],
					"cubes": [
						{"origin": [-1, 12, 1], "size": [1, 2, 1], "uv": [38, 24]}
					]
				},
				{
					"name": "bone9",
					"parent": "bone8",
					"pivot": [-0.5, 11.9, 1.6],
					"cubes": [
						{"origin": [-1, 10, 1], "size": [1, 2, 1], "uv": [0, 32]}
					]
				},
				{
					"name": "helmet",
					"parent": "upper_body",
					"pivot": [0, 23, -3],
					"rotation": [-17.5, 0, 0],
					"cubes": [
						{"origin": [-1, 22.53084, -3.70643], "size": [2, 4, 2], "inflate": 0.5, "uv": [55, 58]},
						{"origin": [-1, 28.12539, -0.40721], "size": [2, 4, 2], "inflate": 0.45, "pivot": [0, 26.17548, -0.01935], "rotation": [-77.5, 0, 0], "uv": [55, 58]},
						{"origin": [-1, 29.09235, -0.95849], "size": [2, 4, 3], "inflate": 0.5, "pivot": [0.5, 29.09235, -0.95849], "rotation": [-110, 0, 0], "uv": [43, 57]},
						{"origin": [-1.5, 27, -3.5], "size": [3, 3, 3], "inflate": 0.5, "pivot": [0, 27, -3.5], "rotation": [-47.5, 0, 0], "uv": [42, 57]}
					]
				},
				{
					"name": "body2",
					"parent": "body",
					"pivot": [0, 13, 7],
					"cubes": [
						{"origin": [-5.5, 6, -3.5], "size": [11, 7, 8], "uv": [0, 17]},
						{"origin": [-4, 13.1, -2], "size": [8, 0, 5], "uv": [26, 1]}
					]
				},
				{
					"name": "backpack2",
					"parent": "body2",
					"pivot": [0, -1, -4],
					"cubes": [
						{"origin": [-5, 7, 4.5], "size": [10, 6, 5], "uv": [0, 32]}
					]
				},
				{
					"name": "spear",
					"parent": "backpack2",
					"pivot": [-4, 11, 9],
					"rotation": [0, 0, 47.5],
					"cubes": [
						{"origin": [-5, 7, 9.6], "size": [1, 17, 0], "uv": [62, 20]},
						{"origin": [-7, 22, 9.6], "size": [5, 6, 0], "uv": [30, 58]}
					]
				},
				{
					"name": "bone",
					"parent": "body2",
					"pivot": [-12.1, 16, -0.3],
					"cubes": [
						{"origin": [0.3, 14, -0.5], "size": [2, 2, 2], "inflate": 0.001, "uv": [25, 32]},
						{"origin": [-1, 13, -0.5], "size": [2, 2, 2], "uv": [0, 21]},
						{"origin": [-2.3, 14, -0.5], "size": [2, 2, 2], "inflate": 0.001, "uv": [0, 17]}
					]
				},
				{
					"name": "leftLeg",
					"parent": "waist",
					"pivot": [-3.5, 6, 0],
					"cubes": [
						{"origin": [-5.5, 0, -2], "size": [5, 6, 5], "inflate": -0.01, "uv": [44, 44]}
					]
				},
				{
					"name": "rightLeg",
					"parent": "waist",
					"pivot": [3.5, 6, 0],
					"cubes": [
						{"origin": [0.5, 0, -2], "size": [5, 6, 5], "inflate": -0.01, "uv": [24, 43]}
					]
				}
			]
		}
	]
}