{
	"format_version": "1.12.0",
	"minecraft:geometry": [
		{
			"description": {
				"identifier": "geometry.cup",
				"texture_width": 32,
				"texture_height": 32,
				"visible_bounds_width": 2,
				"visible_bounds_height": 2.5,
				"visible_bounds_offset": [0, 0.75, 0]
			},
			"bones": [
				{
					"name": "waist",
					"pivot": [0, 0, 0]
				},
				{
					"name": "cup_group",
					"parent": "waist",
					"pivot": [0, 0, 0],
					"cubes": [
						{"origin": [1, 0, -2], "size": [4, 6, 4], "uv": [12, 12]},
						{"origin": [-5, 0, -2], "size": [4, 10, 4], "uv": [0, 0]}
					]
				},
				{
					"name": "cup_group2",
					"parent": "waist",
					"pivot": [-3, 0, 0],
					"cubes": [
						{"origin": [-2, 0, -2], "size": [4, 6, 4], "uv": [12, 22]}
					]
				}
			]
		}
	]
}