{
	"format_version": "1.12.0",
	"minecraft:geometry": [
		{
			"description": {
				"identifier": "geometry.death_screen_anim",
				"texture_width": 600,
				"texture_height": 338,
				"visible_bounds_width": 3,
				"visible_bounds_height": 4.5,
				"visible_bounds_offset": [0, 0.75, 0]
			},
			"bones": [
				{
					"name": "head",
					"pivot": [0, 24, 0]
				},
				{
					"name": "overlay2",
					"parent": "head",
					"pivot": [0, 27.6, 4.5]
				},
				{
					"name": "frame_one",
					"parent": "overlay2",
					"pivot": [-0.1, 27.4, 4.5],
					"cubes": [
						{
							"origin": [-7.5, 22, 1.5],
							"size": [15, 11, 7],
							"inflate": -3,
							"uv": {
								"north": {"uv": [0, 0.179], "uv_size": [599.977, 337.821]},
								"east": {"uv": [222, 15.68534], "uv_size": [1, 1.72156]},
								"south": {"uv": [0, 0], "uv_size": [15, 1.72156]},
								"west": {"uv": [238, 15.68534], "uv_size": [1, 1.72156]},
								"up": {"uv": [223, 15.49406], "uv_size": [15, 0.19128]},
								"down": {"uv": [41, 0.19128], "uv_size": [15, -0.19128]}
							}
						}
					]
				}
			]
		}
	]
}