{
	"format_version": "1.12.0",
	"minecraft:geometry": [
		{
			"description": {
				"identifier": "geometry.death_screen",
				"texture_width": 32,
				"texture_height": 32,
				"visible_bounds_width": 3,
				"visible_bounds_height": 4.5,
				"visible_bounds_offset": [0, 0.75, 0]
			},
			"bones": [
				{
					"name": "head",
					"pivot": [0, 24, 0]
				},
				{
					"name": "overlay",
					"parent": "head",
					"pivot": [0, 1, 2]
				},
				{
					"name": "flair",
					"parent": "overlay",
					"pivot": [0, 30, 5],
					"cubes": [
						{
							"origin": [-6, 28, 5],
							"size": [12, 5, 0],
							"uv": {
								"north": {"uv": [0, 0], "uv_size": [0, 0]},
								"east": {"uv": [0, 0], "uv_size": [32, 32]},
								"south": {"uv": [0, 0], "uv_size": [32, 19]},
								"west": {"uv": [0, 0], "uv_size": [32, 32]},
								"up": {"uv": [0, 32], "uv_size": [32, -32]},
								"down": {"uv": [32, 32], "uv_size": [-32, -32]}
							}
						}
					]
				},
				{
					"name": "red",
					"parent": "overlay",
					"pivot": [0, 25, 5],
					"cubes": [
						{
							"origin": [-6, 23, 5],
							"size": [12, 5, 0],
							"uv": {
								"north": {"uv": [0, 0], "uv_size": [0, 0]},
								"east": {"uv": [0, 0], "uv_size": [32, 32]},
								"south": {"uv": [0, 20], "uv_size": [32, 12]},
								"west": {"uv": [0, 0], "uv_size": [32, 32]},
								"up": {"uv": [0, 32], "uv_size": [32, -32]},
								"down": {"uv": [32, 32], "uv_size": [-32, -32]}
							}
						}
					]
				}
			]
		}
	]
}