{
	"format_version": "1.12.0",
	"minecraft:geometry": [
		{
			"description": {
				"identifier": "geometry.death_screen_anim1",
				"texture_width": 600,
				"texture_height": 1767,
				"visible_bounds_width": 3,
				"visible_bounds_height": 4.5,
				"visible_bounds_offset": [0, 0.75, 0]
			},
			"bones": [
				{
					"name": "head",
					"pivot": [0, 24, 0]
				},
				{
					"name": "overlay2",
					"parent": "head",
					"pivot": [0, 27.6, 0.5]
				},
				{
					"name": "frame_one",
					"parent": "overlay2",
					"pivot": [0, 26.6, 0.5],
					"cubes": [
						{
							"origin": [-7.5, 21.1, -2.5],
							"size": [15, 12, 7],
							"inflate": -3,
							"uv": {
								"north": {"uv": [203, 69], "uv_size": [180, 120]},
								"east": {"uv": [222, 82], "uv_size": [1, 9]},
								"south": {"uv": [0, 0], "uv_size": [15, 9]},
								"west": {"uv": [238, 82], "uv_size": [1, 9]},
								"up": {"uv": [223, 81], "uv_size": [15, 1]},
								"down": {"uv": [41, 1], "uv_size": [15, -1]}
							}
						}
					]
				},
				{
					"name": "frame_one2",
					"parent": "overlay2",
					"pivot": [0, 27.6, 0.5],
					"cubes": [
						{
							"origin": [-7.5, 21.1, -2.5],
							"size": [15, 12, 7],
							"inflate": -3,
							"uv": {
								"north": {"uv": [203, 182], "uv_size": [180, 120]},
								"east": {"uv": [222, 82], "uv_size": [1, 9]},
								"south": {"uv": [0, 0], "uv_size": [15, 9]},
								"west": {"uv": [238, 82], "uv_size": [1, 9]},
								"up": {"uv": [223, 81], "uv_size": [15, 1]},
								"down": {"uv": [41, 1], "uv_size": [15, -1]}
							}
						}
					]
				},
				{
					"name": "frame_one3",
					"parent": "overlay2",
					"pivot": [0, 27.6, 0.5],
					"cubes": [
						{
							"origin": [-8.5, 21.1, -2.5],
							"size": [16, 12, 7],
							"inflate": -3,
							"uv": {
								"north": {"uv": [183, 302], "uv_size": [200, 120]},
								"east": {"uv": [222, 82], "uv_size": [1, 9]},
								"south": {"uv": [0, 0], "uv_size": [15, 9]},
								"west": {"uv": [238, 82], "uv_size": [1, 9]},
								"up": {"uv": [223, 81], "uv_size": [15, 1]},
								"down": {"uv": [41, 1], "uv_size": [15, -1]}
							}
						}
					]
				},
				{
					"name": "frame_one4",
					"parent": "overlay2",
					"pivot": [0, 27.6, 0.5],
					"cubes": [
						{
							"origin": [-8.5, 21.1, -2.5],
							"size": [16, 12, 7],
							"inflate": -3,
							"uv": {
								"north": {"uv": [183, 420], "uv_size": [201, 117]},
								"east": {"uv": [222, 82], "uv_size": [1, 9]},
								"south": {"uv": [0, 0], "uv_size": [15, 9]},
								"west": {"uv": [238, 82], "uv_size": [1, 9]},
								"up": {"uv": [223, 81], "uv_size": [15, 1]},
								"down": {"uv": [41, 1], "uv_size": [15, -1]}
							}
						}
					]
				},
				{
					"name": "frame_one5",
					"parent": "overlay2",
					"pivot": [0, 27.6, 0.5],
					"cubes": [
						{
							"origin": [-8.5, 21.1, -2.5],
							"size": [18, 12, 7],
							"inflate": -3,
							"uv": {
								"north": {"uv": [183, 538], "uv_size": [238, 117]},
								"east": {"uv": [222, 82], "uv_size": [1, 9]},
								"south": {"uv": [0, 0], "uv_size": [15, 9]},
								"west": {"uv": [238, 82], "uv_size": [1, 9]},
								"up": {"uv": [223, 81], "uv_size": [15, 1]},
								"down": {"uv": [41, 1], "uv_size": [15, -1]}
							}
						}
					]
				},
				{
					"name": "frame_one6",
					"parent": "overlay2",
					"pivot": [0, 27.6, 0.5],
					"cubes": [
						{
							"origin": [-8.5, 21.1, -2.51],
							"size": [18, 12, 7],
							"inflate": -3,
							"uv": {
								"north": {"uv": [182.993, 647.986], "uv_size": [238.998, 106.945]},
								"east": {"uv": [222, 82], "uv_size": [1, 9]},
								"south": {"uv": [0, 0], "uv_size": [15, 9]},
								"west": {"uv": [238, 82], "uv_size": [1, 9]},
								"up": {"uv": [223, 81], "uv_size": [15, 1]},
								"down": {"uv": [41, 1], "uv_size": [15, -1]}
							}
						}
					]
				},
				{
					"name": "frame_one7",
					"parent": "overlay2",
					"pivot": [0, 27.6, 0.5],
					"cubes": [
						{
							"origin": [-8.5, 20.65, -2.512],
							"size": [18, 12, 7],
							"inflate": -3,
							"uv": {
								"north": {"uv": [183.998, 747.983], "uv_size": [235.998, 110.96]},
								"east": {"uv": [222, 82], "uv_size": [1, 9]},
								"south": {"uv": [0, 0], "uv_size": [15, 9]},
								"west": {"uv": [238, 82], "uv_size": [1, 9]},
								"up": {"uv": [0, 0], "uv_size": [15, 0.98]},
								"down": {"uv": [41, 1], "uv_size": [15, -1]}
							}
						}
					]
				},
				{
					"name": "frame_one8",
					"parent": "overlay2",
					"pivot": [0, 27.6, 0.475],
					"cubes": [
						{
							"origin": [-8.5, 21.1, -2.525],
							"size": [18, 12, 7],
							"inflate": -3,
							"uv": {
								"north": {"uv": [183, 842], "uv_size": [237, 107]},
								"east": {"uv": [19.986, 33.963], "uv_size": [0.98, 8.992]},
								"south": {"uv": [0, 0], "uv_size": [15, 9]},
								"west": {"uv": [238, 82], "uv_size": [1, 9]},
								"up": {"uv": [0, 2.983], "uv_size": [15, 0.938]},
								"down": {"uv": [41, 1], "uv_size": [15, -1]}
							}
						}
					]
				},
				{
					"name": "frame_one9",
					"parent": "overlay2",
					"pivot": [0, 27.6, 0.2],
					"cubes": [
						{
							"origin": [-8.5, 20.8, -2.53],
							"size": [18, 12, 7],
							"inflate": -3,
							"uv": {
								"north": {"uv": [183.983, 950.972], "uv_size": [234.995, 97.917]},
								"east": {"uv": [114.972, 46.961], "uv_size": [0.98, 8.991]},
								"south": {"uv": [0, 0], "uv_size": [15, 9]},
								"west": {"uv": [238, 82], "uv_size": [1, 9]},
								"up": {"uv": [84.972, 77.983], "uv_size": [15, 0.98]},
								"down": {"uv": [41, 1], "uv_size": [15, -1]}
							}
						}
					]
				},
				{
					"name": "frame_one10",
					"parent": "overlay2",
					"pivot": [0, 27.3, 0.5],
					"cubes": [
						{
							"origin": [-8.5, 20.8, -2.54],
							"size": [18, 12, 7],
							"inflate": -3,
							"uv": {
								"north": {"uv": [186, 1040.959], "uv_size": [227.886, 97.906]},
								"east": {"uv": [222, 82], "uv_size": [1, 9]},
								"south": {"uv": [0, 0], "uv_size": [15, 9]},
								"west": {"uv": [238, 82], "uv_size": [1, 8]},
								"up": {"uv": [223, 81], "uv_size": [15, 1]},
								"down": {"uv": [41, 1], "uv_size": [15, -1]}
							}
						}
					]
				},
				{
					"name": "frame_one11",
					"parent": "overlay2",
					"pivot": [0.1, 27, 0.5],
					"cubes": [
						{
							"origin": [-8.4, 20.5, -2.55],
							"size": [18, 12, 7],
							"inflate": -3,
							"uv": {
								"north": {"uv": [188.979, 1131.99], "uv_size": [226.844, 97.854]},
								"east": {"uv": [222, 82], "uv_size": [1, 9]},
								"south": {"uv": [0, 0], "uv_size": [15, 9]},
								"west": {"uv": [238, 82], "uv_size": [1, 9]},
								"up": {"uv": [223, 81], "uv_size": [15, 1]},
								"down": {"uv": [41, 1], "uv_size": [15, -1]}
							}
						}
					]
				},
				{
					"name": "frame_one12",
					"parent": "overlay2",
					"pivot": [-0.1, 26.925, 0.5],
					"cubes": [
						{
							"origin": [-8.6, 20.425, -2.56],
							"size": [18, 12, 7],
							"inflate": -3,
							"uv": {
								"north": {"uv": [188.979, 1228.98], "uv_size": [217.844, 99.802]},
								"east": {"uv": [222, 82], "uv_size": [1, 9]},
								"south": {"uv": [0, 0], "uv_size": [15, 9]},
								"west": {"uv": [238, 82], "uv_size": [1, 9]},
								"up": {"uv": [223, 81], "uv_size": [15, 1]},
								"down": {"uv": [41, 1], "uv_size": [15, -1]}
							}
						}
					]
				},
				{
					"name": "frame_one13",
					"parent": "overlay2",
					"pivot": [0, 27.325, 0.5],
					"cubes": [
						{
							"origin": [-8.5, 20.825, -2.56],
							"size": [18, 12, 7],
							"inflate": -3,
							"uv": {
								"north": {"uv": [185.95, 1337.957], "uv_size": [219.832, 101.716]},
								"east": {"uv": [222, 82], "uv_size": [1, 9]},
								"south": {"uv": [0, 0], "uv_size": [15, 9]},
								"west": {"uv": [238, 82], "uv_size": [1, 9]},
								"up": {"uv": [223, 81], "uv_size": [15, 1]},
								"down": {"uv": [41, 1], "uv_size": [15, -1]}
							}
						}
					]
				},
				{
					"name": "frame_one14",
					"parent": "overlay2",
					"pivot": [0, 27.6, 0.5],
					"cubes": [
						{
							"origin": [-8.5, 21.1, -2.54],
							"size": [18, 12, 7],
							"inflate": -3,
							"uv": {
								"north": {"uv": [188.938, 1447.969], "uv_size": [214.832, 102.728]},
								"east": {"uv": [222, 82], "uv_size": [1, 9]},
								"south": {"uv": [0, 0], "uv_size": [15, 9]},
								"west": {"uv": [238, 82], "uv_size": [1, 9]},
								"up": {"uv": [223, 81], "uv_size": [15, 1]},
								"down": {"uv": [41, 1], "uv_size": [15, -1]}
							}
						}
					]
				},
				{
					"name": "frame_one15",
					"parent": "overlay2",
					"pivot": [0, 27.6, 0.5],
					"cubes": [
						{
							"origin": [-8.5, 21.1, -2.54],
							"size": [18, 12, 7],
							"inflate": -3,
							"uv": {
								"north": {"uv": [187.981, 1562.976], "uv_size": [216.832, 104.695]},
								"east": {"uv": [222, 82], "uv_size": [1, 9]},
								"south": {"uv": [0, 0], "uv_size": [15, 9]},
								"west": {"uv": [238, 82], "uv_size": [1, 9]},
								"up": {"uv": [223, 81], "uv_size": [15, 1]},
								"down": {"uv": [41, 1], "uv_size": [15, -1]}
							}
						}
					]
				}
			]
		}
	]
}