{
	"format_version": "1.12.0",
	"minecraft:geometry": [
		{
			"description": {
				"identifier": "geometry.divert_power",
				"texture_width": 32,
				"texture_height": 32,
				"visible_bounds_width": 2,
				"visible_bounds_height": 1.5,
				"visible_bounds_offset": [0, 0.25, 0]
			},
			"bones": [
				{
					"name": "waist",
					"pivot": [0, 0, 0],
					"cubes": [
						{"origin": [-6, 0, 7], "size": [12, 8, 1], "uv": [0, 0]},
						{"origin": [-6, 0.5, 6.9], "size": [12, 7, 0], "uv": [0, 9]}
					]
				}
			]
		}
	]
}