{
	"format_version": "1.12.0",
	"minecraft:geometry": [
		{
			"description": {
				"identifier": "geometry.emergency_meeting_screen",
				"texture_width": 1048,
				"texture_height": 836,
				"visible_bounds_width": 3,
				"visible_bounds_height": 4.5,
				"visible_bounds_offset": [0, 0.75, 0]
			},
			"bones": [
				{
					"name": "head",
					"pivot": [0, 24, 0]
				},
				{
					"name": "overlay",
					"parent": "head",
					"pivot": [0, 1, 2]
				},
				{
					"name": "flair",
					"parent": "overlay",
					"pivot": [0, 30, 5],
					"cubes": [
						{
							"origin": [-6, 28, 5],
							"size": [12, 5, 0],
							"uv": {
								"north": {"uv": [0, 0], "uv_size": [0, 0]},
								"east": {"uv": [0, 0], "uv_size": [1048, 836]},
								"south": {"uv": [49.983, 0], "uv_size": [944.953, 415.342]},
								"west": {"uv": [0, 0], "uv_size": [1048, 836]},
								"up": {"uv": [0, 836], "uv_size": [1048, -836]},
								"down": {"uv": [1048, 836], "uv_size": [-1048, -836]}
							}
						}
					]
				},
				{
					"name": "red",
					"parent": "overlay",
					"pivot": [0, 25, 5],
					"cubes": [
						{
							"origin": [-6, 23, 5],
							"size": [12, 5, 0],
							"uv": {
								"north": {"uv": [0, 0], "uv_size": [0, 0]},
								"east": {"uv": [0, 0], "uv_size": [1048, 836]},
								"south": {"uv": [689.466, 643.343], "uv_size": [227.495, 140.318]},
								"west": {"uv": [0, 0], "uv_size": [1048, 836]},
								"up": {"uv": [0, 836], "uv_size": [1048, -836]},
								"down": {"uv": [1048, 836], "uv_size": [-1048, -836]}
							}
						}
					]
				},
				{
					"name": "emergency",
					"parent": "overlay",
					"pivot": [0, 26, 4.5],
					"cubes": [
						{
							"origin": [-4, 25, 4.5],
							"size": [8, 3, 0],
							"uv": {
								"north": {"uv": [0, 0], "uv_size": [0, 0]},
								"east": {"uv": [0, 0], "uv_size": [1048, 836]},
								"south": {"uv": [610.944, 423.957], "uv_size": [399.94, 187.26]},
								"west": {"uv": [0, 0], "uv_size": [1048, 836]},
								"up": {"uv": [0, 836], "uv_size": [1048, -836]},
								"down": {"uv": [1048, 836], "uv_size": [-1048, -836]}
							}
						}
					]
				},
				{
					"name": "press",
					"parent": "overlay",
					"pivot": [0, 29, 4.1],
					"cubes": [
						{
							"origin": [-2.6, 28, 4.3],
							"size": [5, 3.3, 0],
							"uv": {
								"north": {"uv": [0, 0], "uv_size": [0, 0]},
								"east": {"uv": [0, 0], "uv_size": [1048, 836]},
								"south": {"uv": [0, 476.981], "uv_size": [573.942, 359.019]},
								"west": {"uv": [0, 0], "uv_size": [1048, 836]},
								"up": {"uv": [0, 836], "uv_size": [1048, -836]},
								"down": {"uv": [1048, 836], "uv_size": [-1048, -836]}
							}
						}
					]
				}
			]
		}
	]
}