{
	"format_version": "1.12.0",
	"minecraft:geometry": [
		{
			"description": {
				"identifier": "geometry.emergency_button",
				"texture_width": 64,
				"texture_height": 64,
				"visible_bounds_width": 4,
				"visible_bounds_height": 2.5,
				"visible_bounds_offset": [0, 0.75, 0]
			},
			"bones": [
				{
					"name": "waist",
					"pivot": [0, 0, 0],
					"cubes": [
						{"origin": [-7, 0.1, -7], "size": [14, 0, 14], "uv": [0, 0]}
					]
				},
				{
					"name": "glass",
					"parent": "waist",
					"pivot": [0, 0, 5],
					"cubes": [
						{"origin": [-5, 0, -5], "size": [10, 3, 10], "uv": [0, 14]}
					]
				},
				{
					"name": "button",
					"parent": "waist",
					"pivot": [0, 0, 0],
					"cubes": [
						{"origin": [-3, 0, -3], "size": [6, 2, 6], "uv": [0, 27]}
					]
				},
				{
					"name": "text",
					"parent": "waist",
					"pivot": [-18, -1, -10],
					"cubes": [
						{"origin": [-19, 0.1, -14], "size": [3, 0, 5], "uv": [48, 0]},
						{"origin": [-9, 0.1, -14], "size": [3, 0, 5], "uv": [48, 0]},
						{"origin": [4, 0.1, -14], "size": [3, 0, 5], "uv": [48, 0]},
						{"origin": [-5, 0.1, -14], "size": [3, 0, 5], "uv": [48, 10]},
						{"origin": [-15, 0.1, -14], "size": [5, 0, 5], "uv": [44, 5]},
						{"origin": [-1, 0.1, -14], "size": [5, 0, 5], "uv": [44, 16]},
						{"origin": [8, 0.1, -14], "size": [5, 0, 5], "uv": [44, 22]},
						{"origin": [13, 0.1, -14], "size": [4, 0, 5], "uv": [44, 28]},
						{"origin": [17, 0.1, -14], "size": [4, 0, 5], "uv": [44, 33]}
					]
				},
				{
					"name": "text2",
					"parent": "waist",
					"pivot": [20, -1, 14],
					"rotation": [0, 180, 0],
					"cubes": [
						{"origin": [20, 0.1, 14], "size": [3, 0, 5], "uv": [48, 0]},
						{"origin": [30, 0.1, 14], "size": [3, 0, 5], "uv": [48, 0]},
						{"origin": [43, 0.1, 14], "size": [3, 0, 5], "uv": [48, 0]},
						{"origin": [34, 0.1, 14], "size": [3, 0, 5], "uv": [48, 10]},
						{"origin": [24, 0.1, 14], "size": [5, 0, 5], "uv": [44, 5]},
						{"origin": [38, 0.1, 14], "size": [5, 0, 5], "uv": [44, 16]},
						{"origin": [47, 0.1, 14], "size": [5, 0, 5], "uv": [44, 22]},
						{"origin": [52, 0.1, 14], "size": [4, 0, 5], "uv": [44, 28]},
						{"origin": [56, 0.1, 14], "size": [4, 0, 5], "uv": [44, 33]}
					]
				}
			]
		}
	]
}