{
	"format_version": "1.12.0",
	"minecraft:geometry": [
		{
			"description": {
				"identifier": "geometry.empty_garbage",
				"texture_width": 256,
				"texture_height": 256,
				"visible_bounds_width": 4,
				"visible_bounds_height": 3.5,
				"visible_bounds_offset": [0, 1.25, 0]
			},
			"bones": [
				{
					"name": "waist",
					"pivot": [0, 0, 0],
					"cubes": [
						{"origin": [-24, 0.3, -24], "size": [48, 0, 32], "uv": [0, 0]}
					]
				},
				{
					"name": "door1",
					"parent": "waist",
					"pivot": [0, 0, 9],
					"cubes": [
						{"origin": [-24, 0, 9], "size": [24, 32, 3], "uv": [0, 32]}
					]
				},
				{
					"name": "door2",
					"parent": "waist",
					"pivot": [0, 0, 9],
					"cubes": [
						{"origin": [0, 0, 9], "size": [24, 32, 3], "uv": [0, 32], "mirror": true}
					]
				},
				{
					"name": "trash",
					"parent": "waist",
					"pivot": [-1, 0, -8]
				},
				{
					"name": "debris",
					"parent": "trash",
					"pivot": [1, 5, -4],
					"rotation": [0, 22.5, 0],
					"cubes": [
						{"origin": [-4, 0, -9], "size": [10, 10, 10], "uv": [54, 54]}
					]
				},
				{
					"name": "debris2",
					"parent": "trash",
					"pivot": [-5, 5, -9],
					"rotation": [-75, -130, -30],
					"cubes": [
						{"origin": [-10, 0, -14], "size": [10, 10, 10], "uv": [54, 54]}
					]
				},
				{
					"name": "debris3",
					"parent": "trash",
					"pivot": [5, 5, -9],
					"rotation": [162.5, -147.5, 2.5],
					"cubes": [
						{"origin": [0, 0, -14], "size": [10, 10, 10], "uv": [54, 54], "mirror": true}
					]
				},
				{
					"name": "debris4",
					"parent": "trash",
					"pivot": [0, 11, -9],
					"rotation": [-37.5, -135, 90],
					"cubes": [
						{"origin": [-5, 6, -14], "size": [10, 10, 10], "uv": [54, 54], "mirror": true}
					]
				}
			]
		}
	]
}