{
	"format_version": "1.12.0",
	"minecraft:geometry": [
		{
			"description": {
				"identifier": "geometry.engine",
				"texture_width": 128,
				"texture_height": 128,
				"visible_bounds_width": 7,
				"visible_bounds_height": 4.5,
				"visible_bounds_offset": [0, 1.75, 0]
			},
			"bones": [
				{
					"name": "waist",
					"pivot": [0, 0, 0]
				},
				{
					"name": "middle",
					"parent": "waist",
					"pivot": [8, 4, -9],
					"locators": {
						"smoke1": [0, 23, 0],
						"smoke2": [10, 14, 0],
						"smoke3": [-12, 14, 0]
					}
				},
				{
					"name": "main",
					"parent": "middle",
					"pivot": [8, 4, -9],
					"cubes": [
						{
							"origin": [-2.38695, 0, -7],
							"size": [4.7739, 5, 48],
							"pivot": [0, 12, -1],
							"rotation": [0, 0, -45],
							"uv": {
								"north": {"uv": [52, 92], "uv_size": [-4, -16]},
								"east": {"uv": [52, 92], "uv_size": [-4, -16]},
								"south": {"uv": [52, 92], "uv_size": [-4, -16]},
								"west": {"uv": [52, 92], "uv_size": [-4, -16]},
								"up": {"uv": [49, 68], "uv_size": [4, 16]},
								"down": {"uv": [48, 76], "uv_size": [4, 16]}
							}
						},
						{
							"origin": [-2.38695, 19, -7],
							"size": [4.7739, 5, 48],
							"pivot": [0, 12, -1],
							"rotation": [0, 0, -45],
							"uv": {
								"north": {"uv": [52, 92], "uv_size": [-4, -16]},
								"east": {"uv": [23, 50], "uv_size": [-18, -13]},
								"south": {"uv": [52, 92], "uv_size": [-4, -16]},
								"west": {"uv": [52, 92], "uv_size": [-4, -16]},
								"up": {"uv": [6, 34], "uv_size": [17, 6]},
								"down": {"uv": [48, 76], "uv_size": [4, 16]}
							}
						},
						{
							"origin": [-2.38695, 0, -7],
							"size": [4.7739, 5, 48],
							"pivot": [0, 12, -1],
							"rotation": [0, 0, -22.5],
							"uv": {
								"north": {"uv": [52, 92], "uv_size": [-4, -16]},
								"east": {"uv": [52, 92], "uv_size": [-4, -16]},
								"south": {"uv": [52, 92], "uv_size": [-4, -16]},
								"west": {"uv": [52, 92], "uv_size": [-4, -16]},
								"up": {"uv": [49, 68], "uv_size": [4, 16]},
								"down": {"uv": [48, 76], "uv_size": [4, 16]}
							}
						},
						{
							"origin": [-2.38695, 0, -7],
							"size": [4.7739, 5, 48],
							"uv": {
								"north": {"uv": [52, 92], "uv_size": [-4, -16]},
								"east": {"uv": [52, 92], "uv_size": [-4, -16]},
								"south": {"uv": [52, 92], "uv_size": [-4, -16]},
								"west": {"uv": [52, 92], "uv_size": [-4, -16]},
								"up": {"uv": [49, 68], "uv_size": [4, 16]},
								"down": {"uv": [48, 76], "uv_size": [4, 16]}
							}
						},
						{
							"origin": [-2.38695, 0, -7],
							"size": [4.7739, 5, 48],
							"pivot": [0, 12, -1],
							"rotation": [0, 0, 22.5],
							"uv": {
								"north": {"uv": [52, 92], "uv_size": [-4, -16]},
								"east": {"uv": [52, 92], "uv_size": [-4, -16]},
								"south": {"uv": [52, 92], "uv_size": [-4, -16]},
								"west": {"uv": [52, 92], "uv_size": [-4, -16]},
								"up": {"uv": [49, 68], "uv_size": [4, 16]},
								"down": {"uv": [48, 76], "uv_size": [4, 16]}
							}
						},
						{
							"origin": [-2.38695, 0, -7],
							"size": [4.7739, 5, 48],
							"pivot": [0, 12, -1],
							"rotation": [0, 0, 45],
							"uv": {
								"north": {"uv": [52, 92], "uv_size": [-4, -16]},
								"east": {"uv": [52, 92], "uv_size": [-4, -16]},
								"south": {"uv": [52, 92], "uv_size": [-4, -16]},
								"west": {"uv": [52, 92], "uv_size": [-4, -16]},
								"up": {"uv": [49, 68], "uv_size": [4, 16]},
								"down": {"uv": [48, 76], "uv_size": [4, 16]}
							}
						},
						{
							"origin": [-3.38695, -2, 5],
							"size": [4.7739, 5, 36],
							"pivot": [-1, 10, 5],
							"rotation": [0, 0, 45],
							"uv": {
								"north": {"uv": [56, 45], "uv_size": [-8, -7]},
								"east": {"uv": [102, 47], "uv_size": [-26, -8]},
								"south": {"uv": [56, 45], "uv_size": [-8, -7]},
								"west": {"uv": [102, 47], "uv_size": [-26, -8]},
								"up": {"uv": [49, 68], "uv_size": [4, 16]},
								"down": {"uv": [48, 31], "uv_size": [8, 27]}
							}
						},
						{
							"origin": [-1.38695, -2, 5],
							"size": [4.7739, 5, 36],
							"pivot": [1, 10, 5],
							"rotation": [0, 0, -45],
							"uv": {
								"north": {"uv": [56, 45], "uv_size": [-8, -7]},
								"east": {"uv": [102, 47], "uv_size": [-26, -8]},
								"south": {"uv": [56, 45], "uv_size": [-8, -7]},
								"west": {"uv": [102, 47], "uv_size": [-26, -8]},
								"up": {"uv": [49, 68], "uv_size": [4, 16]},
								"down": {"uv": [48, 31], "uv_size": [8, 27]}
							}
						},
						{
							"origin": [-3.38695, 22, 5],
							"size": [4.7739, 5, 36],
							"pivot": [-1, 15, 5],
							"rotation": [0, 0, -45],
							"uv": {
								"north": {"uv": [56, 45], "uv_size": [-8, -7]},
								"east": {"uv": [102, 47], "uv_size": [-26, -8]},
								"south": {"uv": [56, 45], "uv_size": [-8, -7]},
								"west": {"uv": [102, 47], "uv_size": [-26, -8]},
								"up": {"uv": [48, 31], "uv_size": [8, 27]},
								"down": {"uv": [48, 76], "uv_size": [4, 16]}
							}
						},
						{
							"origin": [-1.38695, 22, 5],
							"size": [4.7739, 5, 36],
							"pivot": [1, 15, 5],
							"rotation": [0, 0, 45],
							"uv": {
								"north": {"uv": [56, 45], "uv_size": [-8, -7]},
								"east": {"uv": [102, 47], "uv_size": [-26, -8]},
								"south": {"uv": [56, 45], "uv_size": [-8, -7]},
								"west": {"uv": [102, 47], "uv_size": [-26, -8]},
								"up": {"uv": [48, 31], "uv_size": [8, 27]},
								"down": {"uv": [48, 76], "uv_size": [4, 16]}
							}
						},
						{
							"origin": [-2.38695, 19, -7],
							"size": [4.7739, 5, 48],
							"pivot": [0, 12, -1],
							"rotation": [0, 0, -45],
							"uv": {
								"north": {"uv": [52, 92], "uv_size": [-4, -16]},
								"east": {"uv": [52, 92], "uv_size": [-4, -16]},
								"south": {"uv": [52, 92], "uv_size": [-4, -16]},
								"west": {"uv": [52, 92], "uv_size": [-4, -16]},
								"up": {"uv": [49, 68], "uv_size": [4, 16]},
								"down": {"uv": [48, 76], "uv_size": [4, 16]}
							}
						},
						{
							"origin": [-2.38695, 19, -7],
							"size": [4.7739, 5, 48],
							"pivot": [0, 12, -1],
							"rotation": [0, 0, -22.5],
							"uv": {
								"north": {"uv": [52, 92], "uv_size": [-4, -16]},
								"east": {"uv": [52, 92], "uv_size": [-4, -16]},
								"south": {"uv": [52, 92], "uv_size": [-4, -16]},
								"west": {"uv": [52, 92], "uv_size": [-4, -16]},
								"up": {"uv": [16, 82], "uv_size": [5, 7]},
								"down": {"uv": [48, 76], "uv_size": [4, 16]}
							}
						},
						{
							"origin": [-2.38695, 19, -7],
							"size": [4.7739, 5, 48],
							"uv": {
								"north": {"uv": [52, 92], "uv_size": [-4, -16]},
								"east": {"uv": [52, 92], "uv_size": [-4, -16]},
								"south": {"uv": [52, 92], "uv_size": [-4, -16]},
								"west": {"uv": [20, 88], "uv_size": [-9, -7]},
								"up": {"uv": [16, 82], "uv_size": [9, 7]},
								"down": {"uv": [48, 76], "uv_size": [4, 16]}
							}
						},
						{
							"origin": [-2.38695, 19, -7],
							"size": [4.7739, 5, 48],
							"pivot": [0, 12, -1],
							"rotation": [0, 0, 22.5],
							"uv": {
								"north": {"uv": [52, 92], "uv_size": [-4, -16]},
								"east": {"uv": [52, 92], "uv_size": [-4, -16]},
								"south": {"uv": [52, 92], "uv_size": [-4, -16]},
								"west": {"uv": [52, 92], "uv_size": [-4, -16]},
								"up": {"uv": [25, 59], "uv_size": [-17, 16]},
								"down": {"uv": [48, 76], "uv_size": [4, 16]}
							}
						},
						{
							"origin": [-2.38695, 19, -7],
							"size": [4.7739, 5, 48],
							"pivot": [0, 12, -1],
							"rotation": [0, 0, 45],
							"uv": {
								"north": {"uv": [52, 92], "uv_size": [-4, -16]},
								"east": {"uv": [52, 92], "uv_size": [-4, -16]},
								"south": {"uv": [52, 92], "uv_size": [-4, -16]},
								"west": {"uv": [52, 92], "uv_size": [-4, -16]},
								"up": {"uv": [10, 79], "uv_size": [20, 4]},
								"down": {"uv": [48, 76], "uv_size": [4, 16]}
							}
						},
						{
							"origin": [7, 9.61305, -7],
							"size": [5, 4.7739, 48],
							"pivot": [0, 12, -1],
							"rotation": [0, 0, -22.5],
							"uv": {
								"north": {"uv": [52, 92], "uv_size": [-4, -16]},
								"east": {"uv": [52, 92], "uv_size": [-4, -16]},
								"south": {"uv": [52, 92], "uv_size": [-4, -16]},
								"west": {"uv": [52, 92], "uv_size": [-4, -16]},
								"up": {"uv": [49, 68], "uv_size": [4, 16]},
								"down": {"uv": [48, 76], "uv_size": [4, 16]}
							}
						},
						{
							"origin": [7, 9.61305, -7],
							"size": [5, 4.7739, 48],
							"uv": {
								"north": {"uv": [52, 92], "uv_size": [-4, -16]},
								"east": {"uv": [52, 92], "uv_size": [-4, -16]},
								"south": {"uv": [52, 92], "uv_size": [-4, -16]},
								"west": {"uv": [29, 70], "uv_size": [-20, -4]},
								"up": {"uv": [49, 68], "uv_size": [4, 16]},
								"down": {"uv": [48, 76], "uv_size": [4, 16]}
							}
						},
						{
							"origin": [7, 9.61305, -7],
							"size": [5, 4.7739, 48],
							"pivot": [0, 12, -1],
							"rotation": [0, 0, 22.5],
							"uv": {
								"north": {"uv": [52, 92], "uv_size": [-4, -16]},
								"east": {"uv": [52, 92], "uv_size": [-4, -16]},
								"south": {"uv": [52, 92], "uv_size": [-4, -16]},
								"west": {"uv": [20, 88], "uv_size": [-9, -7]},
								"up": {"uv": [49, 68], "uv_size": [4, 16]},
								"down": {"uv": [48, 76], "uv_size": [4, 16]}
							}
						},
						{
							"origin": [-12, 9.61305, -7],
							"size": [5, 4.7739, 48],
							"pivot": [0, 12, -1],
							"rotation": [0, 0, -22.5],
							"uv": {
								"north": {"uv": [52, 92], "uv_size": [-4, -16]},
								"east": {"uv": [25, 89], "uv_size": [-9, -7]},
								"south": {"uv": [52, 92], "uv_size": [-4, -16]},
								"west": {"uv": [52, 92], "uv_size": [-4, -16]},
								"up": {"uv": [34, 38], "uv_size": [-8, 18]},
								"down": {"uv": [48, 76], "uv_size": [4, 16]}
							}
						},
						{
							"origin": [-12.4, 10.31305, 25],
							"size": [0.2, 1.7739, 16],
							"pivot": [0.6, 12.7, -1],
							"rotation": [0, 0, -22.5],
							"uv": {
								"north": {"uv": [52, 92], "uv_size": [-4, -16]},
								"east": {"uv": [23, 50], "uv_size": [-17, -5]},
								"south": {"uv": [52, 92], "uv_size": [-4, -16]},
								"west": {"uv": [52, 92], "uv_size": [-4, -16]},
								"up": {"uv": [34, 38], "uv_size": [-8, 18]},
								"down": {"uv": [48, 76], "uv_size": [4, 16]}
							}
						},
						{
							"origin": [-12.4, 10.31305, 24],
							"size": [0.2, 0.7739, 1],
							"pivot": [0.6, 12.7, -1],
							"rotation": [0, 0, -22.5],
							"uv": {
								"north": {"uv": [52, 92], "uv_size": [-4, -16]},
								"east": {"uv": [23, 47], "uv_size": [-17, -2]},
								"south": {"uv": [52, 92], "uv_size": [-4, -16]},
								"west": {"uv": [52, 92], "uv_size": [-4, -16]},
								"up": {"uv": [34, 38], "uv_size": [-8, 18]},
								"down": {"uv": [48, 76], "uv_size": [4, 16]}
							}
						},
						{
							"origin": [-22.375, 34.41305, 36.4],
							"size": [0.2, 1.7739, 3],
							"pivot": [-9.375, 36.8, 5.4],
							"rotation": [-52.5, 0, -22.5],
							"uv": {
								"north": {"uv": [52, 92], "uv_size": [-4, -16]},
								"east": {"uv": [22, 50], "uv_size": [-16, -5]},
								"south": {"uv": [52, 92], "uv_size": [-4, -16]},
								"west": {"uv": [52, 92], "uv_size": [-4, -16]},
								"up": {"uv": [34, 38], "uv_size": [-8, 18]},
								"down": {"uv": [48, 76], "uv_size": [4, 16]}
							}
						},
						{
							"origin": [-13, 11.91305, 6.7],
							"size": [0.2, 1.7739, 17],
							"pivot": [0, 14.3, -18.3],
							"rotation": [0, 0, -22.5],
							"uv": {
								"north": {"uv": [52, 92], "uv_size": [-4, -16]},
								"east": {"uv": [23, 50], "uv_size": [-17, -5]},
								"south": {"uv": [52, 92], "uv_size": [-4, -16]},
								"west": {"uv": [52, 92], "uv_size": [-4, -16]},
								"up": {"uv": [34, 38], "uv_size": [-8, 18]},
								"down": {"uv": [48, 76], "uv_size": [4, 16]}
							}
						},
						{
							"origin": [-12, 9.61305, 29],
							"size": [5, 4.7739, 12],
							"uv": {
								"north": {"uv": [52, 92], "uv_size": [-4, -16]},
								"east": {"uv": [29, 70], "uv_size": [-20, -4]},
								"south": {"uv": [52, 92], "uv_size": [-4, -16]},
								"west": {"uv": [29, 70], "uv_size": [-20, -4]},
								"up": {"uv": [49, 68], "uv_size": [4, 16]},
								"down": {"uv": [48, 76], "uv_size": [4, 16]}
							}
						},
						{
							"origin": [-11, 9.61305, 28],
							"size": [4, 4.7739, 1],
							"uv": {
								"north": {"uv": [97, 79], "uv_size": [-6, -14]},
								"east": {"uv": [97, 93], "uv_size": [-6, -16]},
								"south": {"uv": [52, 92], "uv_size": [-4, -16]},
								"west": {"uv": [52, 92], "uv_size": [-4, -16]},
								"up": {"uv": [49, 68], "uv_size": [4, 16]},
								"down": {"uv": [48, 76], "uv_size": [4, 16]}
							}
						},
						{
							"origin": [-11, 9.61305, 17],
							"size": [4, 4.7739, 1],
							"uv": {
								"north": {"uv": [52, 92], "uv_size": [-4, -16]},
								"east": {"uv": [88, 93], "uv_size": [-6, -16]},
								"south": {"uv": [88, 78], "uv_size": [-6, -14]},
								"west": {"uv": [52, 92], "uv_size": [-4, -16]},
								"up": {"uv": [49, 68], "uv_size": [4, 16]},
								"down": {"uv": [48, 76], "uv_size": [4, 16]}
							}
						},
						{
							"origin": [-9, 9.61305, 15],
							"size": [4, 4.7739, 15],
							"uv": {
								"north": {"uv": [52, 92], "uv_size": [-4, -16]},
								"east": {"uv": [74, 114], "uv_size": [-39, -16]},
								"south": {"uv": [52, 92], "uv_size": [-4, -16]},
								"west": {"uv": [52, 92], "uv_size": [-4, -16]},
								"up": {"uv": [49, 68], "uv_size": [4, 16]},
								"down": {"uv": [48, 76], "uv_size": [4, 16]}
							}
						},
						{
							"origin": [-12, 9.61305, -7],
							"size": [5, 4.7739, 24],
							"uv": {
								"north": {"uv": [52, 92], "uv_size": [-4, -16]},
								"east": {"uv": [26, 88], "uv_size": [-16, -4]},
								"south": {"uv": [52, 92], "uv_size": [-4, -16]},
								"west": {"uv": [52, 92], "uv_size": [-4, -16]},
								"up": {"uv": [49, 68], "uv_size": [4, 16]},
								"down": {"uv": [48, 76], "uv_size": [4, 16]}
							}
						},
						{
							"origin": [-12, 9.61305, 29],
							"size": [5, 4.7739, 12],
							"pivot": [0, 12, -1],
							"rotation": [0, 0, 22.5],
							"uv": {
								"north": {"uv": [52, 92], "uv_size": [-4, -16]},
								"east": {"uv": [52, 92], "uv_size": [-4, -16]},
								"south": {"uv": [52, 92], "uv_size": [-4, -16]},
								"west": {"uv": [52, 92], "uv_size": [-4, -16]},
								"up": {"uv": [49, 68], "uv_size": [4, 16]},
								"down": {"uv": [48, 76], "uv_size": [4, 16]}
							}
						},
						{
							"origin": [-11, 9.61305, 28],
							"size": [4, 4.7739, 1],
							"pivot": [0, 12, -1],
							"rotation": [0, 0, 22.5],
							"uv": {
								"north": {"uv": [97, 79], "uv_size": [-6, -14]},
								"east": {"uv": [97, 79], "uv_size": [-6, -14]},
								"south": {"uv": [52, 92], "uv_size": [-4, -16]},
								"west": {"uv": [52, 92], "uv_size": [-4, -16]},
								"up": {"uv": [49, 68], "uv_size": [4, 16]},
								"down": {"uv": [48, 76], "uv_size": [4, 16]}
							}
						},
						{
							"origin": [-11, 9.61305, 17],
							"size": [4, 4.7739, 1],
							"pivot": [0, 12, -12],
							"rotation": [0, 0, 22.5],
							"uv": {
								"north": {"uv": [52, 92], "uv_size": [-4, -16]},
								"east": {"uv": [88, 79], "uv_size": [-6, -15]},
								"south": {"uv": [88, 78], "uv_size": [-6, -14]},
								"west": {"uv": [52, 92], "uv_size": [-4, -16]},
								"up": {"uv": [49, 68], "uv_size": [4, 16]},
								"down": {"uv": [48, 76], "uv_size": [4, 16]}
							}
						},
						{
							"origin": [-9, 9.61305, 17],
							"size": [5, 4.7739, 12],
							"pivot": [3, 12, -13],
							"rotation": [0, 0, 22.5],
							"uv": {
								"north": {"uv": [52, 92], "uv_size": [-4, -16]},
								"east": {"uv": [117, 114], "uv_size": [-39, -16]},
								"south": {"uv": [52, 92], "uv_size": [-4, -16]},
								"west": {"uv": [52, 92], "uv_size": [-4, -16]},
								"up": {"uv": [49, 68], "uv_size": [4, 16]},
								"down": {"uv": [48, 76], "uv_size": [4, 16]}
							}
						},
						{
							"origin": [-12, 9.61305, -7],
							"size": [5, 4.7739, 24],
							"pivot": [0, 12, -1],
							"rotation": [0, 0, 22.5],
							"uv": {
								"north": {"uv": [52, 92], "uv_size": [-4, -16]},
								"east": {"uv": [30, 81], "uv_size": [-16, -4]},
								"south": {"uv": [52, 92], "uv_size": [-4, -16]},
								"west": {"uv": [52, 92], "uv_size": [-4, -16]},
								"up": {"uv": [49, 68], "uv_size": [4, 16]},
								"down": {"uv": [48, 76], "uv_size": [4, 16]}
							}
						}
					]
				},
				{
					"name": "hexadecagon",
					"parent": "main",
					"pivot": [8, 4, -13],
					"cubes": [
						{
							"origin": [-2.39689, -0.05, -5.5],
							"size": [4.79379, 5, 1],
							"pivot": [0, 12, -5],
							"rotation": [0, 0, -45],
							"uv": {
								"north": {"uv": [54, 9], "uv_size": [1, 1]},
								"east": {"uv": [54, 9], "uv_size": [1, 1]},
								"south": {"uv": [54, 9], "uv_size": [1, 1]},
								"west": {"uv": [54, 9], "uv_size": [1, 1]},
								"up": {"uv": [55, 10], "uv_size": [-1, -1]},
								"down": {"uv": [55, 10], "uv_size": [-1, -1]}
							}
						},
						{
							"origin": [-2.39689, -0.05, -5.5],
							"size": [4.79379, 5, 1],
							"pivot": [0, 12, -5],
							"rotation": [0, 0, -22.5],
							"uv": {
								"north": {"uv": [54, 9], "uv_size": [1, 1]},
								"east": {"uv": [54, 9], "uv_size": [1, 1]},
								"south": {"uv": [54, 9], "uv_size": [1, 1]},
								"west": {"uv": [54, 9], "uv_size": [1, 1]},
								"up": {"uv": [55, 10], "uv_size": [-1, -1]},
								"down": {"uv": [55, 10], "uv_size": [-1, -1]}
							}
						},
						{
							"origin": [-2.39689, -0.05, -5.5],
							"size": [4.79379, 5, 1],
							"uv": {
								"north": {"uv": [54, 9], "uv_size": [1, 1]},
								"east": {"uv": [54, 9], "uv_size": [1, 1]},
								"south": {"uv": [54, 9], "uv_size": [1, 1]},
								"west": {"uv": [54, 9], "uv_size": [1, 1]},
								"up": {"uv": [55, 10], "uv_size": [-1, -1]},
								"down": {"uv": [55, 10], "uv_size": [-1, -1]}
							}
						},
						{
							"origin": [-2.39689, -0.05, -5.5],
							"size": [4.79379, 5, 1],
							"pivot": [0, 12, -5],
							"rotation": [0, 0, 22.5],
							"uv": {
								"north": {"uv": [54, 9], "uv_size": [1, 1]},
								"east": {"uv": [54, 9], "uv_size": [1, 1]},
								"south": {"uv": [54, 9], "uv_size": [1, 1]},
								"west": {"uv": [54, 9], "uv_size": [1, 1]},
								"up": {"uv": [55, 10], "uv_size": [-1, -1]},
								"down": {"uv": [55, 10], "uv_size": [-1, -1]}
							}
						},
						{
							"origin": [-2.39689, -0.05, -5.5],
							"size": [4.79379, 5, 1],
							"pivot": [0, 12, -5],
							"rotation": [0, 0, 45],
							"uv": {
								"north": {"uv": [54, 9], "uv_size": [1, 1]},
								"east": {"uv": [54, 9], "uv_size": [1, 1]},
								"south": {"uv": [54, 9], "uv_size": [1, 1]},
								"west": {"uv": [54, 9], "uv_size": [1, 1]},
								"up": {"uv": [55, 10], "uv_size": [-1, -1]},
								"down": {"uv": [55, 10], "uv_size": [-1, -1]}
							}
						},
						{
							"origin": [-2.39689, 19.05, -5.5],
							"size": [4.79379, 5, 1],
							"pivot": [0, 12, -5],
							"rotation": [0, 0, -45],
							"uv": {
								"north": {"uv": [54, 9], "uv_size": [1, 1]},
								"east": {"uv": [54, 9], "uv_size": [1, 1]},
								"south": {"uv": [54, 9], "uv_size": [1, 1]},
								"west": {"uv": [54, 9], "uv_size": [1, 1]},
								"up": {"uv": [55, 10], "uv_size": [-1, -1]},
								"down": {"uv": [55, 10], "uv_size": [-1, -1]}
							}
						},
						{
							"origin": [-2.39689, 19.05, -5.5],
							"size": [4.79379, 5, 1],
							"pivot": [0, 12, -5],
							"rotation": [0, 0, -22.5],
							"uv": {
								"north": {"uv": [54, 9], "uv_size": [1, 1]},
								"east": {"uv": [54, 9], "uv_size": [1, 1]},
								"south": {"uv": [54, 9], "uv_size": [1, 1]},
								"west": {"uv": [54, 9], "uv_size": [1, 1]},
								"up": {"uv": [55, 10], "uv_size": [-1, -1]},
								"down": {"uv": [55, 10], "uv_size": [-1, -1]}
							}
						},
						{
							"origin": [-2.39689, 19.05, -5.5],
							"size": [4.79379, 5, 1],
							"uv": {
								"north": {"uv": [54, 9], "uv_size": [1, 1]},
								"east": {"uv": [54, 9], "uv_size": [1, 1]},
								"south": {"uv": [54, 9], "uv_size": [1, 1]},
								"west": {"uv": [54, 9], "uv_size": [1, 1]},
								"up": {"uv": [55, 10], "uv_size": [-1, -1]},
								"down": {"uv": [55, 10], "uv_size": [-1, -1]}
							}
						},
						{
							"origin": [-2.39689, 19.05, -5.5],
							"size": [4.79379, 5, 1],
							"pivot": [0, 12, -5],
							"rotation": [0, 0, 22.5],
							"uv": {
								"north": {"uv": [54, 9], "uv_size": [1, 1]},
								"east": {"uv": [54, 9], "uv_size": [1, 1]},
								"south": {"uv": [54, 9], "uv_size": [1, 1]},
								"west": {"uv": [54, 9], "uv_size": [1, 1]},
								"up": {"uv": [55, 10], "uv_size": [-1, -1]},
								"down": {"uv": [55, 10], "uv_size": [-1, -1]}
							}
						},
						{
							"origin": [-2.39689, 19.05, -5.5],
							"size": [4.79379, 5, 1],
							"pivot": [0, 12, -5],
							"rotation": [0, 0, 45],
							"uv": {
								"north": {"uv": [54, 9], "uv_size": [1, 1]},
								"east": {"uv": [54, 9], "uv_size": [1, 1]},
								"south": {"uv": [54, 9], "uv_size": [1, 1]},
								"west": {"uv": [54, 9], "uv_size": [1, 1]},
								"up": {"uv": [55, 10], "uv_size": [-1, -1]},
								"down": {"uv": [55, 10], "uv_size": [-1, -1]}
							}
						},
						{
							"origin": [7.05, 9.60311, -5.5],
							"size": [5, 4.79379, 1],
							"pivot": [0, 12, -5],
							"rotation": [0, 0, -22.5],
							"uv": {
								"north": {"uv": [54, 9], "uv_size": [1, 1]},
								"east": {"uv": [54, 9], "uv_size": [1, 1]},
								"south": {"uv": [54, 9], "uv_size": [1, 1]},
								"west": {"uv": [54, 9], "uv_size": [1, 1]},
								"up": {"uv": [55, 10], "uv_size": [-1, -1]},
								"down": {"uv": [55, 10], "uv_size": [-1, -1]}
							}
						},
						{
							"origin": [7.05, 9.60311, -5.5],
							"size": [5, 4.79379, 1],
							"uv": {
								"north": {"uv": [54, 9], "uv_size": [1, 1]},
								"east": {"uv": [54, 9], "uv_size": [1, 1]},
								"south": {"uv": [54, 9], "uv_size": [1, 1]},
								"west": {"uv": [54, 9], "uv_size": [1, 1]},
								"up": {"uv": [55, 10], "uv_size": [-1, -1]},
								"down": {"uv": [55, 10], "uv_size": [-1, -1]}
							}
						},
						{
							"origin": [7.05, 9.60311, -5.5],
							"size": [5, 4.79379, 1],
							"pivot": [0, 12, -5],
							"rotation": [0, 0, 22.5],
							"uv": {
								"north": {"uv": [54, 9], "uv_size": [1, 1]},
								"east": {"uv": [54, 9], "uv_size": [1, 1]},
								"south": {"uv": [54, 9], "uv_size": [1, 1]},
								"west": {"uv": [54, 9], "uv_size": [1, 1]},
								"up": {"uv": [55, 10], "uv_size": [-1, -1]},
								"down": {"uv": [55, 10], "uv_size": [-1, -1]}
							}
						},
						{
							"origin": [-12.05, 9.60311, -5.5],
							"size": [5, 4.79379, 1],
							"pivot": [0, 12, -5],
							"rotation": [0, 0, -22.5],
							"uv": {
								"north": {"uv": [54, 9], "uv_size": [1, 1]},
								"east": {"uv": [54, 9], "uv_size": [1, 1]},
								"south": {"uv": [54, 9], "uv_size": [1, 1]},
								"west": {"uv": [54, 9], "uv_size": [1, 1]},
								"up": {"uv": [55, 10], "uv_size": [-1, -1]},
								"down": {"uv": [55, 10], "uv_size": [-1, -1]}
							}
						},
						{
							"origin": [-12.05, 9.60311, -5.5],
							"size": [5, 4.79379, 1],
							"uv": {
								"north": {"uv": [54, 9], "uv_size": [1, 1]},
								"east": {"uv": [54, 9], "uv_size": [1, 1]},
								"south": {"uv": [54, 9], "uv_size": [1, 1]},
								"west": {"uv": [54, 9], "uv_size": [1, 1]},
								"up": {"uv": [55, 10], "uv_size": [-1, -1]},
								"down": {"uv": [55, 10], "uv_size": [-1, -1]}
							}
						},
						{
							"origin": [-12.05, 9.60311, -5.5],
							"size": [5, 4.79379, 1],
							"pivot": [0, 12, -5],
							"rotation": [0, 0, 22.5],
							"uv": {
								"north": {"uv": [54, 9], "uv_size": [1, 1]},
								"east": {"uv": [54, 9], "uv_size": [1, 1]},
								"south": {"uv": [54, 9], "uv_size": [1, 1]},
								"west": {"uv": [54, 9], "uv_size": [1, 1]},
								"up": {"uv": [55, 10], "uv_size": [-1, -1]},
								"down": {"uv": [55, 10], "uv_size": [-1, -1]}
							}
						}
					]
				},
				{
					"name": "cap",
					"parent": "middle",
					"pivot": [-9, 5.5, -6]
				},
				{
					"name": "caplight",
					"parent": "cap",
					"pivot": [0.2, 23.3, -8.4]
				},
				{
					"name": "cap_light1",
					"parent": "caplight",
					"pivot": [0.2, 23.3, -8.4],
					"rotation": [-45, 0, 0],
					"cubes": [
						{
							"origin": [-14, 26.37071, -7.90503],
							"size": [1.5, 2, 0.2],
							"pivot": [-9, 18.37071, 2.09497],
							"rotation": [0, 0, 90],
							"uv": {
								"north": {"uv": [6, 106], "uv_size": [9, 4]},
								"east": {"uv": [0, 0], "uv_size": [0.2, 1]},
								"south": {"uv": [0, 0], "uv_size": [2, 1]},
								"west": {"uv": [0, 0], "uv_size": [0.2, 1]},
								"up": {"uv": [2, 0.2], "uv_size": [-2, -0.2]},
								"down": {"uv": [2, 0.2], "uv_size": [-2, -0.2]}
							}
						}
					]
				},
				{
					"name": "cap_light2",
					"parent": "caplight",
					"pivot": [2.2, 22, -9],
					"rotation": [-25, 0, 0],
					"cubes": [
						{
							"origin": [-14, 25, -9],
							"size": [2.2, 2, 0.2],
							"pivot": [-9, 17, 1],
							"rotation": [0, 0, 90],
							"uv": {
								"north": {"uv": [7, 106], "uv_size": [8, 4]},
								"east": {"uv": [0, 0], "uv_size": [0.2, 1]},
								"south": {"uv": [0, 0], "uv_size": [2, 1]},
								"west": {"uv": [0, 0], "uv_size": [0.2, 1]},
								"up": {"uv": [2, 0.2], "uv_size": [-2, -0.2]},
								"down": {"uv": [2, 0.2], "uv_size": [-2, -0.2]}
							}
						}
					]
				},
				{
					"name": "cap_light3",
					"parent": "caplight",
					"pivot": [2.2, 20, -10],
					"cubes": [
						{
							"origin": [-14, 23, -10],
							"size": [2.2, 2, 0.2],
							"inflate": 0.01,
							"pivot": [-9, 15, 0],
							"rotation": [0, 0, 90],
							"uv": {
								"north": {"uv": [14, 106], "uv_size": [7, 4]},
								"east": {"uv": [0, 0], "uv_size": [0.2, 1]},
								"south": {"uv": [0, 0], "uv_size": [2, 1]},
								"west": {"uv": [0, 0], "uv_size": [0.2, 1]},
								"up": {"uv": [2, 0.2], "uv_size": [-2, -0.2]},
								"down": {"uv": [2, 0.2], "uv_size": [-2, -0.2]}
							}
						}
					]
				},
				{
					"name": "caplight6",
					"parent": "cap",
					"pivot": [0.2, -0.3, -8.4]
				},
				{
					"name": "cap_light16",
					"parent": "caplight6",
					"pivot": [0.2, -0.3, -8.4],
					"rotation": [45, 0, 0],
					"cubes": [
						{
							"origin": [-14, -5.37071, -7.90503],
							"size": [1.5, 2, 0.2],
							"pivot": [-9, 4.62929, 2.09497],
							"rotation": [0, 0, -90],
							"uv": {
								"north": {"uv": [6, 110], "uv_size": [9, -4]},
								"east": {"uv": [0, 1], "uv_size": [0.2, -1]},
								"south": {"uv": [0, 1], "uv_size": [2, -1]},
								"west": {"uv": [0, 1], "uv_size": [0.2, -1]},
								"up": {"uv": [2, 0], "uv_size": [-2, 0.2]},
								"down": {"uv": [2, 0], "uv_size": [-2, 0.2]}
							}
						}
					]
				},
				{
					"name": "cap_light17",
					"parent": "caplight6",
					"pivot": [2.2, 1, -9],
					"rotation": [25, 0, 0],
					"cubes": [
						{
							"origin": [-14, -4, -9],
							"size": [2.2, 2, 0.2],
							"pivot": [-9, 6, 1],
							"rotation": [0, 0, -90],
							"uv": {
								"north": {"uv": [7, 110], "uv_size": [8, -4]},
								"east": {"uv": [0, 1], "uv_size": [0.2, -1]},
								"south": {"uv": [0, 1], "uv_size": [2, -1]},
								"west": {"uv": [0, 1], "uv_size": [0.2, -1]},
								"up": {"uv": [2, 0], "uv_size": [-2, 0.2]},
								"down": {"uv": [2, 0], "uv_size": [-2, 0.2]}
							}
						}
					]
				},
				{
					"name": "cap_light18",
					"parent": "caplight6",
					"pivot": [2.2, 3, -10],
					"cubes": [
						{
							"origin": [-14, -2, -10],
							"size": [2.2, 2, 0.2],
							"inflate": 0.01,
							"pivot": [-9, 8, 0],
							"rotation": [0, 0, -90],
							"uv": {
								"north": {"uv": [14, 110], "uv_size": [7, -4]},
								"east": {"uv": [0, 1], "uv_size": [0.2, -1]},
								"south": {"uv": [0, 1], "uv_size": [2, -1]},
								"west": {"uv": [0, 1], "uv_size": [0.2, -1]},
								"up": {"uv": [2, 0], "uv_size": [-2, 0.2]},
								"down": {"uv": [2, 0], "uv_size": [-2, 0.2]}
							}
						}
					]
				},
				{
					"name": "caplight2",
					"parent": "cap",
					"pivot": [-6.8, 22.3, -8.4],
					"rotation": [0, 0, -45]
				},
				{
					"name": "cap_light4",
					"parent": "caplight2",
					"pivot": [-6.8, 22.3, -8.4],
					"rotation": [-45, 0, 0],
					"cubes": [
						{
							"origin": [-20.45, 25.01716, -7.35503],
							"size": [1.5, 2, 0.2],
							"pivot": [-16, 17.37071, 2.09497],
							"rotation": [0, 0, 90],
							"uv": {
								"north": {"uv": [6, 106], "uv_size": [9, 4]},
								"east": {"uv": [0, 0], "uv_size": [0.2, 1]},
								"south": {"uv": [0, 0], "uv_size": [2, 1]},
								"west": {"uv": [0, 0], "uv_size": [0.2, 1]},
								"up": {"uv": [2, 0.2], "uv_size": [-2, -0.2]},
								"down": {"uv": [2, 0.2], "uv_size": [-2, -0.2]}
							}
						}
					]
				},
				{
					"name": "cap_light5",
					"parent": "caplight2",
					"pivot": [-4.8, 21, -9],
					"rotation": [-25, 0, 0],
					"cubes": [
						{
							"origin": [-20.29506, 23.64645, -8.67128],
							"size": [2.2, 2, 0.2],
							"pivot": [-16, 16, 1],
							"rotation": [0, 0, 90],
							"uv": {
								"north": {"uv": [7, 106], "uv_size": [8, 4]},
								"east": {"uv": [0, 0], "uv_size": [0.2, 1]},
								"south": {"uv": [0, 0], "uv_size": [2, 1]},
								"west": {"uv": [0, 0], "uv_size": [0.2, 1]},
								"up": {"uv": [2, 0.2], "uv_size": [-2, -0.2]},
								"down": {"uv": [2, 0.2], "uv_size": [-2, -0.2]}
							}
						}
					]
				},
				{
					"name": "cap_light6",
					"parent": "caplight2",
					"pivot": [-4.8, 19, -10],
					"cubes": [
						{
							"origin": [-20.22218, 21.64645, -10],
							"size": [2.2, 2, 0.2],
							"inflate": 0.01,
							"pivot": [-16, 14, 0],
							"rotation": [0, 0, 90],
							"uv": {
								"north": {"uv": [14, 106], "uv_size": [7, 4]},
								"east": {"uv": [0, 0], "uv_size": [0.2, 1]},
								"south": {"uv": [0, 0], "uv_size": [2, 1]},
								"west": {"uv": [0, 0], "uv_size": [0.2, 1]},
								"up": {"uv": [2, 0.2], "uv_size": [-2, -0.2]},
								"down": {"uv": [2, 0.2], "uv_size": [-2, -0.2]}
							}
						}
					]
				},
				{
					"name": "caplight8",
					"parent": "cap",
					"pivot": [6.8, 22.3, -8.4],
					"rotation": [0, 0, 45]
				},
				{
					"name": "cap_light22",
					"parent": "caplight8",
					"pivot": [6.8, 22.3, -8.4],
					"rotation": [-45, 0, 0],
					"cubes": [
						{
							"origin": [18.95, 25.01716, -7.35503],
							"size": [1.5, 2, 0.2],
							"pivot": [16, 17.37071, 2.09497],
							"rotation": [0, 0, -90],
							"uv": {
								"north": {"uv": [15, 106], "uv_size": [-9, 4]},
								"east": {"uv": [0.2, 0], "uv_size": [-0.2, 1]},
								"south": {"uv": [2, 0], "uv_size": [-2, 1]},
								"west": {"uv": [0.2, 0], "uv_size": [-0.2, 1]},
								"up": {"uv": [0, 0.2], "uv_size": [2, -0.2]},
								"down": {"uv": [0, 0.2], "uv_size": [2, -0.2]}
							}
						}
					]
				},
				{
					"name": "cap_light23",
					"parent": "caplight8",
					"pivot": [4.8, 21, -9],
					"rotation": [-25, 0, 0],
					"cubes": [
						{
							"origin": [18.09506, 23.64645, -8.67128],
							"size": [2.2, 2, 0.2],
							"pivot": [16, 16, 1],
							"rotation": [0, 0, -90],
							"uv": {
								"north": {"uv": [15, 106], "uv_size": [-8, 4]},
								"east": {"uv": [0.2, 0], "uv_size": [-0.2, 1]},
								"south": {"uv": [2, 0], "uv_size": [-2, 1]},
								"west": {"uv": [0.2, 0], "uv_size": [-0.2, 1]},
								"up": {"uv": [0, 0.2], "uv_size": [2, -0.2]},
								"down": {"uv": [0, 0.2], "uv_size": [2, -0.2]}
							}
						}
					]
				},
				{
					"name": "cap_light24",
					"parent": "caplight8",
					"pivot": [4.8, 19, -10],
					"cubes": [
						{
							"origin": [18.02218, 21.64645, -10],
							"size": [2.2, 2, 0.2],
							"inflate": 0.01,
							"pivot": [16, 14, 0],
							"rotation": [0, 0, -90],
							"uv": {
								"north": {"uv": [21, 106], "uv_size": [-7, 4]},
								"east": {"uv": [0.2, 0], "uv_size": [-0.2, 1]},
								"south": {"uv": [2, 0], "uv_size": [-2, 1]},
								"west": {"uv": [0.2, 0], "uv_size": [-0.2, 1]},
								"up": {"uv": [0, 0.2], "uv_size": [2, -0.2]},
								"down": {"uv": [0, 0.2], "uv_size": [2, -0.2]}
							}
						}
					]
				},
				{
					"name": "caplight4",
					"parent": "cap",
					"pivot": [-6.8, 0.7, -8.4],
					"rotation": [0, 0, 45]
				},
				{
					"name": "cap_light10",
					"parent": "caplight4",
					"pivot": [-6.8, 0.7, -8.4],
					"rotation": [45, 0, 0],
					"cubes": [
						{
							"origin": [-20.45, -4.01716, -7.35503],
							"size": [1.5, 2, 0.2],
							"pivot": [-16, 5.62929, 2.09497],
							"rotation": [0, 0, -90],
							"uv": {
								"north": {"uv": [6, 110], "uv_size": [9, -4]},
								"east": {"uv": [0, 1], "uv_size": [0.2, -1]},
								"south": {"uv": [0, 1], "uv_size": [2, -1]},
								"west": {"uv": [0, 1], "uv_size": [0.2, -1]},
								"up": {"uv": [2, 0], "uv_size": [-2, 0.2]},
								"down": {"uv": [2, 0], "uv_size": [-2, 0.2]}
							}
						}
					]
				},
				{
					"name": "cap_light11",
					"parent": "caplight4",
					"pivot": [-4.8, 2, -9],
					"rotation": [25, 0, 0],
					"cubes": [
						{
							"origin": [-20.29506, -2.64645, -8.67128],
							"size": [2.2, 2, 0.2],
							"pivot": [-16, 7, 1],
							"rotation": [0, 0, -90],
							"uv": {
								"north": {"uv": [7, 110], "uv_size": [8, -4]},
								"east": {"uv": [0, 1], "uv_size": [0.2, -1]},
								"south": {"uv": [0, 1], "uv_size": [2, -1]},
								"west": {"uv": [0, 1], "uv_size": [0.2, -1]},
								"up": {"uv": [2, 0], "uv_size": [-2, 0.2]},
								"down": {"uv": [2, 0], "uv_size": [-2, 0.2]}
							}
						}
					]
				},
				{
					"name": "cap_light12",
					"parent": "caplight4",
					"pivot": [-4.8, 4, -10],
					"cubes": [
						{
							"origin": [-20.22218, -0.64645, -10],
							"size": [2.2, 2, 0.2],
							"inflate": 0.01,
							"pivot": [-16, 9, 0],
							"rotation": [0, 0, -90],
							"uv": {
								"north": {"uv": [14, 110], "uv_size": [7, -4]},
								"east": {"uv": [0, 1], "uv_size": [0.2, -1]},
								"south": {"uv": [0, 1], "uv_size": [2, -1]},
								"west": {"uv": [0, 1], "uv_size": [0.2, -1]},
								"up": {"uv": [2, 0], "uv_size": [-2, 0.2]},
								"down": {"uv": [2, 0], "uv_size": [-2, 0.2]}
							}
						}
					]
				},
				{
					"name": "caplight7",
					"parent": "cap",
					"pivot": [6.8, 0.7, -8.4],
					"rotation": [0, 0, -45]
				},
				{
					"name": "cap_light19",
					"parent": "caplight7",
					"pivot": [6.8, 0.7, -8.4],
					"rotation": [45, 0, 0],
					"cubes": [
						{
							"origin": [18.95, -4.01716, -7.35503],
							"size": [1.5, 2, 0.2],
							"pivot": [16, 5.62929, 2.09497],
							"rotation": [0, 0, 90],
							"uv": {
								"north": {"uv": [15, 110], "uv_size": [-9, -4]},
								"east": {"uv": [0.2, 1], "uv_size": [-0.2, -1]},
								"south": {"uv": [2, 1], "uv_size": [-2, -1]},
								"west": {"uv": [0.2, 1], "uv_size": [-0.2, -1]},
								"up": {"uv": [0, 0], "uv_size": [2, 0.2]},
								"down": {"uv": [0, 0], "uv_size": [2, 0.2]}
							}
						}
					]
				},
				{
					"name": "cap_light20",
					"parent": "caplight7",
					"pivot": [4.8, 2, -9],
					"rotation": [25, 0, 0],
					"cubes": [
						{
							"origin": [18.09506, -2.64645, -8.67128],
							"size": [2.2, 2, 0.2],
							"pivot": [16, 7, 1],
							"rotation": [0, 0, 90],
							"uv": {
								"north": {"uv": [15, 110], "uv_size": [-8, -4]},
								"east": {"uv": [0.2, 1], "uv_size": [-0.2, -1]},
								"south": {"uv": [2, 1], "uv_size": [-2, -1]},
								"west": {"uv": [0.2, 1], "uv_size": [-0.2, -1]},
								"up": {"uv": [0, 0], "uv_size": [2, 0.2]},
								"down": {"uv": [0, 0], "uv_size": [2, 0.2]}
							}
						}
					]
				},
				{
					"name": "cap_light21",
					"parent": "caplight7",
					"pivot": [4.8, 4, -10],
					"cubes": [
						{
							"origin": [18.02218, -0.64645, -10],
							"size": [2.2, 2, 0.2],
							"inflate": 0.01,
							"pivot": [16, 9, 0],
							"rotation": [0, 0, 90],
							"uv": {
								"north": {"uv": [21, 110], "uv_size": [-7, -4]},
								"east": {"uv": [0.2, 1], "uv_size": [-0.2, -1]},
								"south": {"uv": [2, 1], "uv_size": [-2, -1]},
								"west": {"uv": [0.2, 1], "uv_size": [-0.2, -1]},
								"up": {"uv": [0, 0], "uv_size": [2, 0.2]},
								"down": {"uv": [0, 0], "uv_size": [2, 0.2]}
							}
						}
					]
				},
				{
					"name": "caplight3",
					"parent": "cap",
					"pivot": [-11.8, 15.3, -8.4],
					"rotation": [0, 0, -90]
				},
				{
					"name": "cap_light7",
					"parent": "caplight3",
					"pivot": [-11.8, 15.3, -8.4],
					"rotation": [-45, 0, 0],
					"cubes": [
						{
							"origin": [-28.19645, 18.2136, -7.55147],
							"size": [1.5, 2, 0.2],
							"pivot": [-23.74645, 10.56716, 1.89853],
							"rotation": [0, 0, 90],
							"uv": {
								"north": {"uv": [6, 106], "uv_size": [9, 4]},
								"east": {"uv": [0, 0], "uv_size": [0.2, 1]},
								"south": {"uv": [0, 0], "uv_size": [2, 1]},
								"west": {"uv": [0, 0], "uv_size": [0.2, 1]},
								"up": {"uv": [2, 0.2], "uv_size": [-2, -0.2]},
								"down": {"uv": [2, 0.2], "uv_size": [-2, -0.2]}
							}
						}
					]
				},
				{
					"name": "cap_light8",
					"parent": "caplight3",
					"pivot": [-9.8, 14, -9],
					"rotation": [-25, 0, 0],
					"cubes": [
						{
							"origin": [-28.0415, 16.89823, -8.78869],
							"size": [2.2, 2, 0.2],
							"pivot": [-23.74645, 9.25179, 0.88259],
							"rotation": [0, 0, 90],
							"uv": {
								"north": {"uv": [7, 106], "uv_size": [8, 4]},
								"east": {"uv": [0, 0], "uv_size": [0.2, 1]},
								"south": {"uv": [0, 0], "uv_size": [2, 1]},
								"west": {"uv": [0, 0], "uv_size": [0.2, 1]},
								"up": {"uv": [2, 0.2], "uv_size": [-2, -0.2]},
								"down": {"uv": [2, 0.2], "uv_size": [-2, -0.2]}
							}
						}
					]
				},
				{
					"name": "cap_light9",
					"parent": "caplight3",
					"pivot": [-9.8, 12, -10],
					"cubes": [
						{
							"origin": [-27.96863, 14.92426, -10],
							"size": [2.2, 2, 0.2],
							"inflate": 0.01,
							"pivot": [-23.74645, 7.27782, 0],
							"rotation": [0, 0, 90],
							"uv": {
								"north": {"uv": [14, 106], "uv_size": [7, 4]},
								"east": {"uv": [0, 0], "uv_size": [0.2, 1]},
								"south": {"uv": [0, 0], "uv_size": [2, 1]},
								"west": {"uv": [0, 0], "uv_size": [0.2, 1]},
								"up": {"uv": [2, 0.2], "uv_size": [-2, -0.2]},
								"down": {"uv": [2, 0.2], "uv_size": [-2, -0.2]}
							}
						}
					]
				},
				{
					"name": "caplight5",
					"parent": "cap",
					"pivot": [11.8, 15.3, -8.4],
					"rotation": [0, 0, 90]
				},
				{
					"name": "cap_light13",
					"parent": "caplight5",
					"pivot": [11.8, 15.3, -8.4],
					"rotation": [-45, 0, 0],
					"cubes": [
						{
							"origin": [26.69645, 18.2136, -7.55147],
							"size": [1.5, 2, 0.2],
							"pivot": [23.74645, 10.56716, 1.89853],
							"rotation": [0, 0, -90],
							"uv": {
								"north": {"uv": [15, 106], "uv_size": [-9, 4]},
								"east": {"uv": [0.2, 0], "uv_size": [-0.2, 1]},
								"south": {"uv": [2, 0], "uv_size": [-2, 1]},
								"west": {"uv": [0.2, 0], "uv_size": [-0.2, 1]},
								"up": {"uv": [0, 0.2], "uv_size": [2, -0.2]},
								"down": {"uv": [0, 0.2], "uv_size": [2, -0.2]}
							}
						}
					]
				},
				{
					"name": "cap_light14",
					"parent": "caplight5",
					"pivot": [9.8, 14, -9],
					"rotation": [-25, 0, 0],
					"cubes": [
						{
							"origin": [25.8415, 16.89823, -8.78869],
							"size": [2.2, 2, 0.2],
							"pivot": [23.74645, 9.25179, 0.88259],
							"rotation": [0, 0, -90],
							"uv": {
								"north": {"uv": [15, 106], "uv_size": [-8, 4]},
								"east": {"uv": [0.2, 0], "uv_size": [-0.2, 1]},
								"south": {"uv": [2, 0], "uv_size": [-2, 1]},
								"west": {"uv": [0.2, 0], "uv_size": [-0.2, 1]},
								"up": {"uv": [0, 0.2], "uv_size": [2, -0.2]},
								"down": {"uv": [0, 0.2], "uv_size": [2, -0.2]}
							}
						}
					]
				},
				{
					"name": "cap_light15",
					"parent": "caplight5",
					"pivot": [9.8, 12, -10],
					"cubes": [
						{
							"origin": [25.76863, 14.92426, -10],
							"size": [2.2, 2, 0.2],
							"inflate": 0.01,
							"pivot": [23.74645, 7.27782, 0],
							"rotation": [0, 0, -90],
							"uv": {
								"north": {"uv": [21, 106], "uv_size": [-7, 4]},
								"east": {"uv": [0.2, 0], "uv_size": [-0.2, 1]},
								"south": {"uv": [2, 0], "uv_size": [-2, 1]},
								"west": {"uv": [0.2, 0], "uv_size": [-0.2, 1]},
								"up": {"uv": [0, 0.2], "uv_size": [2, -0.2]},
								"down": {"uv": [0, 0.2], "uv_size": [2, -0.2]}
							}
						}
					]
				},
				{
					"name": "cap_thing",
					"parent": "cap",
					"pivot": [-9, 5.5, -6],
					"rotation": [0, 0, -45]
				},
				{
					"name": "bone2",
					"parent": "cap_thing",
					"pivot": [-9, 5.3, -8],
					"rotation": [0, -67.5, 0],
					"cubes": [
						{
							"origin": [-9.92459, 4, -11.80583],
							"size": [2, 3, 6],
							"inflate": 0.001,
							"uv": {
								"north": {"uv": [52, 92], "uv_size": [-4, -16]},
								"east": {"uv": [52, 92], "uv_size": [-4, -16]},
								"south": {"uv": [52, 92], "uv_size": [-4, -16]},
								"west": {"uv": [52, 92], "uv_size": [-4, -16]},
								"up": {"uv": [49, 68], "uv_size": [4, 16]},
								"down": {"uv": [48, 76], "uv_size": [4, 16]}
							}
						}
					]
				},
				{
					"name": "bone3",
					"parent": "cap_thing",
					"pivot": [-10.38098, 5.3, -7.01454],
					"cubes": [
						{
							"origin": [-11.38098, 4, -8.01454],
							"size": [2, 3, 5],
							"uv": {
								"north": {"uv": [52, 92], "uv_size": [-4, -16]},
								"east": {"uv": [52, 92], "uv_size": [-4, -16]},
								"south": {"uv": [52, 92], "uv_size": [-4, -16]},
								"west": {"uv": [52, 92], "uv_size": [-4, -16]},
								"up": {"uv": [49, 68], "uv_size": [4, 16]},
								"down": {"uv": [48, 76], "uv_size": [4, 16]}
							}
						}
					]
				},
				{
					"name": "cap_thing3",
					"parent": "cap",
					"pivot": [9, 5.5, -6],
					"rotation": [0, 0, 45]
				},
				{
					"name": "bone6",
					"parent": "cap_thing3",
					"pivot": [9, 5.3, -8],
					"rotation": [0, 67.5, 0],
					"cubes": [
						{
							"origin": [7.92459, 4, -11.80583],
							"size": [2, 3, 6],
							"inflate": 0.001,
							"uv": {
								"north": {"uv": [52, 92], "uv_size": [-4, -16]},
								"east": {"uv": [52, 92], "uv_size": [-4, -16]},
								"south": {"uv": [52, 92], "uv_size": [-4, -16]},
								"west": {"uv": [52, 92], "uv_size": [-4, -16]},
								"up": {"uv": [49, 68], "uv_size": [4, 16]},
								"down": {"uv": [48, 76], "uv_size": [4, 16]}
							}
						}
					]
				},
				{
					"name": "bone7",
					"parent": "cap_thing3",
					"pivot": [10.38098, 5.3, -7.01454],
					"cubes": [
						{
							"origin": [9.38098, 4, -8.01454],
							"size": [2, 3, 5],
							"uv": {
								"north": {"uv": [52, 92], "uv_size": [-4, -16]},
								"east": {"uv": [52, 92], "uv_size": [-4, -16]},
								"south": {"uv": [52, 92], "uv_size": [-4, -16]},
								"west": {"uv": [52, 92], "uv_size": [-4, -16]},
								"up": {"uv": [49, 68], "uv_size": [4, 16]},
								"down": {"uv": [48, 76], "uv_size": [4, 16]}
							}
						}
					]
				},
				{
					"name": "cap_thing2",
					"parent": "cap",
					"pivot": [-9, 18.5, -6],
					"rotation": [0, 0, 45]
				},
				{
					"name": "bone4",
					"parent": "cap_thing2",
					"pivot": [-9, 18.7, -8],
					"rotation": [0, -67.5, 0],
					"cubes": [
						{
							"origin": [-9.92459, 17, -11.80583],
							"size": [2, 3, 6],
							"inflate": 0.001,
							"uv": {
								"north": {"uv": [52, 92], "uv_size": [-4, -16]},
								"east": {"uv": [52, 92], "uv_size": [-4, -16]},
								"south": {"uv": [52, 92], "uv_size": [-4, -16]},
								"west": {"uv": [52, 92], "uv_size": [-4, -16]},
								"up": {"uv": [49, 68], "uv_size": [4, 16]},
								"down": {"uv": [48, 76], "uv_size": [4, 16]}
							}
						}
					]
				},
				{
					"name": "bone5",
					"parent": "cap_thing2",
					"pivot": [-10.38098, 18.7, -7.01454],
					"cubes": [
						{
							"origin": [-11.38098, 17, -8.01454],
							"size": [2, 3, 5],
							"uv": {
								"north": {"uv": [52, 92], "uv_size": [-4, -16]},
								"east": {"uv": [52, 92], "uv_size": [-4, -16]},
								"south": {"uv": [52, 92], "uv_size": [-4, -16]},
								"west": {"uv": [52, 92], "uv_size": [-4, -16]},
								"up": {"uv": [49, 68], "uv_size": [4, 16]},
								"down": {"uv": [48, 76], "uv_size": [4, 16]}
							}
						}
					]
				},
				{
					"name": "cap_thing4",
					"parent": "cap",
					"pivot": [9, 18.5, -6],
					"rotation": [0, 0, -45]
				},
				{
					"name": "bone8",
					"parent": "cap_thing4",
					"pivot": [9, 18.7, -8],
					"rotation": [0, 67.5, 0],
					"cubes": [
						{
							"origin": [7.92459, 17, -11.80583],
							"size": [2, 3, 6],
							"inflate": 0.001,
							"uv": {
								"north": {"uv": [52, 92], "uv_size": [-4, -16]},
								"east": {"uv": [52, 92], "uv_size": [-4, -16]},
								"south": {"uv": [52, 92], "uv_size": [-4, -16]},
								"west": {"uv": [52, 92], "uv_size": [-4, -16]},
								"up": {"uv": [49, 68], "uv_size": [4, 16]},
								"down": {"uv": [48, 76], "uv_size": [4, 16]}
							}
						}
					]
				},
				{
					"name": "bone9",
					"parent": "cap_thing4",
					"pivot": [10.38098, 18.7, -7.01454],
					"cubes": [
						{
							"origin": [9.38098, 17, -8.01454],
							"size": [2, 3, 5],
							"uv": {
								"north": {"uv": [52, 92], "uv_size": [-4, -16]},
								"east": {"uv": [52, 92], "uv_size": [-4, -16]},
								"south": {"uv": [52, 92], "uv_size": [-4, -16]},
								"west": {"uv": [52, 92], "uv_size": [-4, -16]},
								"up": {"uv": [49, 68], "uv_size": [4, 16]},
								"down": {"uv": [48, 76], "uv_size": [4, 16]}
							}
						}
					]
				},
				{
					"name": "cap1",
					"parent": "cap",
					"pivot": [-4, 0, 0],
					"cubes": [
						{
							"origin": [7, 4, -8],
							"size": [2, 16, 1],
							"uv": {
								"north": {"uv": [49, 87], "uv_size": [-4, -16]},
								"east": {"uv": [52, 92], "uv_size": [-4, -16]},
								"south": {"uv": [52, 92], "uv_size": [-4, -16]},
								"west": {"uv": [52, 92], "uv_size": [-4, -16]},
								"up": {"uv": [49, 68], "uv_size": [4, 16]},
								"down": {"uv": [48, 76], "uv_size": [4, 16]}
							}
						},
						{
							"origin": [9, 7, -8],
							"size": [2, 10, 1],
							"uv": {
								"north": {"uv": [49, 87], "uv_size": [-4, -16]},
								"east": {"uv": [52, 92], "uv_size": [-4, -16]},
								"south": {"uv": [52, 92], "uv_size": [-4, -16]},
								"west": {"uv": [52, 92], "uv_size": [-4, -16]},
								"up": {"uv": [49, 68], "uv_size": [4, 16]},
								"down": {"uv": [48, 76], "uv_size": [4, 16]}
							}
						},
						{
							"origin": [5, 2, -8],
							"size": [2, 20, 1],
							"uv": {
								"north": {"uv": [49, 87], "uv_size": [-4, -16]},
								"east": {"uv": [52, 92], "uv_size": [-4, -16]},
								"south": {"uv": [52, 92], "uv_size": [-4, -16]},
								"west": {"uv": [52, 92], "uv_size": [-4, -16]},
								"up": {"uv": [49, 68], "uv_size": [4, 16]},
								"down": {"uv": [48, 76], "uv_size": [4, 16]}
							}
						},
						{
							"origin": [-5, 1, -8],
							"size": [10, 22, 1],
							"uv": {
								"north": {"uv": [16, 70], "uv_size": [-8, -7]},
								"east": {"uv": [52, 92], "uv_size": [-4, -16]},
								"south": {"uv": [52, 92], "uv_size": [-4, -16]},
								"west": {"uv": [52, 92], "uv_size": [-4, -16]},
								"up": {"uv": [49, 68], "uv_size": [4, 16]},
								"down": {"uv": [48, 76], "uv_size": [4, 16]}
							}
						},
						{
							"origin": [-7, 2, -8],
							"size": [2, 20, 1],
							"uv": {
								"north": {"uv": [49, 87], "uv_size": [-4, -16]},
								"east": {"uv": [52, 92], "uv_size": [-4, -16]},
								"south": {"uv": [52, 92], "uv_size": [-4, -16]},
								"west": {"uv": [52, 92], "uv_size": [-4, -16]},
								"up": {"uv": [49, 68], "uv_size": [4, 16]},
								"down": {"uv": [48, 76], "uv_size": [4, 16]}
							}
						},
						{
							"origin": [-9, 4, -8],
							"size": [2, 16, 1],
							"uv": {
								"north": {"uv": [49, 87], "uv_size": [-4, -16]},
								"east": {"uv": [52, 92], "uv_size": [-4, -16]},
								"south": {"uv": [52, 92], "uv_size": [-4, -16]},
								"west": {"uv": [52, 92], "uv_size": [-4, -16]},
								"up": {"uv": [49, 68], "uv_size": [4, 16]},
								"down": {"uv": [48, 76], "uv_size": [4, 16]}
							}
						},
						{
							"origin": [-11, 7, -8],
							"size": [2, 10, 1],
							"uv": {
								"north": {"uv": [49, 87], "uv_size": [-4, -16]},
								"east": {"uv": [52, 92], "uv_size": [-4, -16]},
								"south": {"uv": [52, 92], "uv_size": [-4, -16]},
								"west": {"uv": [52, 92], "uv_size": [-4, -16]},
								"up": {"uv": [49, 68], "uv_size": [4, 16]},
								"down": {"uv": [48, 76], "uv_size": [4, 16]}
							}
						}
					]
				},
				{
					"name": "cap2",
					"parent": "cap",
					"pivot": [4, 0, 0],
					"cubes": [
						{
							"origin": [-3, 2, -9],
							"size": [6, 20, 2],
							"uv": {
								"north": {"uv": [52, 92], "uv_size": [-4, -16]},
								"east": {"uv": [52, 92], "uv_size": [-4, -16]},
								"south": {"uv": [52, 92], "uv_size": [-4, -16]},
								"west": {"uv": [52, 92], "uv_size": [-4, -16]},
								"up": {"uv": [49, 68], "uv_size": [4, 16]},
								"down": {"uv": [48, 76], "uv_size": [4, 16]}
							}
						},
						{
							"origin": [-5, 3, -9],
							"size": [2, 18, 2],
							"uv": {
								"north": {"uv": [52, 92], "uv_size": [-4, -16]},
								"east": {"uv": [52, 92], "uv_size": [-4, -16]},
								"south": {"uv": [52, 92], "uv_size": [-4, -16]},
								"west": {"uv": [52, 92], "uv_size": [-4, -16]},
								"up": {"uv": [49, 68], "uv_size": [4, 16]},
								"down": {"uv": [48, 76], "uv_size": [4, 16]}
							}
						},
						{
							"origin": [-7, 5, -9],
							"size": [2, 14, 2],
							"uv": {
								"north": {"uv": [52, 92], "uv_size": [-4, -16]},
								"east": {"uv": [52, 92], "uv_size": [-4, -16]},
								"south": {"uv": [52, 92], "uv_size": [-4, -16]},
								"west": {"uv": [52, 92], "uv_size": [-4, -16]},
								"up": {"uv": [49, 68], "uv_size": [4, 16]},
								"down": {"uv": [48, 76], "uv_size": [4, 16]}
							}
						},
						{
							"origin": [-9, 8, -9],
							"size": [2, 8, 2],
							"uv": {
								"north": {"uv": [52, 92], "uv_size": [-4, -16]},
								"east": {"uv": [52, 92], "uv_size": [-4, -16]},
								"south": {"uv": [52, 92], "uv_size": [-4, -16]},
								"west": {"uv": [52, 92], "uv_size": [-4, -16]},
								"up": {"uv": [49, 68], "uv_size": [4, 16]},
								"down": {"uv": [48, 76], "uv_size": [4, 16]}
							}
						},
						{
							"origin": [5, 5, -9],
							"size": [2, 14, 2],
							"uv": {
								"north": {"uv": [52, 92], "uv_size": [-4, -16]},
								"east": {"uv": [52, 92], "uv_size": [-4, -16]},
								"south": {"uv": [52, 92], "uv_size": [-4, -16]},
								"west": {"uv": [52, 92], "uv_size": [-4, -16]},
								"up": {"uv": [49, 68], "uv_size": [4, 16]},
								"down": {"uv": [48, 76], "uv_size": [4, 16]}
							}
						},
						{
							"origin": [3, 3, -9],
							"size": [2, 18, 2],
							"uv": {
								"north": {"uv": [52, 92], "uv_size": [-4, -16]},
								"east": {"uv": [52, 92], "uv_size": [-4, -16]},
								"south": {"uv": [52, 92], "uv_size": [-4, -16]},
								"west": {"uv": [52, 92], "uv_size": [-4, -16]},
								"up": {"uv": [49, 68], "uv_size": [4, 16]},
								"down": {"uv": [48, 76], "uv_size": [4, 16]}
							}
						},
						{
							"origin": [7, 8, -9],
							"size": [2, 8, 2],
							"uv": {
								"north": {"uv": [25, 89], "uv_size": [-9, -7]},
								"east": {"uv": [52, 92], "uv_size": [-4, -16]},
								"south": {"uv": [52, 92], "uv_size": [-4, -16]},
								"west": {"uv": [52, 92], "uv_size": [-4, -16]},
								"up": {"uv": [49, 68], "uv_size": [4, 16]},
								"down": {"uv": [48, 76], "uv_size": [4, 16]}
							}
						}
					]
				},
				{
					"name": "cap3",
					"parent": "cap",
					"pivot": [-4, 0, -1],
					"cubes": [
						{
							"origin": [2, 4, -10],
							"size": [2, 15, 2],
							"uv": {
								"north": {"uv": [52, 92], "uv_size": [-4, -16]},
								"east": {"uv": [52, 92], "uv_size": [-4, -16]},
								"south": {"uv": [52, 92], "uv_size": [-4, -16]},
								"west": {"uv": [52, 92], "uv_size": [-4, -16]},
								"up": {"uv": [49, 68], "uv_size": [4, 16]},
								"down": {"uv": [48, 76], "uv_size": [4, 16]}
							}
						},
						{
							"origin": [4, 6, -10],
							"size": [2, 11, 2],
							"uv": {
								"north": {"uv": [52, 92], "uv_size": [-4, -16]},
								"east": {"uv": [52, 92], "uv_size": [-4, -16]},
								"south": {"uv": [52, 92], "uv_size": [-4, -16]},
								"west": {"uv": [52, 92], "uv_size": [-4, -16]},
								"up": {"uv": [49, 68], "uv_size": [4, 16]},
								"down": {"uv": [48, 76], "uv_size": [4, 16]}
							}
						},
						{
							"origin": [6, 9, -10],
							"size": [2, 6, 2],
							"uv": {
								"north": {"uv": [52, 92], "uv_size": [-4, -16]},
								"east": {"uv": [52, 92], "uv_size": [-4, -16]},
								"south": {"uv": [52, 92], "uv_size": [-4, -16]},
								"west": {"uv": [52, 92], "uv_size": [-4, -16]},
								"up": {"uv": [49, 68], "uv_size": [4, 16]},
								"down": {"uv": [48, 76], "uv_size": [4, 16]}
							}
						},
						{
							"origin": [-2, 3, -10],
							"size": [4, 17, 2],
							"uv": {
								"north": {"uv": [25, 89], "uv_size": [-9, -7]},
								"east": {"uv": [52, 92], "uv_size": [-4, -16]},
								"south": {"uv": [52, 92], "uv_size": [-4, -16]},
								"west": {"uv": [52, 92], "uv_size": [-4, -16]},
								"up": {"uv": [49, 68], "uv_size": [4, 16]},
								"down": {"uv": [48, 76], "uv_size": [4, 16]}
							}
						},
						{
							"origin": [-4, 7, -11],
							"size": [7, 9, 3],
							"uv": {
								"north": {"uv": [60, 15], "uv_size": [-10, -10]},
								"east": {"uv": [60, 15], "uv_size": [-10, -10]},
								"south": {"uv": [52, 92], "uv_size": [-4, -16]},
								"west": {"uv": [60, 15], "uv_size": [-10, -10]},
								"up": {"uv": [50, 5], "uv_size": [10, 10]},
								"down": {"uv": [50, 5], "uv_size": [10, 10]}
							}
						},
						{
							"origin": [-5, 8, -11],
							"size": [1, 7, 3],
							"uv": {
								"north": {"uv": [60, 15], "uv_size": [-10, -10]},
								"east": {"uv": [60, 15], "uv_size": [-10, -10]},
								"south": {"uv": [52, 92], "uv_size": [-4, -16]},
								"west": {"uv": [52, 92], "uv_size": [-4, -16]},
								"up": {"uv": [50, 5], "uv_size": [10, 10]},
								"down": {"uv": [50, 5], "uv_size": [10, 10]}
							}
						},
						{
							"origin": [3, 8, -11],
							"size": [1, 7, 3],
							"uv": {
								"north": {"uv": [60, 15], "uv_size": [-10, -10]},
								"east": {"uv": [52, 92], "uv_size": [-4, -16]},
								"south": {"uv": [52, 92], "uv_size": [-4, -16]},
								"west": {"uv": [60, 15], "uv_size": [-10, -10]},
								"up": {"uv": [50, 5], "uv_size": [10, 10]},
								"down": {"uv": [50, 5], "uv_size": [10, 10]}
							}
						},
						{
							"origin": [-2, 3, -10],
							"size": [4, 17, 2],
							"uv": {
								"north": {"uv": [52, 92], "uv_size": [-4, -16]},
								"east": {"uv": [52, 92], "uv_size": [-4, -16]},
								"south": {"uv": [52, 92], "uv_size": [-4, -16]},
								"west": {"uv": [52, 92], "uv_size": [-4, -16]},
								"up": {"uv": [49, 68], "uv_size": [4, 16]},
								"down": {"uv": [48, 76], "uv_size": [4, 16]}
							}
						},
						{
							"origin": [-4, 4, -10],
							"size": [2, 15, 2],
							"uv": {
								"north": {"uv": [52, 92], "uv_size": [-4, -16]},
								"east": {"uv": [52, 92], "uv_size": [-4, -16]},
								"south": {"uv": [52, 92], "uv_size": [-4, -16]},
								"west": {"uv": [52, 92], "uv_size": [-4, -16]},
								"up": {"uv": [49, 68], "uv_size": [4, 16]},
								"down": {"uv": [48, 76], "uv_size": [4, 16]}
							}
						},
						{
							"origin": [-6, 6, -10],
							"size": [2, 11, 2],
							"uv": {
								"north": {"uv": [52, 92], "uv_size": [-4, -16]},
								"east": {"uv": [52, 92], "uv_size": [-4, -16]},
								"south": {"uv": [52, 92], "uv_size": [-4, -16]},
								"west": {"uv": [52, 92], "uv_size": [-4, -16]},
								"up": {"uv": [49, 68], "uv_size": [4, 16]},
								"down": {"uv": [48, 76], "uv_size": [4, 16]}
							}
						},
						{
							"origin": [-8, 9, -10],
							"size": [2, 6, 2],
							"uv": {
								"north": {"uv": [52, 92], "uv_size": [-4, -16]},
								"east": {"uv": [52, 92], "uv_size": [-4, -16]},
								"south": {"uv": [52, 92], "uv_size": [-4, -16]},
								"west": {"uv": [52, 92], "uv_size": [-4, -16]},
								"up": {"uv": [49, 68], "uv_size": [4, 16]},
								"down": {"uv": [48, 76], "uv_size": [4, 16]}
							}
						}
					]
				}
			]
		}
	]
}