{
	"format_version": "1.12.0",
	"minecraft:geometry": [
		{
			"description": {
				"identifier": "geometry.fix_wiring",
				"texture_width": 32,
				"texture_height": 32,
				"visible_bounds_width": 2,
				"visible_bounds_height": 2.5,
				"visible_bounds_offset": [0, 0.75, 0]
			},
			"bones": [
				{
					"name": "waist",
					"pivot": [0, 0, 0],
					"cubes": [
						{
							"origin": [-6.5, 0, 4.3],
							"size": [13, 10, 1],
							"uv": {
								"north": {"uv": [0, 0], "uv_size": [32, 32]},
								"east": {"uv": [0, 2], "uv_size": [2, 22]},
								"south": {"uv": [36, 2], "uv_size": [32, 22]},
								"west": {"uv": [34, 2], "uv_size": [2, 22]},
								"up": {"uv": [2, 0], "uv_size": [32, 2]},
								"down": {"uv": [34, 2], "uv_size": [32, -2]}
							}
						}
					]
				}
			]
		}
	]
}