{
	"format_version": "1.12.0",
	"minecraft:geometry": [
		{
			"description": {
				"identifier": "geometry.fix_light",
				"texture_width": 128,
				"texture_height": 128,
				"visible_bounds_width": 4,
				"visible_bounds_height": 3.5,
				"visible_bounds_offset": [0, 1.25, 0]
			},
			"bones": [
				{
					"name": "waist",
					"pivot": [8, 0, 0],
					"cubes": [
						{"origin": [-16, 0, -8], "size": [32, 32, 16], "uv": [0, 0]},
						{"origin": [-16, 0, -7], "size": [32, 32, 0], "uv": [0, 77]}
					]
				},
				{
					"name": "trapdoor",
					"parent": "waist",
					"pivot": [13, 17, -8],
					"cubes": [
						{"origin": [-13, 3, -9], "size": [26, 26, 1], "uv": [0, 48]}
					]
				}
			]
		}
	]
}