{
	"format_version": "1.12.0",
	"minecraft:geometry": [
		{
			"description": {
				"identifier": "geometry.fuel_tank",
				"texture_width": 32,
				"texture_height": 32,
				"visible_bounds_width": 2,
				"visible_bounds_height": 2.5,
				"visible_bounds_offset": [0, 0.75, 0]
			},
			"bones": [
				{
					"name": "waist",
					"pivot": [0, 0, 0],
					"cubes": [
						{"origin": [-5, 0, -2], "size": [10, 9, 4], "uv": [0, 0]},
						{"origin": [-4, 9, -2], "size": [9, 2, 4], "uv": [0, 13]},
						{"origin": [-8, 9, -1], "size": [4, 2, 2], "pivot": [-4, 9, 0], "rotation": [0, 0, 27.5], "uv": [16, 19]},
						{"origin": [-4, 11, 0], "size": [9, 2, 0], "uv": [0, 19]}
					]
				}
			]
		}
	]
}