{
	"format_version": "1.12.0",
	"minecraft:geometry": [
		{
			"description": {
				"identifier": "geometry.fuel_engine",
				"texture_width": 64,
				"texture_height": 64,
				"visible_bounds_width": 3,
				"visible_bounds_height": 2.5,
				"visible_bounds_offset": [0, 0.75, 0]
			},
			"bones": [
				{
					"name": "waist",
					"pivot": [0, 0, 0],
					"cubes": [
						{"origin": [-9, 1, 5], "size": [8, 8, 3], "uv": [0, 12]},
						{"origin": [-9, 1, 1], "size": [8, 8, 4], "inflate": -0.001, "pivot": [-5, 1, 5], "rotation": [-12.5, 0, 0], "uv": [0, 0]},
						{"origin": [1, 6, 2], "size": [1, 1, 5], "inflate": -0.001, "pivot": [1, 1, 5], "rotation": [-12.5, 0, 0], "uv": [19, 7]},
						{"origin": [4, 6, 2], "size": [1, 1, 5], "inflate": -0.001, "pivot": [4, 1, 5], "rotation": [-12.5, 0, 0], "uv": [19, 7]},
						{"origin": [-0.5, 4, 1], "size": [7, 9, 1], "inflate": -0.001, "pivot": [1, 1, 5], "rotation": [-12.5, 0, 0], "uv": [21, 22]},
						{"origin": [8.5, 5, 1], "size": [3, 3, 1], "inflate": -0.001, "pivot": [1, 1, 5], "rotation": [-12.5, 0, 0], "uv": [20, 0]},
						{"origin": [6.5, 5, 1.5], "size": [2, 3, 0], "inflate": -0.001, "pivot": [1, 1, 5], "rotation": [-12.5, 0, 0], "uv": [0, 0]}
					]
				}
			]
		}
	]
}