{
	"format_version": "1.12.0",
	"minecraft:geometry": [
		{
			"description": {
				"identifier": "geometry.inspect_sample",
				"texture_width": 128,
				"texture_height": 128,
				"visible_bounds_width": 5,
				"visible_bounds_height": 3.5,
				"visible_bounds_offset": [0, 1.25, 0]
			},
			"bones": [
				{
					"name": "waist",
					"pivot": [0, 0, 0],
					"cubes": [
						{"origin": [-16, 10, -3], "size": [32, 25, 3], "uv": [0, 16]},
						{"origin": [-29, 16, -6], "size": [13, 13, 3], "pivot": [-22, 16, -6], "rotation": [0, -25, 0], "uv": [0, 69]},
						{"origin": [-14, 7, -13], "size": [28, 3, 13], "uv": [0, 0]},
						{"origin": [9, 10, -11], "size": [3, 2, 5], "uv": [32, 69]},
						{"origin": [-10, 10, -12], "size": [15, 1, 8], "uv": [56, 61]},
						{"origin": [-14, 0, -4], "size": [28, 7, 4], "uv": [0, 58]},
						{"origin": [-14, 0.30362, -4.27311], "size": [28, 11, 3], "inflate": -0.01, "pivot": [-8, 0.30362, -4.27311], "rotation": [52.5, 0, 0], "uv": [0, 44]},
						{"origin": [-14, 0.30362, -1.27311], "size": [28, 8, 3], "inflate": -0.01, "pivot": [-8, 0.30362, -4.27311], "rotation": [52.5, 0, 0], "uv": [62, 44]}
					]
				}
			]
		}
	]
}