{
	"format_version": "1.12.0",
	"minecraft:geometry": [
		{
			"description": {
				"identifier": "geometry.js_dy",
				"texture_width": 1400,
				"texture_height": 1100,
				"visible_bounds_width": 3,
				"visible_bounds_height": 3.5,
				"visible_bounds_offset": [0, 1.25, 0]
			},
			"bones": [
				{
					"name": "waist",
					"pivot": [0, 0, 0],
					"cubes": [
						{
							"origin": [-14, 0, 8],
							"size": [28, 22, 1],
							"inflate": 0.01,
							"uv": {
								"north": {"uv": [0, 0], "uv_size": [1397, 1097.64286]},
								"east": {"uv": [0, 386], "uv_size": [3, 34]},
								"south": {"uv": [0, 710], "uv_size": [44, 35]},
								"west": {"uv": [0, 810], "uv_size": [3, 34]},
								"up": {"uv": [0, 379], "uv_size": [44, 2]},
								"down": {"uv": [0, 987], "uv_size": [44, -2]}
							}
						}
					]
				}
			]
		}
	]
}