{
	"format_version": "1.12.0",
	"minecraft:geometry": [
		{
			"description": {
				"identifier": "geometry.lever",
				"texture_width": 32,
				"texture_height": 32,
				"visible_bounds_width": 3,
				"visible_bounds_height": 2.5,
				"visible_bounds_offset": [0, 0.75, 0]
			},
			"bones": [
				{
					"name": "waist",
					"pivot": [0, 0, 0],
					"rotation": [27.5, 0, 0],
					"cubes": [
						{"origin": [-5, 4.8918, 8.12883], "size": [10, 4, 6], "pivot": [0, 5.8918, 11.12883], "rotation": [62.5, 0, 0], "uv": [0, 0]}
					]
				},
				{
					"name": "lever",
					"parent": "waist",
					"pivot": [0, 7.5918, 8.92883],
					"cubes": [
						{"origin": [0.5, 5.8918, 7.62883], "size": [2, 6, 2], "uv": [8, 14]},
						{"origin": [-2.5, 5.8918, 7.62883], "size": [2, 6, 2], "uv": [0, 14]},
						{"origin": [-5, 11.8918, 7.62883], "size": [10, 2, 2], "uv": [0, 10]}
					]
				}
			]
		}
	]
}