{
	"format_version": "1.12.0",
	"minecraft:geometry": [
		{
			"description": {
				"identifier": "geometry.oxygen_depletion",
				"texture_width": 128,
				"texture_height": 128,
				"visible_bounds_width": 4,
				"visible_bounds_height": 4.5,
				"visible_bounds_offset": [0, 1.75, 0]
			},
			"bones": [
				{
					"name": "waist",
					"pivot": [0, 0, 8],
					"cubes": [
						{"origin": [-16, 0, -8], "size": [32, 21, 32], "uv": [0, 65]},
						{"origin": [-6, 4, -9], "size": [12, 12, 1], "uv": [0, 0]},
						{"origin": [-16, 21, -8], "size": [32, 33, 32], "uv": [0, 0]}
					]
				},
				{
					"name": "plant",
					"parent": "waist",
					"pivot": [0, 0, 8]
				},
				{
					"name": "leaves",
					"parent": "plant",
					"pivot": [-1, 21, 9],
					"rotation": [-14.03271, -26.79524, -1.07152],
					"cubes": [
						{"origin": [-5, 21, 9], "size": [7, 12, 0], "uv": [14, 14]},
						{"origin": [-5, 33, 9], "size": [7, 9, 0], "pivot": [-1, 33, 9], "rotation": [-12.5, 0, 0], "uv": [14, 65]}
					]
				},
				{
					"name": "leaves4",
					"parent": "plant",
					"pivot": [1, 21, 11],
					"rotation": [103.39192, -40.2529, -177.59994],
					"cubes": [
						{"origin": [-3, 21, 11], "size": [7, 12, 0], "uv": [14, 14]},
						{"origin": [-3, 33, 11], "size": [7, 9, 0], "pivot": [1, 33, 11], "rotation": [-12.5, 0, 0], "uv": [14, 65]}
					]
				},
				{
					"name": "leaves2",
					"parent": "plant",
					"pivot": [2, 19, 9],
					"rotation": [-15.41388, 43.19324, -1.31197],
					"cubes": [
						{"origin": [-2, 19, 9], "size": [7, 12, 0], "uv": [0, 13]},
						{"origin": [-2, 31, 9], "size": [7, 9, 0], "pivot": [2, 31, 9], "rotation": [-12.5, 0, 0], "uv": [0, 65]}
					]
				},
				{
					"name": "leaves3",
					"parent": "plant",
					"pivot": [-4, 19, 10],
					"rotation": [114.81686, 59.09002, 178.91026],
					"cubes": [
						{"origin": [-8, 19, 10], "size": [7, 12, 0], "uv": [0, 13]},
						{"origin": [-8, 31, 10], "size": [7, 9, 0], "pivot": [-4, 31, 10], "rotation": [-12.5, 0, 0], "uv": [0, 65]}
					]
				},
				{
					"name": "leaves5",
					"parent": "plant",
					"pivot": [0, 20, 4],
					"rotation": [-64.62704, -34.09273, 0.67594],
					"cubes": [
						{"origin": [-4, 20, 4], "size": [7, 12, 0], "uv": [0, 13]},
						{"origin": [-4, 32, 4], "size": [7, 9, 0], "pivot": [0, 32, 4], "rotation": [-12.5, 0, 0], "uv": [0, 65]}
					]
				},
				{
					"name": "leaves6",
					"parent": "plant",
					"pivot": [0, 20, 4],
					"rotation": [-63.71871, 43.40283, 10.77047],
					"cubes": [
						{"origin": [-4, 20, 4], "size": [7, 12, 0], "uv": [0, 13]},
						{"origin": [-4, 32, 4], "size": [7, 9, 0], "pivot": [0, 32, 4], "rotation": [-12.5, 0, 0], "uv": [0, 65]}
					]
				}
			]
		}
	]
}