{
	"format_version": "1.12.0",
	"minecraft:geometry": [
		{
			"description": {
				"identifier": "geometry.pizza",
				"texture_width": 32,
				"texture_height": 32,
				"visible_bounds_width": 2,
				"visible_bounds_height": 1.5,
				"visible_bounds_offset": [0, 0.25, 0]
			},
			"bones": [
				{
					"name": "waist",
					"pivot": [0, 0, 0],
					"cubes": [
						{"origin": [-3, 0, 4], "size": [6, 1, 4], "uv": [0, 7]},
						{"origin": [-3, 0.1, -7], "size": [9, 0, 7], "uv": [0, 0]},
						{"origin": [-2, 0, 1], "size": [4, 1, 3], "uv": [0, 12]},
						{"origin": [-1, 0, -2], "size": [2, 1, 3], "uv": [11, 13]}
					]
				}
			]
		}
	]
}