{
	"format_version": "1.12.0",
	"minecraft:geometry": [
		{
			"description": {
				"identifier": "geometry.plate",
				"texture_width": 64,
				"texture_height": 64,
				"visible_bounds_width": 2,
				"visible_bounds_height": 1.5,
				"visible_bounds_offset": [0, 0.25, 0]
			},
			"bones": [
				{
					"name": "waist",
					"pivot": [0, 0, 0],
					"cubes": [
						{"origin": [-6, 0, -4], "size": [12, 1, 8], "uv": [0, 14]},
						{"origin": [-6, 1, -4], "size": [12, 6, 8], "uv": [0, 0]}
					]
				}
			]
		}
	]
}