{
	"format_version": "1.12.0",
	"minecraft:geometry": [
		{
			"description": {
				"identifier": "geometry.prime_shields",
				"texture_width": 32,
				"texture_height": 32,
				"visible_bounds_width": 2,
				"visible_bounds_height": 2.5,
				"visible_bounds_offset": [0, 0.75, 0]
			},
			"bones": [
				{
					"name": "waist",
					"pivot": [-7, 0, 0],
					"cubes": [
						{"origin": [-8, 0, -1], "size": [8, 2, 2], "uv": [0, 12]},
						{"origin": [-2, 2, -1], "size": [2, 6, 2], "uv": [12, 16]},
						{"origin": [-4, 8, -2], "size": [9, 8, 4], "uv": [0, 0]},
						{"origin": [-2, 9.5, -2.5], "size": [5, 5, 1], "uv": [0, 16]}
					]
				}
			]
		}
	]
}