{
	"format_version": "1.12.0",
	"minecraft:geometry": [
		{
			"description": {
				"identifier": "geometry.radio",
				"texture_width": 128,
				"texture_height": 128,
				"visible_bounds_width": 5,
				"visible_bounds_height": 2.5,
				"visible_bounds_offset": [0, 0.75, 0]
			},
			"bones": [
				{
					"name": "waist",
					"pivot": [0, 0, 0],
					"cubes": [
						{"origin": [-13, 0, -6], "size": [17, 0, 11], "uv": [0, 11]}
					]
				},
				{
					"name": "headphone",
					"parent": "waist",
					"pivot": [3, 0, 3],
					"rotation": [-10, 22.5, 0],
					"cubes": [
						{"origin": [-1, 0, 0], "size": [8, 2, 5], "uv": [56, 0]},
						{"origin": [5, -1, -4], "size": [3, 4, 4], "uv": [14, 57]},
						{"origin": [-2, -1, -4], "size": [3, 4, 4], "uv": [0, 57]}
					]
				},
				{
					"name": "radio",
					"parent": "waist",
					"pivot": [-14, 0, 1],
					"rotation": [0, -25, 0],
					"cubes": [
						{"origin": [-21, 0, -2], "size": [14, 10, 7], "uv": [46, 46]},
						{"origin": [-19, 2, -2.5], "size": [6, 6, 1], "uv": [114, 11]},
						{"origin": [-18, 10, 1], "size": [8, 2, 1], "uv": [110, 0]}
					]
				}
			]
		}
	]
}