{
	"format_version": "1.12.0",
	"minecraft:geometry": [
		{
			"description": {
				"identifier": "geometry.reactor",
				"texture_width": 256,
				"texture_height": 256,
				"visible_bounds_width": 18,
				"visible_bounds_height": 8,
				"visible_bounds_offset": [0, 2, 0]
			},
			"bones": [
				{
					"name": "waist",
					"pivot": [0, -2, 0]
				},
				{
					"name": "base",
					"parent": "waist",
					"pivot": [0, -4, 0]
				},
				{
					"name": "lower",
					"parent": "base",
					"pivot": [8, -2, -8],
					"cubes": [
						{
							"origin": [-4.7739, 0, -23.9],
							"size": [9.54779, 33, 14.9],
							"pivot": [0, 6, 0],
							"rotation": [0, 45, 0],
							"uv": {
								"north": {"uv": [146, 122], "uv_size": [64, 26]},
								"east": {"uv": [146, 122], "uv_size": [64, 26]},
								"south": {"uv": [101, 72], "uv_size": [9, 33]},
								"west": {"uv": [86, 72], "uv_size": [15, 33]},
								"up": {"uv": [89, 221], "uv_size": [-12, 20]},
								"down": {"uv": [210, 148], "uv_size": [-64, -20]}
							}
						},
						{
							"origin": [-4.7739, 0, -23.9],
							"size": [9.54779, 33, 14.9],
							"pivot": [0, 6, 0],
							"rotation": [0, 22.5, 0],
							"uv": {
								"north": {"uv": [146, 122], "uv_size": [64, 26]},
								"east": {"uv": [62, 72], "uv_size": [15, 33]},
								"south": {"uv": [101, 72], "uv_size": [9, 33]},
								"west": {"uv": [86, 72], "uv_size": [15, 33]},
								"up": {"uv": [89, 221], "uv_size": [-12, 20]},
								"down": {"uv": [210, 148], "uv_size": [-64, -20]}
							}
						},
						{
							"origin": [-4.7739, 0, -23.9],
							"size": [9.54779, 33, 14.9],
							"uv": {
								"north": {"uv": [146, 122], "uv_size": [64, 26]},
								"east": {"uv": [62, 72], "uv_size": [15, 33]},
								"south": {"uv": [101, 72], "uv_size": [9, 33]},
								"west": {"uv": [86, 72], "uv_size": [15, 33]},
								"up": {"uv": [89, 221], "uv_size": [-12, 20]},
								"down": {"uv": [210, 148], "uv_size": [-64, -20]}
							}
						},
						{
							"origin": [-4.7739, 0, -24],
							"size": [9.54779, 33, 15],
							"pivot": [0, 6, 0],
							"rotation": [0, -22.5, 0],
							"uv": {
								"north": {"uv": [146, 122], "uv_size": [64, 26]},
								"east": {"uv": [62, 72], "uv_size": [15, 33]},
								"south": {"uv": [101, 72], "uv_size": [9, 33]},
								"west": {"uv": [86, 72], "uv_size": [15, 33]},
								"up": {"uv": [89, 221], "uv_size": [-12, 20]},
								"down": {"uv": [210, 148], "uv_size": [-64, -20]}
							}
						},
						{
							"origin": [-4.7739, 0, -24],
							"size": [9.54779, 33, 15],
							"pivot": [0, 6, 0],
							"rotation": [0, -45, 0],
							"uv": {
								"north": {"uv": [146, 122], "uv_size": [64, 26]},
								"east": {"uv": [62, 72], "uv_size": [15, 33]},
								"south": {"uv": [101, 72], "uv_size": [9, 33]},
								"west": {"uv": [86, 72], "uv_size": [15, 33]},
								"up": {"uv": [89, 221], "uv_size": [-12, 20]},
								"down": {"uv": [210, 148], "uv_size": [-64, -20]}
							}
						},
						{
							"origin": [-4.7739, 0, 9],
							"size": [9.54779, 33, 15],
							"pivot": [0, 6, 0],
							"rotation": [0, 45, 0],
							"uv": {
								"north": {"uv": [77, 72], "uv_size": [9, 33]},
								"east": {"uv": [62, 72], "uv_size": [15, 33]},
								"south": {"uv": [146, 122], "uv_size": [64, 26]},
								"west": {"uv": [146, 122], "uv_size": [64, 26]},
								"up": {"uv": [89, 221], "uv_size": [-12, 20]},
								"down": {"uv": [210, 148], "uv_size": [-64, -20]}
							}
						},
						{
							"origin": [-4.7739, 0, 9],
							"size": [9.54779, 33, 15],
							"pivot": [0, 6, 0],
							"rotation": [0, 22.5, 0],
							"uv": {
								"north": {"uv": [77, 72], "uv_size": [9, 33]},
								"east": {"uv": [62, 72], "uv_size": [15, 33]},
								"south": {"uv": [146, 122], "uv_size": [64, 26]},
								"west": {"uv": [86, 72], "uv_size": [15, 33]},
								"up": {"uv": [89, 221], "uv_size": [-12, 20]},
								"down": {"uv": [210, 148], "uv_size": [-64, -20]}
							}
						},
						{
							"origin": [-4.7739, 0, 9],
							"size": [9.54779, 33, 15],
							"uv": {
								"north": {"uv": [77, 72], "uv_size": [9, 33]},
								"east": {"uv": [62, 72], "uv_size": [15, 33]},
								"south": {"uv": [146, 122], "uv_size": [64, 26]},
								"west": {"uv": [86, 72], "uv_size": [15, 33]},
								"up": {"uv": [89, 221], "uv_size": [-12, 20]},
								"down": {"uv": [210, 148], "uv_size": [-64, -20]}
							}
						},
						{
							"origin": [-4.7739, 0, 9.1],
							"size": [9.54779, 33, 14.9],
							"pivot": [0, 6, 0],
							"rotation": [0, -22.5, 0],
							"uv": {
								"north": {"uv": [77, 72], "uv_size": [9, 33]},
								"east": {"uv": [62, 72], "uv_size": [15, 33]},
								"south": {"uv": [146, 122], "uv_size": [64, 26]},
								"west": {"uv": [86, 72], "uv_size": [15, 33]},
								"up": {"uv": [89, 221], "uv_size": [-12, 20]},
								"down": {"uv": [210, 148], "uv_size": [-64, -20]}
							}
						},
						{
							"origin": [-4.7739, 0, 9.1],
							"size": [9.54779, 33, 14.9],
							"pivot": [0, 6, 0],
							"rotation": [0, -45, 0],
							"uv": {
								"north": {"uv": [77, 72], "uv_size": [9, 33]},
								"east": {"uv": [62, 72], "uv_size": [15, 33]},
								"south": {"uv": [146, 122], "uv_size": [64, 26]},
								"west": {"uv": [86, 72], "uv_size": [15, 33]},
								"up": {"uv": [89, 221], "uv_size": [-12, 20]},
								"down": {"uv": [210, 148], "uv_size": [-64, -20]}
							}
						},
						{
							"origin": [9, 0, -4.7739],
							"size": [15, 33, 9.54779],
							"pivot": [0, 6, 0],
							"rotation": [0, 22.5, 0],
							"uv": {
								"north": {"uv": [146, 122], "uv_size": [64, 26]},
								"east": {"uv": [62, 66], "uv_size": [9, 33]},
								"south": {"uv": [95, 66], "uv_size": [15, 33]},
								"west": {"uv": [146, 122], "uv_size": [64, 26]},
								"up": {"uv": [89, 221], "uv_size": [-12, 20]},
								"down": {"uv": [210, 148], "uv_size": [-64, -20]}
							}
						},
						{
							"origin": [9, 0, -4.7739],
							"size": [15, 33, 9.54779],
							"uv": {
								"north": {"uv": [71, 66], "uv_size": [15, 33]},
								"east": {"uv": [62, 66], "uv_size": [9, 33]},
								"south": {"uv": [95, 66], "uv_size": [15, 33]},
								"west": {"uv": [146, 122], "uv_size": [64, 26]},
								"up": {"uv": [89, 221], "uv_size": [-12, 20]},
								"down": {"uv": [210, 148], "uv_size": [-64, -20]}
							}
						},
						{
							"origin": [9, 0, -4.7739],
							"size": [15, 33, 9.54779],
							"pivot": [0, 6, 0],
							"rotation": [0, -22.5, 0],
							"uv": {
								"north": {"uv": [71, 66], "uv_size": [15, 33]},
								"east": {"uv": [62, 66], "uv_size": [9, 33]},
								"south": {"uv": [95, 66], "uv_size": [15, 33]},
								"west": {"uv": [146, 122], "uv_size": [64, 26]},
								"up": {"uv": [89, 221], "uv_size": [-12, 20]},
								"down": {"uv": [210, 148], "uv_size": [-64, -20]}
							}
						},
						{
							"origin": [-24, 0, -4.6739],
							"size": [15, 33, 9.44779],
							"pivot": [0, 6, 0],
							"rotation": [0, 22.5, 0],
							"uv": {
								"north": {"uv": [71, 66], "uv_size": [15, 33]},
								"east": {"uv": [146, 122], "uv_size": [64, 26]},
								"south": {"uv": [146, 122], "uv_size": [64, 26]},
								"west": {"uv": [86, 66], "uv_size": [9, 33]},
								"up": {"uv": [89, 221], "uv_size": [-12, 20]},
								"down": {"uv": [210, 148], "uv_size": [-64, -20]}
							}
						},
						{
							"origin": [-24, 0, -4.6739],
							"size": [15, 33, 9.44779],
							"uv": {
								"north": {"uv": [71, 66], "uv_size": [15, 33]},
								"east": {"uv": [146, 122], "uv_size": [64, 26]},
								"south": {"uv": [95, 66], "uv_size": [15, 33]},
								"west": {"uv": [86, 66], "uv_size": [9, 33]},
								"up": {"uv": [89, 221], "uv_size": [-12, 20]},
								"down": {"uv": [210, 148], "uv_size": [-64, -20]}
							}
						},
						{
							"origin": [-24, 0, -4.6739],
							"size": [15, 33, 9.44779],
							"pivot": [0, 6, 0],
							"rotation": [0, -22.5, 0],
							"uv": {
								"north": {"uv": [71, 66], "uv_size": [15, 33]},
								"east": {"uv": [146, 122], "uv_size": [64, 26]},
								"south": {"uv": [95, 66], "uv_size": [15, 33]},
								"west": {"uv": [86, 66], "uv_size": [9, 33]},
								"up": {"uv": [89, 221], "uv_size": [-12, 20]},
								"down": {"uv": [210, 148], "uv_size": [-64, -20]}
							}
						}
					]
				},
				{
					"name": "side3",
					"parent": "lower",
					"pivot": [84, 11, -3.4],
					"rotation": [0, 55, 0],
					"cubes": [
						{
							"origin": [-139, 4, -70],
							"size": [97, 18, 16],
							"inflate": -2,
							"pivot": [8, -2, -8],
							"rotation": [0, -55, 0],
							"uv": {
								"north": {"uv": [7, 219], "uv_size": [18, 34]},
								"east": {"uv": [7, 219], "uv_size": [18, 34]},
								"south": {"uv": [7, 219], "uv_size": [18, 34]},
								"west": {"uv": [74, 212], "uv_size": [18, 43]},
								"up": {"uv": [72, 185], "uv_size": [-25, -19]},
								"down": {"uv": [25, 253], "uv_size": [-18, -34]}
							}
						},
						{
							"origin": [-21, 4, -70],
							"size": [63, 18, 16],
							"inflate": -2,
							"pivot": [8, -2, -8],
							"rotation": [0, -55, 0],
							"uv": {
								"north": {"uv": [7, 219], "uv_size": [18, 34]},
								"east": {"uv": [7, 219], "uv_size": [18, 34]},
								"south": {"uv": [7, 219], "uv_size": [18, 34]},
								"west": {"uv": [74, 212], "uv_size": [18, 43]},
								"up": {"uv": [72, 185], "uv_size": [-25, -19]},
								"down": {"uv": [25, 253], "uv_size": [-18, -34]}
							}
						},
						{
							"origin": [-21, 4, -70],
							"size": [63, 18, 16],
							"inflate": -2,
							"pivot": [8, -2, -8],
							"rotation": [0, -55, 0],
							"uv": {
								"north": {"uv": [7, 219], "uv_size": [18, 34]},
								"east": {"uv": [7, 219], "uv_size": [18, 34]},
								"south": {"uv": [7, 219], "uv_size": [18, 34]},
								"west": {"uv": [74, 212], "uv_size": [18, 43]},
								"up": {"uv": [72, 185], "uv_size": [-25, -19]},
								"down": {"uv": [25, 253], "uv_size": [-18, -34]}
							}
						},
						{
							"origin": [-139, 5, -71],
							"size": [97, 16, 5],
							"inflate": -2,
							"pivot": [8, -2, -8],
							"rotation": [0, -55, 0],
							"uv": {
								"north": {"uv": [7, 219], "uv_size": [18, 34]},
								"east": {"uv": [7, 219], "uv_size": [18, 34]},
								"south": {"uv": [7, 219], "uv_size": [18, 34]},
								"west": {"uv": [74, 212], "uv_size": [18, 43]},
								"up": {"uv": [72, 185], "uv_size": [-25, -19]},
								"down": {"uv": [25, 253], "uv_size": [-18, -34]}
							}
						},
						{
							"origin": [-21, 5, -71],
							"size": [63, 16, 5],
							"inflate": -2,
							"pivot": [8, -2, -8],
							"rotation": [0, -55, 0],
							"uv": {
								"north": {"uv": [7, 219], "uv_size": [18, 34]},
								"east": {"uv": [7, 219], "uv_size": [18, 34]},
								"south": {"uv": [7, 219], "uv_size": [18, 34]},
								"west": {"uv": [74, 212], "uv_size": [18, 43]},
								"up": {"uv": [72, 185], "uv_size": [-25, -19]},
								"down": {"uv": [25, 253], "uv_size": [-18, -34]}
							}
						},
						{
							"origin": [-21, 5, -71],
							"size": [63, 16, 5],
							"inflate": -2,
							"pivot": [8, -2, -8],
							"rotation": [0, -55, 0],
							"uv": {
								"north": {"uv": [7, 219], "uv_size": [18, 34]},
								"east": {"uv": [7, 219], "uv_size": [18, 34]},
								"south": {"uv": [7, 219], "uv_size": [18, 34]},
								"west": {"uv": [74, 212], "uv_size": [18, 43]},
								"up": {"uv": [72, 185], "uv_size": [-25, -19]},
								"down": {"uv": [25, 253], "uv_size": [-18, -34]}
							}
						},
						{
							"origin": [-139, 5, -58],
							"size": [97, 16, 5],
							"inflate": -2,
							"pivot": [8, -2, -8],
							"rotation": [0, -55, 0],
							"uv": {
								"north": {"uv": [7, 219], "uv_size": [18, 34]},
								"east": {"uv": [7, 219], "uv_size": [18, 34]},
								"south": {"uv": [7, 219], "uv_size": [18, 34]},
								"west": {"uv": [74, 212], "uv_size": [18, 43]},
								"up": {"uv": [72, 192], "uv_size": [-25, -14]},
								"down": {"uv": [25, 253], "uv_size": [-18, -34]}
							}
						},
						{
							"origin": [-21, 5, -58],
							"size": [63, 16, 5],
							"inflate": -2,
							"pivot": [8, -2, -8],
							"rotation": [0, -55, 0],
							"uv": {
								"north": {"uv": [7, 219], "uv_size": [18, 34]},
								"east": {"uv": [7, 219], "uv_size": [18, 34]},
								"south": {"uv": [7, 219], "uv_size": [18, 34]},
								"west": {"uv": [74, 212], "uv_size": [18, 43]},
								"up": {"uv": [72, 192], "uv_size": [-25, -14]},
								"down": {"uv": [25, 253], "uv_size": [-18, -34]}
							}
						},
						{
							"origin": [-21, 5, -58],
							"size": [63, 16, 5],
							"inflate": -2,
							"pivot": [8, -2, -8],
							"rotation": [0, -55, 0],
							"uv": {
								"north": {"uv": [7, 219], "uv_size": [18, 34]},
								"east": {"uv": [7, 219], "uv_size": [18, 34]},
								"south": {"uv": [7, 219], "uv_size": [18, 34]},
								"west": {"uv": [74, 212], "uv_size": [18, 43]},
								"up": {"uv": [72, 192], "uv_size": [-25, -14]},
								"down": {"uv": [25, 253], "uv_size": [-18, -34]}
							}
						},
						{
							"origin": [-139, 18, -69],
							"size": [97, 5, 14],
							"inflate": -2,
							"pivot": [8, -2, -8],
							"rotation": [0, -55, 0],
							"uv": {
								"north": {"uv": [7, 219], "uv_size": [18, 34]},
								"east": {"uv": [7, 219], "uv_size": [18, 34]},
								"south": {"uv": [7, 219], "uv_size": [18, 34]},
								"west": {"uv": [74, 212], "uv_size": [18, 43]},
								"up": {"uv": [72, 185], "uv_size": [-25, -19]},
								"down": {"uv": [25, 253], "uv_size": [-18, -34]}
							}
						},
						{
							"origin": [-21, 18, -69],
							"size": [63, 5, 14],
							"inflate": -2,
							"pivot": [8, -2, -8],
							"rotation": [0, -55, 0],
							"uv": {
								"north": {"uv": [7, 219], "uv_size": [18, 34]},
								"east": {"uv": [7, 219], "uv_size": [18, 34]},
								"south": {"uv": [7, 219], "uv_size": [18, 34]},
								"west": {"uv": [74, 212], "uv_size": [18, 43]},
								"up": {"uv": [72, 185], "uv_size": [-25, -19]},
								"down": {"uv": [25, 253], "uv_size": [-18, -34]}
							}
						},
						{
							"origin": [-21, 18, -69],
							"size": [63, 5, 14],
							"inflate": -2,
							"pivot": [8, -2, -8],
							"rotation": [0, -55, 0],
							"uv": {
								"north": {"uv": [7, 219], "uv_size": [18, 34]},
								"east": {"uv": [7, 219], "uv_size": [18, 34]},
								"south": {"uv": [7, 219], "uv_size": [18, 34]},
								"west": {"uv": [74, 212], "uv_size": [18, 43]},
								"up": {"uv": [72, 185], "uv_size": [-25, -19]},
								"down": {"uv": [25, 253], "uv_size": [-18, -34]}
							}
						},
						{
							"origin": [-139, 3, -69],
							"size": [97, 5, 14],
							"inflate": -2,
							"pivot": [8, -2, -8],
							"rotation": [0, -55, 0],
							"uv": {
								"north": {"uv": [7, 219], "uv_size": [18, 34]},
								"east": {"uv": [7, 219], "uv_size": [18, 34]},
								"south": {"uv": [7, 219], "uv_size": [18, 34]},
								"west": {"uv": [74, 212], "uv_size": [18, 43]},
								"up": {"uv": [72, 185], "uv_size": [-25, -19]},
								"down": {"uv": [25, 253], "uv_size": [-18, -34]}
							}
						},
						{
							"origin": [-21, 3, -69],
							"size": [63, 5, 14],
							"inflate": -2,
							"pivot": [8, -2, -8],
							"rotation": [0, -55, 0],
							"uv": {
								"north": {"uv": [7, 219], "uv_size": [18, 34]},
								"east": {"uv": [7, 219], "uv_size": [18, 34]},
								"south": {"uv": [7, 219], "uv_size": [18, 34]},
								"west": {"uv": [74, 212], "uv_size": [18, 43]},
								"up": {"uv": [72, 185], "uv_size": [-25, -19]},
								"down": {"uv": [25, 253], "uv_size": [-18, -34]}
							}
						},
						{
							"origin": [-21, 3, -69],
							"size": [63, 5, 14],
							"inflate": -2,
							"pivot": [8, -2, -8],
							"rotation": [0, -55, 0],
							"uv": {
								"north": {"uv": [7, 219], "uv_size": [18, 34]},
								"east": {"uv": [7, 219], "uv_size": [18, 34]},
								"south": {"uv": [7, 219], "uv_size": [18, 34]},
								"west": {"uv": [74, 212], "uv_size": [18, 43]},
								"up": {"uv": [72, 185], "uv_size": [-25, -19]},
								"down": {"uv": [25, 253], "uv_size": [-18, -34]}
							}
						},
						{
							"origin": [-1, 8, -70],
							"size": [9, 10, 1],
							"pivot": [8, -2, -8],
							"rotation": [0, -55, 0],
							"uv": {
								"north": {"uv": [3.2, 105.6], "uv_size": [46.8, 49]},
								"east": {"uv": [62, 73], "uv_size": [16, 18]},
								"south": {"uv": [74, 212], "uv_size": [18, 43]},
								"west": {"uv": [74, 212], "uv_size": [18, 43]},
								"up": {"uv": [92, 255], "uv_size": [-18, -43]},
								"down": {"uv": [92, 255], "uv_size": [-18, -43]}
							}
						},
						{
							"origin": [-81, 8, -70],
							"size": [9, 10, 1],
							"pivot": [8, -2, -8],
							"rotation": [0, -55, 0],
							"uv": {
								"north": {"uv": [3.2, 105.6], "uv_size": [46.8, 49]},
								"east": {"uv": [62, 73], "uv_size": [16, 18]},
								"south": {"uv": [74, 212], "uv_size": [18, 43]},
								"west": {"uv": [74, 212], "uv_size": [18, 43]},
								"up": {"uv": [92, 255], "uv_size": [-18, -43]},
								"down": {"uv": [92, 255], "uv_size": [-18, -43]}
							}
						},
						{
							"origin": [13, 8, -70],
							"size": [9, 10, 1],
							"pivot": [8, -2, -8],
							"rotation": [0, -55, 0],
							"uv": {
								"north": {"uv": [3.2, 105.6], "uv_size": [46.8, 49]},
								"east": {"uv": [62, 73], "uv_size": [16, 18]},
								"south": {"uv": [74, 212], "uv_size": [18, 43]},
								"west": {"uv": [74, 212], "uv_size": [18, 43]},
								"up": {"uv": [92, 255], "uv_size": [-18, -43]},
								"down": {"uv": [92, 255], "uv_size": [-18, -43]}
							}
						},
						{
							"origin": [-67, 8, -70],
							"size": [9, 10, 1],
							"pivot": [8, -2, -8],
							"rotation": [0, -55, 0],
							"uv": {
								"north": {"uv": [3.2, 105.6], "uv_size": [46.8, 49]},
								"east": {"uv": [62, 73], "uv_size": [16, 18]},
								"south": {"uv": [74, 212], "uv_size": [18, 43]},
								"west": {"uv": [74, 212], "uv_size": [18, 43]},
								"up": {"uv": [92, 255], "uv_size": [-18, -43]},
								"down": {"uv": [92, 255], "uv_size": [-18, -43]}
							}
						}
					]
				},
				{
					"name": "bone2",
					"parent": "side3",
					"pivot": [84, 11, -26.4],
					"rotation": [0, -10, 0],
					"cubes": [
						{
							"origin": [89.86215, 0, -25.46483],
							"size": [30, 20, 21],
							"uv": {
								"north": {"uv": [7, 219], "uv_size": [18, 34]},
								"east": {"uv": [7, 219], "uv_size": [18, 34]},
								"south": {"uv": [7, 219], "uv_size": [18, 34]},
								"west": {"uv": [7, 219], "uv_size": [18, 34]},
								"up": {"uv": [25, 253], "uv_size": [-18, -34]},
								"down": {"uv": [25, 253], "uv_size": [-18, -34]}
							}
						},
						{
							"origin": [89.86215, 22, -23.46483],
							"size": [30, 2, 17],
							"uv": {
								"north": {"uv": [7, 219], "uv_size": [18, 9]},
								"east": {"uv": [7, 219], "uv_size": [18, 9]},
								"south": {"uv": [7, 219], "uv_size": [18, 34]},
								"west": {"uv": [7, 219], "uv_size": [18, 9]},
								"up": {"uv": [25, 253], "uv_size": [-18, -34]},
								"down": {"uv": [113, 78], "uv_size": [30, -21]}
							}
						},
						{
							"origin": [90.86215, 24, -22.46483],
							"size": [28, 2, 15],
							"uv": {
								"north": {"uv": [7, 219], "uv_size": [18, 9]},
								"east": {"uv": [7, 219], "uv_size": [18, 9]},
								"south": {"uv": [7, 219], "uv_size": [18, 34]},
								"west": {"uv": [7, 219], "uv_size": [18, 9]},
								"up": {"uv": [25, 253], "uv_size": [-18, -34]},
								"down": {"uv": [113, 78], "uv_size": [30, -21]}
							}
						},
						{
							"origin": [91.86215, 26, -21.46483],
							"size": [26, 2, 13],
							"uv": {
								"north": {"uv": [7, 219], "uv_size": [18, 9]},
								"east": {"uv": [7, 219], "uv_size": [18, 9]},
								"south": {"uv": [7, 219], "uv_size": [18, 34]},
								"west": {"uv": [7, 219], "uv_size": [18, 9]},
								"up": {"uv": [25, 253], "uv_size": [-18, -34]},
								"down": {"uv": [113, 78], "uv_size": [30, -21]}
							}
						},
						{
							"origin": [89.86215, 20, -24.46483],
							"size": [30, 2, 19],
							"uv": {
								"north": {"uv": [7, 219], "uv_size": [18, 9]},
								"east": {"uv": [7, 219], "uv_size": [18, 9]},
								"south": {"uv": [7, 219], "uv_size": [18, 34]},
								"west": {"uv": [7, 219], "uv_size": [18, 9]},
								"up": {"uv": [25, 253], "uv_size": [-18, -34]},
								"down": {"uv": [113, 78], "uv_size": [30, -21]}
							}
						},
						{
							"origin": [91.86215, 12.8, -26.46483],
							"size": [5, 5, 1],
							"uv": {
								"north": {"uv": [96, 147], "uv_size": [28, 24]},
								"east": {"uv": [7, 219], "uv_size": [18, 34]},
								"south": {"uv": [134, 78], "uv_size": [30, 20]},
								"west": {"uv": [7, 219], "uv_size": [18, 34]},
								"up": {"uv": [25, 253], "uv_size": [-18, -34]},
								"down": {"uv": [113, 78], "uv_size": [30, -21]}
							}
						},
						{
							"origin": [91.86215, 5.8, -26.46483],
							"size": [5, 5, 1],
							"uv": {
								"north": {"uv": [109, 100], "uv_size": [28, 27]},
								"east": {"uv": [7, 219], "uv_size": [18, 34]},
								"south": {"uv": [134, 78], "uv_size": [30, 20]},
								"west": {"uv": [7, 219], "uv_size": [18, 34]},
								"up": {"uv": [25, 253], "uv_size": [-18, -34]},
								"down": {"uv": [113, 78], "uv_size": [30, -21]}
							}
						},
						{
							"origin": [102.1152, 12.8, -26.39412],
							"size": [5, 5, 1],
							"uv": {
								"north": {"uv": [96, 178], "uv_size": [28, 24]},
								"east": {"uv": [7, 219], "uv_size": [18, 34]},
								"south": {"uv": [134, 78], "uv_size": [30, 20]},
								"west": {"uv": [7, 219], "uv_size": [18, 34]},
								"up": {"uv": [25, 253], "uv_size": [-18, -34]},
								"down": {"uv": [113, 78], "uv_size": [30, -21]}
							}
						},
						{
							"origin": [102.1152, 5.8, -26.39412],
							"size": [5, 5, 1],
							"uv": {
								"north": {"uv": [109, 62], "uv_size": [28, 27]},
								"east": {"uv": [7, 219], "uv_size": [18, 34]},
								"south": {"uv": [134, 78], "uv_size": [30, 20]},
								"west": {"uv": [7, 219], "uv_size": [18, 34]},
								"up": {"uv": [25, 253], "uv_size": [-18, -34]},
								"down": {"uv": [113, 78], "uv_size": [30, -21]}
							}
						},
						{
							"origin": [112.08541, 12.8, -26.60625],
							"size": [5, 5, 1],
							"uv": {
								"north": {"uv": [96, 210], "uv_size": [28, 25]},
								"east": {"uv": [7, 219], "uv_size": [18, 34]},
								"south": {"uv": [134, 78], "uv_size": [30, 20]},
								"west": {"uv": [7, 219], "uv_size": [18, 34]},
								"up": {"uv": [25, 253], "uv_size": [-18, -34]},
								"down": {"uv": [113, 78], "uv_size": [30, -21]}
							}
						},
						{
							"origin": [112.08541, 5.8, -26.60625],
							"size": [5, 5, 1],
							"uv": {
								"north": {"uv": [109, 24], "uv_size": [28, 27]},
								"east": {"uv": [7, 219], "uv_size": [18, 34]},
								"south": {"uv": [134, 78], "uv_size": [30, 20]},
								"west": {"uv": [7, 219], "uv_size": [18, 34]},
								"up": {"uv": [25, 253], "uv_size": [-18, -34]},
								"down": {"uv": [113, 78], "uv_size": [30, -21]}
							}
						}
					]
				},
				{
					"name": "bone7",
					"parent": "bone2",
					"pivot": [80.47845, -2, 56.70027],
					"cubes": [
						{
							"origin": [67.62539, 18, -19.10309],
							"size": [53, 5, 14],
							"inflate": -2,
							"uv": {
								"north": {"uv": [7, 219], "uv_size": [18, 34]},
								"east": {"uv": [7, 219], "uv_size": [18, 34]},
								"south": {"uv": [7, 219], "uv_size": [18, 34]},
								"west": {"uv": [74, 212], "uv_size": [18, 43]},
								"up": {"uv": [72, 185], "uv_size": [-25, -19]},
								"down": {"uv": [25, 253], "uv_size": [-18, -34]}
							}
						},
						{
							"origin": [67.62539, 5, -21.10309],
							"size": [53, 16, 5],
							"inflate": -2,
							"uv": {
								"north": {"uv": [7, 219], "uv_size": [18, 34]},
								"east": {"uv": [7, 219], "uv_size": [18, 34]},
								"south": {"uv": [7, 219], "uv_size": [18, 34]},
								"west": {"uv": [74, 212], "uv_size": [18, 43]},
								"up": {"uv": [72, 185], "uv_size": [-25, -19]},
								"down": {"uv": [25, 253], "uv_size": [-18, -34]}
							}
						},
						{
							"origin": [67.62539, 4, -20.10309],
							"size": [53, 18, 16],
							"inflate": -2,
							"uv": {
								"north": {"uv": [7, 219], "uv_size": [18, 34]},
								"east": {"uv": [7, 219], "uv_size": [18, 34]},
								"south": {"uv": [7, 219], "uv_size": [18, 34]},
								"west": {"uv": [74, 212], "uv_size": [18, 43]},
								"up": {"uv": [72, 185], "uv_size": [-25, -19]},
								"down": {"uv": [25, 253], "uv_size": [-18, -34]}
							}
						},
						{
							"origin": [67.62539, 5, -8.10309],
							"size": [53, 16, 5],
							"inflate": -2,
							"uv": {
								"north": {"uv": [7, 219], "uv_size": [18, 34]},
								"east": {"uv": [7, 219], "uv_size": [18, 34]},
								"south": {"uv": [7, 219], "uv_size": [18, 34]},
								"west": {"uv": [74, 212], "uv_size": [18, 43]},
								"up": {"uv": [72, 192], "uv_size": [-25, -14]},
								"down": {"uv": [25, 253], "uv_size": [-18, -34]}
							}
						},
						{
							"origin": [67.62539, 3, -19.10309],
							"size": [53, 5, 14],
							"inflate": -2,
							"uv": {
								"north": {"uv": [7, 219], "uv_size": [18, 34]},
								"east": {"uv": [7, 219], "uv_size": [18, 34]},
								"south": {"uv": [7, 219], "uv_size": [18, 34]},
								"west": {"uv": [74, 212], "uv_size": [18, 43]},
								"up": {"uv": [72, 185], "uv_size": [-25, -19]},
								"down": {"uv": [25, 253], "uv_size": [-18, -34]}
							}
						}
					]
				},
				{
					"name": "bone9",
					"parent": "bone2",
					"pivot": [72.70027, 17, 40.43681],
					"rotation": [37.5, -35, -40],
					"cubes": [
						{
							"origin": [59.84721, 37, -35.36655],
							"size": [53, 5, 14],
							"inflate": -2,
							"uv": {
								"north": {"uv": [7, 219], "uv_size": [18, 34]},
								"east": {"uv": [7, 219], "uv_size": [18, 34]},
								"south": {"uv": [7, 219], "uv_size": [18, 34]},
								"west": {"uv": [74, 212], "uv_size": [18, 43]},
								"up": {"uv": [72, 185], "uv_size": [-25, -19]},
								"down": {"uv": [25, 253], "uv_size": [-18, -34]}
							}
						},
						{
							"origin": [59.84721, 24, -37.36655],
							"size": [53, 16, 5],
							"inflate": -2,
							"uv": {
								"north": {"uv": [7, 219], "uv_size": [18, 34]},
								"east": {"uv": [7, 219], "uv_size": [18, 34]},
								"south": {"uv": [7, 219], "uv_size": [18, 34]},
								"west": {"uv": [74, 212], "uv_size": [18, 43]},
								"up": {"uv": [72, 185], "uv_size": [-25, -19]},
								"down": {"uv": [25, 253], "uv_size": [-18, -34]}
							}
						},
						{
							"origin": [59.84721, 23, -36.36655],
							"size": [53, 18, 16],
							"inflate": -2,
							"uv": {
								"north": {"uv": [7, 219], "uv_size": [18, 34]},
								"east": {"uv": [7, 219], "uv_size": [18, 34]},
								"south": {"uv": [7, 219], "uv_size": [18, 34]},
								"west": {"uv": [74, 212], "uv_size": [18, 43]},
								"up": {"uv": [72, 185], "uv_size": [-25, -19]},
								"down": {"uv": [25, 253], "uv_size": [-18, -34]}
							}
						},
						{
							"origin": [59.84721, 24, -24.36655],
							"size": [53, 16, 5],
							"inflate": -2,
							"uv": {
								"north": {"uv": [7, 219], "uv_size": [18, 34]},
								"east": {"uv": [7, 219], "uv_size": [18, 34]},
								"south": {"uv": [7, 219], "uv_size": [18, 34]},
								"west": {"uv": [74, 212], "uv_size": [18, 43]},
								"up": {"uv": [72, 192], "uv_size": [-25, -14]},
								"down": {"uv": [25, 253], "uv_size": [-18, -34]}
							}
						},
						{
							"origin": [59.84721, 22, -35.36655],
							"size": [53, 5, 14],
							"inflate": -2,
							"uv": {
								"north": {"uv": [7, 219], "uv_size": [18, 34]},
								"east": {"uv": [7, 219], "uv_size": [18, 34]},
								"south": {"uv": [7, 219], "uv_size": [18, 34]},
								"west": {"uv": [74, 212], "uv_size": [18, 43]},
								"up": {"uv": [72, 185], "uv_size": [-25, -19]},
								"down": {"uv": [25, 253], "uv_size": [-18, -34]}
							}
						}
					]
				},
				{
					"name": "bone8",
					"parent": "bone2",
					"pivot": [70.96337, 26, -10.94618],
					"rotation": [0, -15, 0],
					"cubes": [
						{
							"origin": [67.6027, 18, -18.92385],
							"size": [5.5, 5, 14],
							"inflate": -2.1,
							"uv": {
								"north": {"uv": [7, 219], "uv_size": [18, 34]},
								"east": {"uv": [7, 219], "uv_size": [18, 34]},
								"south": {"uv": [7, 219], "uv_size": [18, 34]},
								"west": {"uv": [74, 212], "uv_size": [18, 43]},
								"up": {"uv": [72, 185], "uv_size": [-25, -19]},
								"down": {"uv": [25, 253], "uv_size": [-18, -34]}
							}
						},
						{
							"origin": [67.6027, 5, -20.92385],
							"size": [5.5, 16, 5],
							"inflate": -2.1,
							"uv": {
								"north": {"uv": [7, 219], "uv_size": [18, 34]},
								"east": {"uv": [7, 219], "uv_size": [18, 34]},
								"south": {"uv": [7, 219], "uv_size": [18, 34]},
								"west": {"uv": [74, 212], "uv_size": [18, 43]},
								"up": {"uv": [72, 185], "uv_size": [-25, -19]},
								"down": {"uv": [25, 253], "uv_size": [-18, -34]}
							}
						},
						{
							"origin": [67.6027, 4, -19.92385],
							"size": [5.5, 18, 16],
							"inflate": -2.1,
							"uv": {
								"north": {"uv": [7, 219], "uv_size": [18, 34]},
								"east": {"uv": [7, 219], "uv_size": [18, 34]},
								"south": {"uv": [7, 219], "uv_size": [18, 34]},
								"west": {"uv": [74, 212], "uv_size": [18, 43]},
								"up": {"uv": [72, 185], "uv_size": [-25, -19]},
								"down": {"uv": [25, 253], "uv_size": [-18, -34]}
							}
						},
						{
							"origin": [67.6027, 5, -7.92385],
							"size": [5.5, 16, 5],
							"inflate": -2.1,
							"uv": {
								"north": {"uv": [7, 219], "uv_size": [18, 34]},
								"east": {"uv": [7, 219], "uv_size": [18, 34]},
								"south": {"uv": [7, 219], "uv_size": [18, 34]},
								"west": {"uv": [74, 212], "uv_size": [18, 43]},
								"up": {"uv": [72, 192], "uv_size": [-25, -14]},
								"down": {"uv": [25, 253], "uv_size": [-18, -34]}
							}
						},
						{
							"origin": [67.6027, 3, -18.92385],
							"size": [5.5, 5, 14],
							"inflate": -2.1,
							"uv": {
								"north": {"uv": [7, 219], "uv_size": [18, 34]},
								"east": {"uv": [7, 219], "uv_size": [18, 34]},
								"south": {"uv": [7, 219], "uv_size": [18, 34]},
								"west": {"uv": [74, 212], "uv_size": [18, 43]},
								"up": {"uv": [72, 185], "uv_size": [-25, -19]},
								"down": {"uv": [25, 253], "uv_size": [-18, -34]}
							}
						}
					]
				},
				{
					"name": "bone3",
					"parent": "bone2",
					"pivot": [124, 41, 3.6],
					"rotation": [55, 0, 0]
				},
				{
					"name": "bone4",
					"parent": "bone2",
					"pivot": [124, 41, 3.6],
					"rotation": [-145, 0, 0]
				},
				{
					"name": "upper",
					"parent": "base",
					"pivot": [8, 31, -8]
				},
				{
					"name": "bone6",
					"parent": "upper",
					"pivot": [0, 39, 0],
					"cubes": [
						{
							"origin": [-16, 33, -3.1826],
							"size": [12, 38, 6.3652],
							"pivot": [0, 39, 0],
							"rotation": [0, -22.5, 0],
							"uv": {
								"north": {"uv": [75, 53], "uv_size": [12, 38]},
								"east": {"uv": [146, 122], "uv_size": [64, 26]},
								"south": {"uv": [93, 53], "uv_size": [12, 38]},
								"west": {"uv": [87, 53], "uv_size": [6, 38]},
								"up": {"uv": [210, 148], "uv_size": [-64, -20]},
								"down": {"uv": [87, 53], "uv_size": [12, -6]}
							}
						},
						{
							"origin": [-3.1826, 33, -16],
							"size": [6.3652, 38, 12],
							"pivot": [0, 39, 0],
							"rotation": [0, 45, 0],
							"uv": {
								"north": {"uv": [146, 122], "uv_size": [64, 26]},
								"east": {"uv": [69, 59], "uv_size": [12, 38]},
								"south": {"uv": [99, 59], "uv_size": [6, 38]},
								"west": {"uv": [87, 59], "uv_size": [12, 38]},
								"up": {"uv": [210, 148], "uv_size": [-64, -26]},
								"down": {"uv": [87, 59], "uv_size": [6, -12]}
							}
						},
						{
							"origin": [-3.1826, 33, -16],
							"size": [6.3652, 38, 12],
							"pivot": [0, 39, 0],
							"rotation": [0, 22.5, 0],
							"uv": {
								"north": {"uv": [204, 180], "uv_size": [52, 23]},
								"east": {"uv": [69, 59], "uv_size": [12, 38]},
								"south": {"uv": [99, 59], "uv_size": [6, 38]},
								"west": {"uv": [87, 59], "uv_size": [12, 38]},
								"up": {"uv": [210, 148], "uv_size": [-64, -20]},
								"down": {"uv": [87, 59], "uv_size": [6, -12]}
							}
						},
						{
							"origin": [-3.1826, 33, -16],
							"size": [6.3652, 38, 12],
							"uv": {
								"north": {"uv": [146, 122], "uv_size": [64, 26]},
								"east": {"uv": [69, 59], "uv_size": [12, 38]},
								"south": {"uv": [99, 59], "uv_size": [6, 38]},
								"west": {"uv": [87, 59], "uv_size": [12, 38]},
								"up": {"uv": [210, 148], "uv_size": [-64, -20]},
								"down": {"uv": [87, 59], "uv_size": [6, -12]}
							}
						},
						{
							"origin": [-3.1826, 33, -16],
							"size": [6.3652, 38, 12],
							"pivot": [0, 39, 0],
							"rotation": [0, -22.5, 0],
							"uv": {
								"north": {"uv": [204, 180], "uv_size": [52, 23]},
								"east": {"uv": [69, 59], "uv_size": [12, 38]},
								"south": {"uv": [99, 59], "uv_size": [6, 38]},
								"west": {"uv": [87, 59], "uv_size": [12, 38]},
								"up": {"uv": [210, 148], "uv_size": [-64, -20]},
								"down": {"uv": [87, 59], "uv_size": [6, -12]}
							}
						},
						{
							"origin": [-3.1826, 33, -16],
							"size": [6.3652, 38, 12],
							"pivot": [0, 39, 0],
							"rotation": [0, -45, 0],
							"uv": {
								"north": {"uv": [146, 122], "uv_size": [64, 26]},
								"east": {"uv": [69, 59], "uv_size": [12, 38]},
								"south": {"uv": [99, 59], "uv_size": [6, 38]},
								"west": {"uv": [87, 59], "uv_size": [12, 38]},
								"up": {"uv": [210, 148], "uv_size": [-64, -20]},
								"down": {"uv": [87, 59], "uv_size": [6, -12]}
							}
						},
						{
							"origin": [-3.1826, 33, 4],
							"size": [6.3652, 38, 12],
							"pivot": [0, 39, 0],
							"rotation": [0, 45, 0],
							"uv": {
								"north": {"uv": [81, 59], "uv_size": [6, 38]},
								"east": {"uv": [69, 59], "uv_size": [12, 38]},
								"south": {"uv": [146, 122], "uv_size": [64, 26]},
								"west": {"uv": [87, 59], "uv_size": [12, 38]},
								"up": {"uv": [210, 148], "uv_size": [-64, -20]},
								"down": {"uv": [87, 59], "uv_size": [6, -12]}
							}
						},
						{
							"origin": [-3.1826, 33, 4],
							"size": [6.3652, 38, 12],
							"pivot": [0, 39, 0],
							"rotation": [0, 22.5, 0],
							"uv": {
								"north": {"uv": [81, 59], "uv_size": [6, 38]},
								"east": {"uv": [69, 59], "uv_size": [12, 38]},
								"south": {"uv": [204, 180], "uv_size": [52, 23]},
								"west": {"uv": [87, 59], "uv_size": [12, 38]},
								"up": {"uv": [210, 148], "uv_size": [-64, -20]},
								"down": {"uv": [87, 59], "uv_size": [6, -12]}
							}
						},
						{
							"origin": [-3.1826, 33, 4],
							"size": [6.3652, 38, 12],
							"uv": {
								"north": {"uv": [81, 59], "uv_size": [6, 38]},
								"east": {"uv": [69, 59], "uv_size": [12, 38]},
								"south": {"uv": [99, 59], "uv_size": [6, 38]},
								"west": {"uv": [87, 59], "uv_size": [12, 38]},
								"up": {"uv": [210, 148], "uv_size": [-64, -26]},
								"down": {"uv": [87, 59], "uv_size": [6, -12]}
							}
						},
						{
							"origin": [-3.1826, 33, 4],
							"size": [6.3652, 38, 12],
							"pivot": [0, 39, 0],
							"rotation": [0, -22.5, 0],
							"uv": {
								"north": {"uv": [81, 59], "uv_size": [6, 38]},
								"east": {"uv": [69, 59], "uv_size": [12, 38]},
								"south": {"uv": [204, 180], "uv_size": [52, 23]},
								"west": {"uv": [87, 59], "uv_size": [12, 38]},
								"up": {"uv": [210, 148], "uv_size": [-64, -20]},
								"down": {"uv": [87, 59], "uv_size": [6, -12]}
							}
						},
						{
							"origin": [-3.1826, 33, 4],
							"size": [6.3652, 38, 12],
							"pivot": [0, 39, 0],
							"rotation": [0, -45, 0],
							"uv": {
								"north": {"uv": [81, 59], "uv_size": [6, 38]},
								"east": {"uv": [69, 59], "uv_size": [12, 38]},
								"south": {"uv": [146, 122], "uv_size": [64, 26]},
								"west": {"uv": [87, 59], "uv_size": [12, 38]},
								"up": {"uv": [210, 148], "uv_size": [-64, -26]},
								"down": {"uv": [87, 59], "uv_size": [6, -12]}
							}
						},
						{
							"origin": [4, 33, -3.1826],
							"size": [12, 38, 6.3652],
							"pivot": [0, 39, 0],
							"rotation": [0, 22.5, 0],
							"uv": {
								"north": {"uv": [75, 53], "uv_size": [12, 38]},
								"east": {"uv": [69, 53], "uv_size": [6, 38]},
								"south": {"uv": [93, 53], "uv_size": [12, 38]},
								"west": {"uv": [146, 122], "uv_size": [64, 26]},
								"up": {"uv": [210, 148], "uv_size": [-64, -20]},
								"down": {"uv": [87, 53], "uv_size": [12, -6]}
							}
						},
						{
							"origin": [4, 33, -3.1826],
							"size": [12, 38, 6.3652],
							"uv": {
								"north": {"uv": [75, 53], "uv_size": [12, 38]},
								"east": {"uv": [69, 53], "uv_size": [6, 38]},
								"south": {"uv": [93, 53], "uv_size": [12, 38]},
								"west": {"uv": [204, 180], "uv_size": [52, 23]},
								"up": {"uv": [210, 148], "uv_size": [-64, -20]},
								"down": {"uv": [87, 53], "uv_size": [12, -6]}
							}
						},
						{
							"origin": [-16, 33, -3.1826],
							"size": [12, 38, 6.3652],
							"uv": {
								"north": {"uv": [75, 53], "uv_size": [12, 38]},
								"east": {"uv": [204, 180], "uv_size": [52, 23]},
								"south": {"uv": [93, 53], "uv_size": [12, 38]},
								"west": {"uv": [87, 53], "uv_size": [6, 38]},
								"up": {"uv": [210, 148], "uv_size": [-64, -20]},
								"down": {"uv": [87, 53], "uv_size": [12, -6]}
							}
						},
						{
							"origin": [4, 33, -3.1826],
							"size": [12, 38, 6.3652],
							"pivot": [0, 39, 0],
							"rotation": [0, -22.5, 0],
							"uv": {
								"north": {"uv": [75, 53], "uv_size": [12, 38]},
								"east": {"uv": [69, 53], "uv_size": [6, 38]},
								"south": {"uv": [93, 53], "uv_size": [12, 38]},
								"west": {"uv": [146, 122], "uv_size": [64, 26]},
								"up": {"uv": [210, 148], "uv_size": [-64, -20]},
								"down": {"uv": [87, 53], "uv_size": [12, -6]}
							}
						},
						{
							"origin": [-16, 33, -3.1826],
							"size": [12, 38, 6.3652],
							"pivot": [0, 39, 0],
							"rotation": [0, 22.5, 0],
							"uv": {
								"north": {"uv": [10, 77], "uv_size": [21, -67]},
								"east": {"uv": [146, 122], "uv_size": [64, 26]},
								"south": {"uv": [93, 53], "uv_size": [12, 38]},
								"west": {"uv": [10, 77], "uv_size": [21, -67]},
								"up": {"uv": [210, 148], "uv_size": [-64, -20]},
								"down": {"uv": [87, 53], "uv_size": [12, -6]}
							}
						}
					]
				},
				{
					"name": "cap",
					"parent": "upper",
					"pivot": [8, 61, -8],
					"cubes": [
						{
							"origin": [-2.38695, 63, -12],
							"size": [4.7739, 12, 11],
							"pivot": [0, 69, 0],
							"rotation": [0, 45, 0],
							"uv": {
								"north": {"uv": [146, 122], "uv_size": [64, 26]},
								"east": {"uv": [69, 58], "uv_size": [11, 12]},
								"south": {"uv": [95, 58], "uv_size": [4, 12]},
								"west": {"uv": [84, 58], "uv_size": [11, 12]},
								"up": {"uv": [210, 148], "uv_size": [-64, -20]},
								"down": {"uv": [84, 58], "uv_size": [4, -11]}
							}
						},
						{
							"origin": [-2.38695, 63, -12],
							"size": [4.7739, 12, 11],
							"pivot": [0, 69, 0],
							"rotation": [0, 22.5, 0],
							"uv": {
								"north": {"uv": [146, 122], "uv_size": [64, 26]},
								"east": {"uv": [69, 58], "uv_size": [11, 12]},
								"south": {"uv": [95, 58], "uv_size": [4, 12]},
								"west": {"uv": [84, 58], "uv_size": [11, 12]},
								"up": {"uv": [210, 148], "uv_size": [-64, -20]},
								"down": {"uv": [84, 58], "uv_size": [4, -11]}
							}
						},
						{
							"origin": [-2.38695, 63, -12],
							"size": [4.7739, 12, 11],
							"uv": {
								"north": {"uv": [146, 122], "uv_size": [64, 26]},
								"east": {"uv": [69, 58], "uv_size": [11, 12]},
								"south": {"uv": [95, 58], "uv_size": [4, 12]},
								"west": {"uv": [84, 58], "uv_size": [11, 12]},
								"up": {"uv": [210, 148], "uv_size": [-64, -20]},
								"down": {"uv": [84, 58], "uv_size": [4, -11]}
							}
						},
						{
							"origin": [-2.38695, 63, -12],
							"size": [4.7739, 12, 11],
							"pivot": [0, 69, 0],
							"rotation": [0, -22.5, 0],
							"uv": {
								"north": {"uv": [146, 122], "uv_size": [64, 26]},
								"east": {"uv": [69, 58], "uv_size": [11, 12]},
								"south": {"uv": [95, 58], "uv_size": [4, 12]},
								"west": {"uv": [84, 58], "uv_size": [11, 12]},
								"up": {"uv": [210, 148], "uv_size": [-64, -20]},
								"down": {"uv": [84, 58], "uv_size": [4, -11]}
							}
						},
						{
							"origin": [-2.38695, 63, -12],
							"size": [4.7739, 12, 11],
							"pivot": [0, 69, 0],
							"rotation": [0, -45, 0],
							"uv": {
								"north": {"uv": [146, 122], "uv_size": [64, 26]},
								"east": {"uv": [69, 58], "uv_size": [11, 12]},
								"south": {"uv": [95, 58], "uv_size": [4, 12]},
								"west": {"uv": [84, 58], "uv_size": [11, 12]},
								"up": {"uv": [210, 148], "uv_size": [-64, -20]},
								"down": {"uv": [84, 58], "uv_size": [4, -11]}
							}
						},
						{
							"origin": [-2.38695, 63, 1],
							"size": [4.7739, 12, 11],
							"pivot": [0, 69, 0],
							"rotation": [0, 45, 0],
							"uv": {
								"north": {"uv": [80, 58], "uv_size": [4, 12]},
								"east": {"uv": [69, 58], "uv_size": [11, 12]},
								"south": {"uv": [146, 122], "uv_size": [64, 26]},
								"west": {"uv": [84, 58], "uv_size": [11, 12]},
								"up": {"uv": [210, 148], "uv_size": [-64, -20]},
								"down": {"uv": [84, 58], "uv_size": [4, -11]}
							}
						},
						{
							"origin": [-2.38695, 63, 1],
							"size": [4.7739, 12, 11],
							"pivot": [0, 69, 0],
							"rotation": [0, 22.5, 0],
							"uv": {
								"north": {"uv": [80, 58], "uv_size": [4, 12]},
								"east": {"uv": [69, 58], "uv_size": [11, 12]},
								"south": {"uv": [146, 122], "uv_size": [64, 26]},
								"west": {"uv": [0, 213], "uv_size": [64, 43]},
								"up": {"uv": [210, 148], "uv_size": [-64, -20]},
								"down": {"uv": [84, 58], "uv_size": [4, -11]}
							}
						},
						{
							"origin": [-2.38695, 63, 1],
							"size": [4.7739, 12, 11],
							"uv": {
								"north": {"uv": [80, 58], "uv_size": [4, 12]},
								"east": {"uv": [69, 58], "uv_size": [11, 12]},
								"south": {"uv": [146, 122], "uv_size": [64, 26]},
								"west": {"uv": [84, 58], "uv_size": [11, 12]},
								"up": {"uv": [210, 148], "uv_size": [-64, -20]},
								"down": {"uv": [84, 58], "uv_size": [4, -11]}
							}
						},
						{
							"origin": [-2.38695, 63, 1],
							"size": [4.7739, 12, 11],
							"pivot": [0, 69, 0],
							"rotation": [0, -22.5, 0],
							"uv": {
								"north": {"uv": [80, 58], "uv_size": [4, 12]},
								"east": {"uv": [69, 58], "uv_size": [11, 12]},
								"south": {"uv": [146, 122], "uv_size": [64, 26]},
								"west": {"uv": [84, 58], "uv_size": [11, 12]},
								"up": {"uv": [210, 148], "uv_size": [-64, -26]},
								"down": {"uv": [84, 58], "uv_size": [4, -11]}
							}
						},
						{
							"origin": [-2.38695, 62, 1],
							"size": [4.7739, 13, 11],
							"pivot": [0, 68, 0],
							"rotation": [0, -45, 0],
							"uv": {
								"north": {"uv": [80, 58], "uv_size": [4, 13]},
								"east": {"uv": [69, 58], "uv_size": [11, 13]},
								"south": {"uv": [146, 122], "uv_size": [64, 26]},
								"west": {"uv": [84, 58], "uv_size": [11, 13]},
								"up": {"uv": [210, 148], "uv_size": [-64, -20]},
								"down": {"uv": [84, 58], "uv_size": [4, -11]}
							}
						},
						{
							"origin": [1, 63, -2.38695],
							"size": [11, 12.1, 4.7739],
							"pivot": [0, 69, 0],
							"rotation": [0, 22.5, 0],
							"uv": {
								"north": {"uv": [73, 51], "uv_size": [11, 12]},
								"east": {"uv": [69, 51], "uv_size": [4, 12]},
								"south": {"uv": [88, 51], "uv_size": [11, 12]},
								"west": {"uv": [146, 122], "uv_size": [64, 26]},
								"up": {"uv": [210, 148], "uv_size": [-64, -20]},
								"down": {"uv": [84, 51], "uv_size": [11, -4]}
							}
						},
						{
							"origin": [1, 63, -2.38695],
							"size": [11, 12, 4.7739],
							"uv": {
								"north": {"uv": [73, 51], "uv_size": [11, 12]},
								"east": {"uv": [69, 51], "uv_size": [4, 12]},
								"south": {"uv": [88, 51], "uv_size": [11, 12]},
								"west": {"uv": [146, 122], "uv_size": [64, 26]},
								"up": {"uv": [210, 148], "uv_size": [-64, -20]},
								"down": {"uv": [84, 51], "uv_size": [11, -4]}
							}
						},
						{
							"origin": [1, 63, -2.38695],
							"size": [11, 12, 4.7739],
							"pivot": [0, 69, 0],
							"rotation": [0, -22.5, 0],
							"uv": {
								"north": {"uv": [73, 51], "uv_size": [11, 12]},
								"east": {"uv": [69, 51], "uv_size": [4, 12]},
								"south": {"uv": [88, 51], "uv_size": [11, 12]},
								"west": {"uv": [146, 122], "uv_size": [64, 26]},
								"up": {"uv": [210, 148], "uv_size": [-64, -20]},
								"down": {"uv": [84, 51], "uv_size": [11, -4]}
							}
						},
						{
							"origin": [-12, 63, -2.38695],
							"size": [11, 12, 4.7739],
							"pivot": [0, 69, 0],
							"rotation": [0, 22.5, 0],
							"uv": {
								"north": {"uv": [73, 51], "uv_size": [11, 12]},
								"east": {"uv": [146, 122], "uv_size": [64, 26]},
								"south": {"uv": [146, 122], "uv_size": [64, 26]},
								"west": {"uv": [84, 51], "uv_size": [4, 12]},
								"up": {"uv": [210, 148], "uv_size": [-64, -20]},
								"down": {"uv": [84, 51], "uv_size": [11, -4]}
							}
						},
						{
							"origin": [-12, 63, -2.38695],
							"size": [11, 12, 4.7739],
							"uv": {
								"north": {"uv": [73, 51], "uv_size": [11, 12]},
								"east": {"uv": [146, 122], "uv_size": [64, 26]},
								"south": {"uv": [88, 51], "uv_size": [11, 12]},
								"west": {"uv": [84, 51], "uv_size": [4, 12]},
								"up": {"uv": [210, 148], "uv_size": [-64, -20]},
								"down": {"uv": [84, 51], "uv_size": [11, -4]}
							}
						},
						{
							"origin": [-12, 63, -2.38695],
							"size": [11, 12, 4.7739],
							"pivot": [0, 69, 0],
							"rotation": [0, -22.5, 0],
							"uv": {
								"north": {"uv": [73, 51], "uv_size": [11, 12]},
								"east": {"uv": [146, 122], "uv_size": [64, 26]},
								"south": {"uv": [88, 51], "uv_size": [11, 12]},
								"west": {"uv": [84, 51], "uv_size": [4, 12]},
								"up": {"uv": [210, 148], "uv_size": [-64, -20]},
								"down": {"uv": [84, 51], "uv_size": [11, -4]}
							}
						}
					]
				},
				{
					"name": "bone",
					"parent": "cap",
					"pivot": [20, 61, -17.4],
					"cubes": [
						{
							"origin": [-8, 75, -9.4],
							"size": [16, 2, 18],
							"uv": {
								"north": {"uv": [160, 233], "uv_size": [8, 0]},
								"east": {"uv": [160, 233], "uv_size": [8, 0]},
								"south": {"uv": [160, 233], "uv_size": [8, 0]},
								"west": {"uv": [160, 233], "uv_size": [8, 0]},
								"up": {"uv": [168, 233], "uv_size": [-8, 0]},
								"down": {"uv": [103, 65], "uv_size": [16, -18]}
							}
						},
						{
							"origin": [-7, 76, -8.4],
							"size": [14, 2, 16],
							"uv": {
								"north": {"uv": [160, 233], "uv_size": [8, 0]},
								"east": {"uv": [160, 233], "uv_size": [8, 0]},
								"south": {"uv": [160, 233], "uv_size": [8, 0]},
								"west": {"uv": [160, 233], "uv_size": [8, 0]},
								"up": {"uv": [134, 173], "uv_size": [61, 60]},
								"down": {"uv": [99, 63], "uv_size": [14, -16]}
							}
						},
						{
							"origin": [-7, 77, -8.4],
							"size": [14, 4, 16],
							"inflate": -1,
							"uv": {
								"north": {"uv": [138, 224], "uv_size": [54, 9]},
								"east": {"uv": [138, 224], "uv_size": [54, 9]},
								"south": {"uv": [138, 224], "uv_size": [54, 9]},
								"west": {"uv": [138, 224], "uv_size": [54, 9]},
								"up": {"uv": [189, 227], "uv_size": [-48, -48]},
								"down": {"uv": [99, 63], "uv_size": [14, -16]}
							}
						}
					]
				},
				{
					"name": "lights",
					"parent": "upper",
					"pivot": [0, -2, 0]
				},
				{
					"name": "bone5",
					"parent": "lights",
					"pivot": [-4.74079, 31.52101, -14.55921],
					"cubes": [
						{
							"origin": [-6.87647, 8.52101, -5.46117],
							"size": [8, 8, 11],
							"inflate": -0.5,
							"pivot": [-4.74079, 31.52101, -14.55921],
							"rotation": [176.91699, -31.5, -180],
							"uv": {
								"north": {"uv": [92, 70], "uv_size": [8, 8]},
								"east": {"uv": [43, 14], "uv_size": [20, 19]},
								"south": {"uv": [50, 15], "uv_size": [8, 8]},
								"west": {"uv": [43, 14], "uv_size": [20, 19]},
								"up": {"uv": [41.6, 14.4], "uv_size": [22, -11.2]},
								"down": {"uv": [41.6, 14.4], "uv_size": [22, -11.2]}
							}
						},
						{
							"origin": [-6.87647, 9.52101, -5.46117],
							"size": [0, 6, 10],
							"inflate": -0.5,
							"pivot": [-4.74079, 31.52101, -14.55921],
							"rotation": [176.91699, -31.5, -180],
							"uv": {
								"north": {"uv": [92, 70], "uv_size": [8, 8]},
								"east": {"uv": [43, 14], "uv_size": [20, 19]},
								"south": {"uv": [50, 15], "uv_size": [8, 8]},
								"west": {"uv": [43, 14], "uv_size": [20, 19]},
								"up": {"uv": [44, 30.2], "uv_size": [15, -11.2]},
								"down": {"uv": [41.6, 14.4], "uv_size": [22, -11.2]}
							}
						},
						{
							"origin": [-13.87647, 9.52101, -1.46117],
							"size": [0, 6, 10],
							"inflate": -0.5,
							"pivot": [-11.74079, 31.52101, -10.55921],
							"rotation": [176.91699, -31.5, -180],
							"uv": {
								"north": {"uv": [92, 70], "uv_size": [8, 8]},
								"east": {"uv": [43, 14], "uv_size": [20, 19]},
								"south": {"uv": [50, 15], "uv_size": [8, 8]},
								"west": {"uv": [43, 14], "uv_size": [20, 19]},
								"up": {"uv": [49, 24.2], "uv_size": [12, -2.2]},
								"down": {"uv": [41.6, 14.4], "uv_size": [22, -11.2]}
							}
						},
						{
							"origin": [-5.87647, 15.52101, -5.46117],
							"size": [6, 2, 11],
							"inflate": -0.5,
							"pivot": [-4.74079, 31.52101, -14.55921],
							"rotation": [176.91699, -31.5, -180],
							"uv": {
								"north": {"uv": [48, 24], "uv_size": [8, 8]},
								"east": {"uv": [43, 14], "uv_size": [20, 19]},
								"south": {"uv": [43, 21], "uv_size": [8, 8]},
								"west": {"uv": [43, 14], "uv_size": [20, 19]},
								"up": {"uv": [41.6, 14.4], "uv_size": [22, -11.2]},
								"down": {"uv": [41.6, 14.4], "uv_size": [22, -11.2]}
							}
						},
						{
							"origin": [-5.87647, 7.52101, -5.46117],
							"size": [6, 2, 11],
							"inflate": -0.5,
							"pivot": [-4.74079, 23.52101, -14.55921],
							"rotation": [176.91699, -31.5, -180],
							"uv": {
								"north": {"uv": [48, 24], "uv_size": [8, 8]},
								"east": {"uv": [43, 14], "uv_size": [20, 19]},
								"south": {"uv": [43, 21], "uv_size": [8, 8]},
								"west": {"uv": [43, 14], "uv_size": [20, 19]},
								"up": {"uv": [41.6, 14.4], "uv_size": [22, -11.2]},
								"down": {"uv": [41.6, 14.4], "uv_size": [22, -11.2]}
							}
						}
					]
				},
				{
					"name": "bone10",
					"parent": "lights",
					"pivot": [-17.34079, 32.52101, -34.85921],
					"rotation": [39, 8, -23.5],
					"cubes": [
						{
							"origin": [-19.44892, 9.58927, -24.59882],
							"size": [8, 8, 12],
							"inflate": -0.5,
							"pivot": [-17.31324, 32.58927, -34.69686],
							"rotation": [176.91699, -31.5, -180],
							"uv": {
								"north": {"uv": [92, 70], "uv_size": [8, 8]},
								"east": {"uv": [43, 14], "uv_size": [20, 19]},
								"south": {"uv": [50, 15], "uv_size": [8, 8]},
								"west": {"uv": [43, 14], "uv_size": [20, 19]},
								"up": {"uv": [41.6, 26.4], "uv_size": [22, -15.2]},
								"down": {"uv": [41.6, 14.4], "uv_size": [22, -11.2]}
							}
						},
						{
							"origin": [-19.44892, 10.58927, -24.59882],
							"size": [0, 6, 12],
							"inflate": -0.5,
							"pivot": [-17.31324, 32.58927, -34.69686],
							"rotation": [176.91699, -31.5, -180],
							"uv": {
								"north": {"uv": [92, 70], "uv_size": [8, 8]},
								"east": {"uv": [43, 14], "uv_size": [20, 19]},
								"south": {"uv": [50, 15], "uv_size": [8, 8]},
								"west": {"uv": [43, 14], "uv_size": [20, 19]},
								"up": {"uv": [41.6, 26.4], "uv_size": [22, -15.2]},
								"down": {"uv": [41.6, 14.4], "uv_size": [22, -11.2]}
							}
						},
						{
							"origin": [-26.44892, 10.58927, -20.59882],
							"size": [0, 6, 12],
							"inflate": -0.5,
							"pivot": [-24.31324, 32.58927, -30.69686],
							"rotation": [176.91699, -31.5, -180],
							"uv": {
								"north": {"uv": [92, 70], "uv_size": [8, 8]},
								"east": {"uv": [43, 14], "uv_size": [20, 19]},
								"south": {"uv": [50, 15], "uv_size": [8, 8]},
								"west": {"uv": [43, 14], "uv_size": [20, 19]},
								"up": {"uv": [49, 24.2], "uv_size": [12, -2.2]},
								"down": {"uv": [41.6, 14.4], "uv_size": [22, -11.2]}
							}
						},
						{
							"origin": [-18.44892, 16.58927, -25.59882],
							"size": [6, 2, 13],
							"inflate": -0.5,
							"pivot": [-17.31324, 32.58927, -34.69686],
							"rotation": [176.91699, -31.5, -180],
							"uv": {
								"north": {"uv": [48, 24], "uv_size": [8, 8]},
								"east": {"uv": [43, 14], "uv_size": [20, 19]},
								"south": {"uv": [43, 21], "uv_size": [8, 8]},
								"west": {"uv": [43, 14], "uv_size": [20, 19]},
								"up": {"uv": [41.6, 26.4], "uv_size": [22, -15.2]},
								"down": {"uv": [41.6, 14.4], "uv_size": [22, -11.2]}
							}
						},
						{
							"origin": [-18.44892, 8.58927, -25.59882],
							"size": [6, 2, 13],
							"inflate": -0.5,
							"pivot": [-17.31324, 24.58927, -34.69686],
							"rotation": [176.91699, -31.5, -180],
							"uv": {
								"north": {"uv": [48, 24], "uv_size": [8, 8]},
								"east": {"uv": [43, 14], "uv_size": [20, 19]},
								"south": {"uv": [43, 21], "uv_size": [8, 8]},
								"west": {"uv": [43, 14], "uv_size": [20, 19]},
								"up": {"uv": [41.6, 14.4], "uv_size": [22, -11.2]},
								"down": {"uv": [41.6, 14.4], "uv_size": [22, -11.2]}
							}
						}
					]
				},
				{
					"name": "bone11",
					"parent": "lights",
					"pivot": [-26.84079, 15.62101, -49.95921],
					"rotation": [73.5, 26.5, -36],
					"cubes": [
						{
							"origin": [-28.64174, -7.47928, -40.47387],
							"size": [8, 8, 12],
							"inflate": -0.5,
							"pivot": [-26.50606, 15.52072, -50.57191],
							"rotation": [176.91699, -31.5, -180],
							"uv": {
								"north": {"uv": [92, 70], "uv_size": [8, 8]},
								"east": {"uv": [43, 14], "uv_size": [20, 19]},
								"south": {"uv": [50, 15], "uv_size": [8, 8]},
								"west": {"uv": [43, 14], "uv_size": [20, 19]},
								"up": {"uv": [41.6, 26.4], "uv_size": [22, -15.2]},
								"down": {"uv": [41.6, 14.4], "uv_size": [22, -11.2]}
							}
						},
						{
							"origin": [-28.64174, -6.47928, -40.47387],
							"size": [0, 6, 12],
							"inflate": -0.5,
							"pivot": [-26.50606, 15.52072, -50.57191],
							"rotation": [176.91699, -31.5, -180],
							"uv": {
								"north": {"uv": [92, 70], "uv_size": [8, 8]},
								"east": {"uv": [43, 14], "uv_size": [20, 19]},
								"south": {"uv": [50, 15], "uv_size": [8, 8]},
								"west": {"uv": [43, 14], "uv_size": [20, 19]},
								"up": {"uv": [41.6, 26.4], "uv_size": [22, -15.2]},
								"down": {"uv": [41.6, 14.4], "uv_size": [22, -11.2]}
							}
						},
						{
							"origin": [-35.64174, -6.47928, -36.47387],
							"size": [0, 6, 12],
							"inflate": -0.5,
							"pivot": [-33.50606, 15.52072, -46.57191],
							"rotation": [176.91699, -31.5, -180],
							"uv": {
								"north": {"uv": [92, 70], "uv_size": [8, 8]},
								"east": {"uv": [43, 14], "uv_size": [20, 19]},
								"south": {"uv": [50, 15], "uv_size": [8, 8]},
								"west": {"uv": [43, 14], "uv_size": [20, 19]},
								"up": {"uv": [49, 24.2], "uv_size": [12, -2.2]},
								"down": {"uv": [41.6, 14.4], "uv_size": [22, -11.2]}
							}
						},
						{
							"origin": [-27.64174, -0.47928, -41.47387],
							"size": [6, 2, 13],
							"inflate": -0.5,
							"pivot": [-26.50606, 15.52072, -50.57191],
							"rotation": [176.91699, -31.5, -180],
							"uv": {
								"north": {"uv": [48, 24], "uv_size": [8, 8]},
								"east": {"uv": [43, 14], "uv_size": [20, 19]},
								"south": {"uv": [43, 21], "uv_size": [8, 8]},
								"west": {"uv": [43, 14], "uv_size": [20, 19]},
								"up": {"uv": [41.6, 26.4], "uv_size": [22, -15.2]},
								"down": {"uv": [41.6, 14.4], "uv_size": [22, -11.2]}
							}
						},
						{
							"origin": [-27.64174, -8.47928, -41.47387],
							"size": [6, 2, 13],
							"inflate": -0.5,
							"pivot": [-26.50606, 7.52072, -50.57191],
							"rotation": [176.91699, -31.5, -180],
							"uv": {
								"north": {"uv": [48, 24], "uv_size": [8, 8]},
								"east": {"uv": [43, 14], "uv_size": [20, 19]},
								"south": {"uv": [43, 21], "uv_size": [8, 8]},
								"west": {"uv": [43, 14], "uv_size": [20, 19]},
								"up": {"uv": [41.6, 14.4], "uv_size": [22, -11.2]},
								"down": {"uv": [41.6, 14.4], "uv_size": [22, -11.2]}
							}
						}
					]
				},
				{
					"name": "light4",
					"parent": "lights",
					"pivot": [2.84079, 72.02101, -10.94079],
					"cubes": [
						{
							"origin": [-3.02353, 27.02101, -23.03883],
							"size": [6, 41, 10],
							"uv": {
								"north": {"uv": [10, 77], "uv_size": [21, -67]},
								"east": {"uv": [10, 77], "uv_size": [21, -67]},
								"south": {"uv": [101, 57], "uv_size": [-6, 42]},
								"west": {"uv": [10, 77], "uv_size": [21, -67]},
								"up": {"uv": [31, 10], "uv_size": [-21, 67]},
								"down": {"uv": [91, 57], "uv_size": [-6, -10]}
							}
						},
						{
							"origin": [-2.02353, 68.02101, -22.03883],
							"size": [4, 1, 5],
							"uv": {
								"north": {"uv": [10, 77], "uv_size": [21, -67]},
								"east": {"uv": [10, 77], "uv_size": [21, -67]},
								"south": {"uv": [101, 57], "uv_size": [-6, 42]},
								"west": {"uv": [10, 77], "uv_size": [21, -67]},
								"up": {"uv": [31, 10], "uv_size": [-21, 67]},
								"down": {"uv": [91, 57], "uv_size": [-6, -10]}
							}
						},
						{
							"origin": [-2.02353, 33.02101, -24.03883],
							"size": [4, 34, 1],
							"uv": {
								"north": {"uv": [10, 77], "uv_size": [21, -67]},
								"east": {"uv": [10, 77], "uv_size": [21, -67]},
								"south": {"uv": [101, 57], "uv_size": [-6, 42]},
								"west": {"uv": [10, 77], "uv_size": [21, -67]},
								"up": {"uv": [31, 10], "uv_size": [-21, 67]},
								"down": {"uv": [91, 57], "uv_size": [-6, -10]}
							}
						},
						{
							"origin": [2.97647, 27.02101, -22.03883],
							"size": [1, 40, 8],
							"uv": {
								"north": {"uv": [10, 77], "uv_size": [21, -67]},
								"east": {"uv": [10, 77], "uv_size": [21, -67]},
								"south": {"uv": [101, 57], "uv_size": [-6, 42]},
								"west": {"uv": [10, 77], "uv_size": [21, -67]},
								"up": {"uv": [31, 10], "uv_size": [-21, 67]},
								"down": {"uv": [91, 57], "uv_size": [-6, -10]}
							}
						},
						{
							"origin": [-4.02353, 27.02101, -22.03883],
							"size": [1, 40, 8],
							"uv": {
								"north": {"uv": [10, 77], "uv_size": [21, -67]},
								"east": {"uv": [10, 77], "uv_size": [21, -67]},
								"south": {"uv": [101, 57], "uv_size": [-6, 42]},
								"west": {"uv": [10, 77], "uv_size": [21, -67]},
								"up": {"uv": [31, 10], "uv_size": [-21, 67]},
								"down": {"uv": [91, 57], "uv_size": [-6, -10]}
							}
						}
					]
				},
				{
					"name": "light5",
					"parent": "lights",
					"pivot": [2.84079, 72.02101, -10.94079],
					"cubes": [
						{
							"origin": [-3.02353, 27.02101, 13.03883],
							"size": [6, 41, 10],
							"uv": {
								"north": {"uv": [95, 57], "uv_size": [6, 42]},
								"east": {"uv": [31, 77], "uv_size": [-21, -67]},
								"south": {"uv": [31, 77], "uv_size": [-21, -67]},
								"west": {"uv": [31, 77], "uv_size": [-21, -67]},
								"up": {"uv": [31, 77], "uv_size": [-21, -67]},
								"down": {"uv": [91, 47], "uv_size": [-6, 10]}
							}
						},
						{
							"origin": [-2.02353, 68.02101, 17.03883],
							"size": [4, 1, 5],
							"uv": {
								"north": {"uv": [95, 57], "uv_size": [6, 42]},
								"east": {"uv": [31, 77], "uv_size": [-21, -67]},
								"south": {"uv": [31, 77], "uv_size": [-21, -67]},
								"west": {"uv": [31, 77], "uv_size": [-21, -67]},
								"up": {"uv": [31, 77], "uv_size": [-21, -67]},
								"down": {"uv": [91, 47], "uv_size": [-6, 10]}
							}
						},
						{
							"origin": [-2.02353, 33.02101, 23.03883],
							"size": [4, 34, 1],
							"uv": {
								"north": {"uv": [95, 57], "uv_size": [6, 42]},
								"east": {"uv": [31, 77], "uv_size": [-21, -67]},
								"south": {"uv": [31, 77], "uv_size": [-21, -67]},
								"west": {"uv": [31, 77], "uv_size": [-21, -67]},
								"up": {"uv": [31, 77], "uv_size": [-21, -67]},
								"down": {"uv": [91, 47], "uv_size": [-6, 10]}
							}
						},
						{
							"origin": [2.97647, 27.02101, 14.03883],
							"size": [1, 40, 8],
							"uv": {
								"north": {"uv": [95, 57], "uv_size": [6, 42]},
								"east": {"uv": [31, 77], "uv_size": [-21, -67]},
								"south": {"uv": [31, 77], "uv_size": [-21, -67]},
								"west": {"uv": [31, 77], "uv_size": [-21, -67]},
								"up": {"uv": [31, 77], "uv_size": [-21, -67]},
								"down": {"uv": [91, 47], "uv_size": [-6, 10]}
							}
						},
						{
							"origin": [-4.02353, 27.02101, 14.03883],
							"size": [1, 40, 8],
							"uv": {
								"north": {"uv": [95, 57], "uv_size": [6, 42]},
								"east": {"uv": [31, 77], "uv_size": [-21, -67]},
								"south": {"uv": [31, 77], "uv_size": [-21, -67]},
								"west": {"uv": [31, 77], "uv_size": [-21, -67]},
								"up": {"uv": [31, 77], "uv_size": [-21, -67]},
								"down": {"uv": [91, 47], "uv_size": [-6, 10]}
							}
						}
					]
				},
				{
					"name": "light6",
					"parent": "lights",
					"pivot": [1.75921, 72.02101, 11.24079],
					"rotation": [0, 65, 0],
					"cubes": [
						{
							"origin": [8.46912, 27.02101, -17.13319],
							"size": [6, 41, 10],
							"uv": {
								"north": {"uv": [31, 77], "uv_size": [-21, -67]},
								"east": {"uv": [31, 77], "uv_size": [-21, -67]},
								"south": {"uv": [95, 57], "uv_size": [6, 42]},
								"west": {"uv": [31, 77], "uv_size": [-21, -67]},
								"up": {"uv": [10, 10], "uv_size": [21, 67]},
								"down": {"uv": [85, 57], "uv_size": [6, -10]}
							}
						},
						{
							"origin": [9.46912, 68.02101, -16.13319],
							"size": [4, 1, 5],
							"uv": {
								"north": {"uv": [31, 77], "uv_size": [-21, -67]},
								"east": {"uv": [31, 77], "uv_size": [-21, -67]},
								"south": {"uv": [95, 57], "uv_size": [6, 42]},
								"west": {"uv": [31, 77], "uv_size": [-21, -67]},
								"up": {"uv": [10, 10], "uv_size": [21, 67]},
								"down": {"uv": [85, 57], "uv_size": [6, -10]}
							}
						},
						{
							"origin": [9.46912, 33.02101, -18.13319],
							"size": [4, 34, 1],
							"uv": {
								"north": {"uv": [31, 77], "uv_size": [-21, -67]},
								"east": {"uv": [31, 77], "uv_size": [-21, -67]},
								"south": {"uv": [95, 57], "uv_size": [6, 42]},
								"west": {"uv": [31, 77], "uv_size": [-21, -67]},
								"up": {"uv": [10, 10], "uv_size": [21, 67]},
								"down": {"uv": [85, 57], "uv_size": [6, -10]}
							}
						},
						{
							"origin": [7.46912, 27.02101, -16.13319],
							"size": [1, 40, 8],
							"uv": {
								"north": {"uv": [31, 77], "uv_size": [-21, -67]},
								"east": {"uv": [31, 77], "uv_size": [-21, -67]},
								"south": {"uv": [95, 57], "uv_size": [6, 42]},
								"west": {"uv": [31, 77], "uv_size": [-21, -67]},
								"up": {"uv": [10, 10], "uv_size": [21, 67]},
								"down": {"uv": [85, 57], "uv_size": [6, -10]}
							}
						},
						{
							"origin": [14.46912, 27.02101, -16.13319],
							"size": [1, 40, 8],
							"uv": {
								"north": {"uv": [31, 77], "uv_size": [-21, -67]},
								"east": {"uv": [31, 77], "uv_size": [-21, -67]},
								"south": {"uv": [95, 57], "uv_size": [6, 42]},
								"west": {"uv": [31, 77], "uv_size": [-21, -67]},
								"up": {"uv": [10, 10], "uv_size": [21, 67]},
								"down": {"uv": [85, 57], "uv_size": [6, -10]}
							}
						}
					]
				},
				{
					"name": "light2",
					"parent": "lights",
					"pivot": [-1.75921, 72.02101, 11.24079],
					"rotation": [0, -65, 0],
					"cubes": [
						{
							"origin": [-14.46912, 27.02101, -17.13319],
							"size": [6, 41, 10],
							"uv": {
								"north": {"uv": [10, 77], "uv_size": [21, -67]},
								"east": {"uv": [10, 77], "uv_size": [21, -67]},
								"south": {"uv": [101, 57], "uv_size": [-6, 42]},
								"west": {"uv": [10, 77], "uv_size": [21, -67]},
								"up": {"uv": [31, 10], "uv_size": [-21, 67]},
								"down": {"uv": [91, 57], "uv_size": [-6, -10]}
							}
						},
						{
							"origin": [-13.46912, 68.02101, -16.13319],
							"size": [4, 1, 5],
							"uv": {
								"north": {"uv": [10, 77], "uv_size": [21, -67]},
								"east": {"uv": [10, 77], "uv_size": [21, -67]},
								"south": {"uv": [101, 57], "uv_size": [-6, 42]},
								"west": {"uv": [10, 77], "uv_size": [21, -67]},
								"up": {"uv": [31, 10], "uv_size": [-21, 67]},
								"down": {"uv": [91, 57], "uv_size": [-6, -10]}
							}
						},
						{
							"origin": [-13.46912, 33.02101, -18.13319],
							"size": [4, 34, 1],
							"uv": {
								"north": {"uv": [10, 77], "uv_size": [21, -67]},
								"east": {"uv": [10, 77], "uv_size": [21, -67]},
								"south": {"uv": [101, 57], "uv_size": [-6, 42]},
								"west": {"uv": [10, 77], "uv_size": [21, -67]},
								"up": {"uv": [31, 10], "uv_size": [-21, 67]},
								"down": {"uv": [91, 57], "uv_size": [-6, -10]}
							}
						},
						{
							"origin": [-8.46912, 27.02101, -16.13319],
							"size": [1, 40, 8],
							"uv": {
								"north": {"uv": [10, 77], "uv_size": [21, -67]},
								"east": {"uv": [10, 77], "uv_size": [21, -67]},
								"south": {"uv": [101, 57], "uv_size": [-6, 42]},
								"west": {"uv": [10, 77], "uv_size": [21, -67]},
								"up": {"uv": [31, 10], "uv_size": [-21, 67]},
								"down": {"uv": [91, 57], "uv_size": [-6, -10]}
							}
						},
						{
							"origin": [-15.46912, 27.02101, -16.13319],
							"size": [1, 40, 8],
							"uv": {
								"north": {"uv": [10, 77], "uv_size": [21, -67]},
								"east": {"uv": [10, 77], "uv_size": [21, -67]},
								"south": {"uv": [101, 57], "uv_size": [-6, 42]},
								"west": {"uv": [10, 77], "uv_size": [21, -67]},
								"up": {"uv": [31, 10], "uv_size": [-21, 67]},
								"down": {"uv": [91, 57], "uv_size": [-6, -10]}
							}
						}
					]
				},
				{
					"name": "light3",
					"parent": "lights",
					"pivot": [-1.75921, 72.02101, -11.24079],
					"rotation": [0, 65, 0],
					"cubes": [
						{
							"origin": [-14.46912, 27.02101, 7.13319],
							"size": [6, 41, 10],
							"uv": {
								"north": {"uv": [95, 57], "uv_size": [6, 42]},
								"east": {"uv": [31, 77], "uv_size": [-21, -67]},
								"south": {"uv": [31, 77], "uv_size": [-21, -67]},
								"west": {"uv": [31, 77], "uv_size": [-21, -67]},
								"up": {"uv": [31, 77], "uv_size": [-21, -67]},
								"down": {"uv": [91, 47], "uv_size": [-6, 10]}
							}
						},
						{
							"origin": [-13.46912, 68.02101, 11.13319],
							"size": [4, 1, 5],
							"uv": {
								"north": {"uv": [95, 57], "uv_size": [6, 42]},
								"east": {"uv": [31, 77], "uv_size": [-21, -67]},
								"south": {"uv": [31, 77], "uv_size": [-21, -67]},
								"west": {"uv": [31, 77], "uv_size": [-21, -67]},
								"up": {"uv": [31, 77], "uv_size": [-21, -67]},
								"down": {"uv": [91, 47], "uv_size": [-6, 10]}
							}
						},
						{
							"origin": [-13.46912, 33.02101, 17.13319],
							"size": [4, 34, 1],
							"uv": {
								"north": {"uv": [95, 57], "uv_size": [6, 42]},
								"east": {"uv": [31, 77], "uv_size": [-21, -67]},
								"south": {"uv": [31, 77], "uv_size": [-21, -67]},
								"west": {"uv": [31, 77], "uv_size": [-21, -67]},
								"up": {"uv": [31, 77], "uv_size": [-21, -67]},
								"down": {"uv": [91, 47], "uv_size": [-6, 10]}
							}
						},
						{
							"origin": [-8.46912, 27.02101, 8.13319],
							"size": [1, 40, 8],
							"uv": {
								"north": {"uv": [95, 57], "uv_size": [6, 42]},
								"east": {"uv": [31, 77], "uv_size": [-21, -67]},
								"south": {"uv": [31, 77], "uv_size": [-21, -67]},
								"west": {"uv": [31, 77], "uv_size": [-21, -67]},
								"up": {"uv": [31, 77], "uv_size": [-21, -67]},
								"down": {"uv": [91, 47], "uv_size": [-6, 10]}
							}
						},
						{
							"origin": [-15.46912, 27.02101, 8.13319],
							"size": [1, 40, 8],
							"uv": {
								"north": {"uv": [95, 57], "uv_size": [6, 42]},
								"east": {"uv": [31, 77], "uv_size": [-21, -67]},
								"south": {"uv": [31, 77], "uv_size": [-21, -67]},
								"west": {"uv": [31, 77], "uv_size": [-21, -67]},
								"up": {"uv": [31, 77], "uv_size": [-21, -67]},
								"down": {"uv": [91, 47], "uv_size": [-6, 10]}
							}
						}
					]
				},
				{
					"name": "light7",
					"parent": "lights",
					"pivot": [1.75921, 72.02101, -11.24079],
					"rotation": [0, -65, 0],
					"cubes": [
						{
							"origin": [8.46912, 27.02101, 7.13319],
							"size": [6, 41, 10],
							"uv": {
								"north": {"uv": [101, 57], "uv_size": [-6, 42]},
								"east": {"uv": [10, 77], "uv_size": [21, -67]},
								"south": {"uv": [10, 77], "uv_size": [21, -67]},
								"west": {"uv": [10, 77], "uv_size": [21, -67]},
								"up": {"uv": [10, 77], "uv_size": [21, -67]},
								"down": {"uv": [85, 47], "uv_size": [6, 10]}
							}
						},
						{
							"origin": [9.46912, 68.02101, 11.13319],
							"size": [4, 1, 5],
							"uv": {
								"north": {"uv": [101, 57], "uv_size": [-6, 42]},
								"east": {"uv": [10, 77], "uv_size": [21, -67]},
								"south": {"uv": [10, 77], "uv_size": [21, -67]},
								"west": {"uv": [10, 77], "uv_size": [21, -67]},
								"up": {"uv": [10, 77], "uv_size": [21, -67]},
								"down": {"uv": [85, 47], "uv_size": [6, 10]}
							}
						},
						{
							"origin": [9.46912, 33.02101, 17.13319],
							"size": [4, 34, 1],
							"uv": {
								"north": {"uv": [101, 57], "uv_size": [-6, 42]},
								"east": {"uv": [10, 77], "uv_size": [21, -67]},
								"south": {"uv": [10, 77], "uv_size": [21, -67]},
								"west": {"uv": [10, 77], "uv_size": [21, -67]},
								"up": {"uv": [10, 77], "uv_size": [21, -67]},
								"down": {"uv": [85, 47], "uv_size": [6, 10]}
							}
						},
						{
							"origin": [7.46912, 27.02101, 8.13319],
							"size": [1, 40, 8],
							"uv": {
								"north": {"uv": [101, 57], "uv_size": [-6, 42]},
								"east": {"uv": [10, 77], "uv_size": [21, -67]},
								"south": {"uv": [10, 77], "uv_size": [21, -67]},
								"west": {"uv": [10, 77], "uv_size": [21, -67]},
								"up": {"uv": [10, 77], "uv_size": [21, -67]},
								"down": {"uv": [85, 47], "uv_size": [6, 10]}
							}
						},
						{
							"origin": [14.46912, 27.02101, 8.13319],
							"size": [1, 40, 8],
							"uv": {
								"north": {"uv": [101, 57], "uv_size": [-6, 42]},
								"east": {"uv": [10, 77], "uv_size": [21, -67]},
								"south": {"uv": [10, 77], "uv_size": [21, -67]},
								"west": {"uv": [10, 77], "uv_size": [21, -67]},
								"up": {"uv": [10, 77], "uv_size": [21, -67]},
								"down": {"uv": [85, 47], "uv_size": [6, 10]}
							}
						}
					]
				}
			]
		}
	]
}