{
	"format_version": "1.12.0",
	"minecraft:geometry": [
		{
			"description": {
				"identifier": "geometry.role_reveal",
				"texture_width": 500,
				"texture_height": 1298,
				"visible_bounds_width": 3,
				"visible_bounds_height": 4.5,
				"visible_bounds_offset": [0, 0.75, 0]
			},
			"bones": [
				{
					"name": "head",
					"pivot": [0, 24, 0]
				},
				{
					"name": "overlay",
					"parent": "head",
					"pivot": [0, 3, 9],
					"rotation": [0, 180, 0]
				},
				{
					"name": "middle",
					"parent": "overlay",
					"pivot": [0.17448, 28, 4.10381],
					"cubes": [
						{
							"origin": [-5.32552, 25.1, 8.10381],
							"size": [11, 8.6, 0],
							"uv": {
								"north": {"uv": [0, 0], "uv_size": [0, 0]},
								"east": {"uv": [0, 0], "uv_size": [500, 1298]},
								"south": {"uv": [0, 543.991], "uv_size": [499.94, 376.442]},
								"west": {"uv": [0, 0], "uv_size": [500, 1298]},
								"up": {"uv": [0, 1298], "uv_size": [500, -1298]},
								"down": {"uv": [500, 1298], "uv_size": [-500, -1298]}
							}
						}
					]
				},
				{
					"name": "shhh",
					"parent": "overlay",
					"pivot": [0.17448, 25.3, 4.50381],
					"cubes": [
						{
							"origin": [-5.32552, 24.8, 8.50381],
							"size": [11, 2, 0],
							"uv": {
								"north": {"uv": [0, 0], "uv_size": [0, 0]},
								"east": {"uv": [0, 0], "uv_size": [500, 1298]},
								"south": {"uv": [0, 937.981], "uv_size": [499.94, 95.373]},
								"west": {"uv": [0, 0], "uv_size": [500, 1298]},
								"up": {"uv": [0, 1298], "uv_size": [500, -1298]},
								"down": {"uv": [500, 1298], "uv_size": [-500, -1298]}
							}
						}
					]
				},
				{
					"name": "back",
					"parent": "overlay",
					"pivot": [0.17448, 29, 4.00381],
					"cubes": [
						{
							"origin": [-5.82552, 23, 8.00381],
							"size": [12, 12, 0],
							"uv": {
								"north": {"uv": [1.984, 23.979], "uv_size": [495.973, 501.593]},
								"east": {"uv": [0, 0], "uv_size": [500, 1298]},
								"south": {"uv": [1.983, 23.979], "uv_size": [0, 0]},
								"west": {"uv": [0, 0], "uv_size": [500, 1298]},
								"up": {"uv": [0, 1298], "uv_size": [500, -1298]},
								"down": {"uv": [500, 1298], "uv_size": [-500, -1298]}
							}
						}
					]
				},
				{
					"name": "hand",
					"parent": "overlay",
					"pivot": [-0.02552, 27.5, 4.40381],
					"cubes": [
						{
							"origin": [-2.72552, 25.8, 8.40381],
							"size": [5.5, 5, 0],
							"uv": {
								"north": {"uv": [0, 0], "uv_size": [0, 0]},
								"east": {"uv": [0, 0], "uv_size": [500, 1298]},
								"south": {"uv": [114.964, 1047.957], "uv_size": [252.885, 249.488]},
								"west": {"uv": [0, 0], "uv_size": [500, 1298]},
								"up": {"uv": [0, 1298], "uv_size": [500, -1298]},
								"down": {"uv": [500, 1298], "uv_size": [-500, -1298]}
							}
						}
					]
				}
			]
		}
	]
}