{
	"format_version": "1.12.0",
	"minecraft:geometry": [
		{
			"description": {
				"identifier": "geometry.sabotage_communication",
				"texture_width": 128,
				"texture_height": 128,
				"visible_bounds_width": 5,
				"visible_bounds_height": 2.5,
				"visible_bounds_offset": [0, 0.75, 0]
			},
			"bones": [
				{
					"name": "waist",
					"pivot": [0, 0, 0]
				},
				{
					"name": "pc",
					"parent": "waist",
					"pivot": [-18, 0, 2],
					"rotation": [0, -12.5, 0],
					"cubes": [
						{"origin": [-31, 3, -3], "size": [26, 20, 2], "uv": [0, 0]},
						{"origin": [-29, 5, -1], "size": [22, 16, 2], "uv": [0, 22]},
						{"origin": [-28, 6, 1], "size": [20, 14, 3], "uv": [0, 40]},
						{"origin": [-21, 1, 2], "size": [6, 9, 3], "uv": [56, 7]},
						{"origin": [-24, 0, -1], "size": [12, 1, 7], "uv": [43, 33]}
					]
				},
				{
					"name": "radio",
					"parent": "waist",
					"pivot": [14, 0, 0],
					"rotation": [0, 25, 0],
					"cubes": [
						{"origin": [7, 0, -3], "size": [14, 10, 7], "uv": [46, 46]},
						{"origin": [7, 9, 0], "size": [14, 6, 2], "inflate": 0.1, "pivot": [14, 9, 1], "rotation": [-132.5, 0, 0], "uv": [48, 22]}
					]
				},
				{
					"name": "headphone",
					"parent": "radio",
					"pivot": [14, 10, 3],
					"rotation": [-10, 0, 0],
					"cubes": [
						{"origin": [10, 10, 0], "size": [8, 2, 5], "uv": [56, 0]},
						{"origin": [16, 9, -4], "size": [3, 4, 4], "uv": [14, 57]},
						{"origin": [9, 9, -4], "size": [3, 4, 4], "uv": [0, 57]}
					]
				}
			]
		}
	]
}