{
	"format_version": "1.12.0",
	"minecraft:geometry": [
		{
			"description": {
				"identifier": "geometry.scan",
				"texture_width": 128,
				"texture_height": 128,
				"visible_bounds_width": 3,
				"visible_bounds_height": 1.5,
				"visible_bounds_offset": [0, 0.25, 0]
			},
			"bones": [
				{
					"name": "waist",
					"pivot": [0, 0, 0],
					"cubes": [
						{"origin": [-15, 0, -3], "size": [4, 6, 6], "uv": [0, 0]},
						{"origin": [11, 0, -3], "size": [4, 6, 6], "uv": [0, 0]},
						{"origin": [-3, 0, -15], "size": [6, 6, 4], "uv": [0, 12]},
						{"origin": [-3, 0, 11], "size": [6, 6, 4], "uv": [0, 12]},
						{"origin": [-12, 0, -12], "size": [24, 5, 24], "uv": [0, 0]}
					]
				},
				{
					"name": "scan",
					"parent": "waist",
					"pivot": [0, 4, 0],
					"cubes": [
						{"origin": [-9, 4, -9], "size": [18, 0, 18], "uv": [0, 29]}
					]
				}
			]
		}
	]
}