{
	"format_version": "1.12.0",
	"minecraft:geometry": [
		{
			"description": {
				"identifier": "geometry.security_screen",
				"texture_width": 128,
				"texture_height": 128,
				"visible_bounds_width": 6,
				"visible_bounds_height": 4,
				"visible_bounds_offset": [0, 1, 0]
			},
			"bones": [
				{
					"name": "bone",
					"pivot": [0, 0, 16],
					"cubes": [
						{"origin": [-11, 0, -1], "size": [14, 1, 7], "uv": [52, 43]},
						{"origin": [7, 0, 0], "size": [3, 2, 4], "uv": [36, 58]}
					]
				},
				{
					"name": "screen",
					"parent": "bone",
					"pivot": [0, 0, 15],
					"rotation": [7.5, 0, 0],
					"cubes": [
						{"origin": [-15, 1, 13], "size": [30, 25, 2], "uv": [0, 0]}
					]
				},
				{
					"name": "second_screen",
					"parent": "screen",
					"pivot": [24, 7.51498, 3.88582],
					"rotation": [0, 25, 0],
					"cubes": [
						{"origin": [16, 7.51498, 3.88582], "size": [16, 14, 2], "uv": [0, 58]},
						{"origin": [1, -9.48502, 4.88582], "size": [26, 31, 0], "pivot": [24, 7.51498, 3.88582], "rotation": [-7.5, 0, 0], "uv": [0, 27]}
					]
				},
				{
					"name": "second_screen2",
					"parent": "screen",
					"pivot": [-24, 7.51498, 3.88582],
					"rotation": [0, -25, 0],
					"cubes": [
						{"origin": [-32, 7.51498, 3.88582], "size": [16, 14, 2], "uv": [52, 27]},
						{"origin": [-25.94484, -8.48661, 4.87369], "size": [22, 31, 0], "pivot": [-24, 7.51498, 3.88582], "rotation": [-7.5, 0, 0], "uv": [52, 52]}
					]
				}
			]
		}
	]
}