{
	"format_version": "1.12.0",
	"minecraft:geometry": [
		{
			"description": {
				"identifier": "geometry.shield_power",
				"texture_width": 64,
				"texture_height": 64,
				"visible_bounds_width": 2,
				"visible_bounds_height": 4.5,
				"visible_bounds_offset": [0, 1.75, 0]
			},
			"bones": [
				{
					"name": "waist",
					"pivot": [0, 0, 0],
					"cubes": [
						{"origin": [-5, 0, -5], "size": [10, 46, 10], "uv": [0, 0]}
					]
				},
				{
					"name": "middle",
					"parent": "waist",
					"pivot": [0, 0, 0],
					"cubes": [
						{"origin": [-5, 5, 0], "size": [10, 36, 0], "uv": [44, 0]},
						{"origin": [-5, 5, 0], "size": [10, 36, 0], "pivot": [0, 6, 0], "rotation": [0, -92.5, 0], "uv": [44, 0]}
					]
				}
			]
		}
	]
}