{
	"format_version": "1.12.0",
	"minecraft:geometry": [
		{
			"description": {
				"identifier": "geometry.slime_monster",
				"texture_width": 32,
				"texture_height": 32,
				"visible_bounds_width": 2,
				"visible_bounds_height": 1.5,
				"visible_bounds_offset": [0, 0.25, 0]
			},
			"bones": [
				{
					"name": "waist",
					"pivot": [0, 0, 0],
					"cubes": [
						{"origin": [-2, 0, -2], "size": [4, 6, 4], "uv": [0, 0]},
						{"origin": [1, 0, 1], "size": [2, 1, 2], "pivot": [2, 1, 2], "rotation": [-10, 45, 0], "uv": [24, 6]},
						{"origin": [-3, 0, 1], "size": [2, 1, 2], "pivot": [-2, 1, 2], "rotation": [-10, -45, 0], "uv": [24, 9], "mirror": true},
						{"origin": [-3, 0, -3], "size": [2, 1, 2], "pivot": [-2, 1, -2], "rotation": [10, 45, 0], "uv": [24, 0], "mirror": true},
						{"origin": [1, 0, -3], "size": [2, 1, 2], "pivot": [2, 1, -2], "rotation": [10, -45, 0], "uv": [24, 3]},
						{"origin": [0, 6, -0.5], "size": [2, 2, 1], "pivot": [0, 6, 0], "rotation": [-15, -47.5, 20], "uv": [0, 14]},
						{"origin": [-1.5, 2.5, -2.7], "size": [3, 3, 1], "uv": [0, 10]}
					]
				}
			]
		}
	]
}