{
	"format_version": "1.12.0",
	"minecraft:geometry": [
		{
			"description": {
				"identifier": "geometry.small_crate",
				"texture_width": 128,
				"texture_height": 128,
				"visible_bounds_width": 3,
				"visible_bounds_height": 3.5,
				"visible_bounds_offset": [0, 1.25, 0]
			},
			"bones": [
				{
					"name": "waist",
					"pivot": [0, 0, 0],
					"cubes": [
						{"origin": [-8, 0, -8], "size": [16, 16, 16], "uv": [0, 0]}
					]
				},
				{
					"name": "computer",
					"parent": "waist",
					"pivot": [0, 16, 0],
					"cubes": [
						{"origin": [-6, 16, -7], "size": [12, 1, 9], "uv": [0, 32]}
					]
				},
				{
					"name": "bone",
					"parent": "computer",
					"pivot": [0, 16.6, 1.6],
					"cubes": [
						{"origin": [-6, 16.13908, 0.87803], "size": [12, 9, 1], "inflate": 0.001, "pivot": [0, 15.13908, 0.87803], "rotation": [-7.5, 0, 0], "uv": [41, 41]}
					]
				}
			]
		}
	]
}