{
	"format_version": "1.12.0",
	"minecraft:geometry": [
		{
			"description": {
				"identifier": "geometry.space",
				"texture_width": 128,
				"texture_height": 128,
				"visible_bounds_width": 48,
				"visible_bounds_height": 30,
				"visible_bounds_offset": [0, 2, 0]
			},
			"bones": [
				{
					"name": "waist",
					"pivot": [0, 0, 0]
				},
				{
					"name": "waist2",
					"parent": "waist",
					"pivot": [-6, 0, -1],
					"rotation": [0, 90, 0],
					"cubes": [
						{
							"origin": [-10, 0, -53],
							"size": [1, 128, 128],
							"uv": {
								"north": {"uv": [0, 0], "uv_size": [1, 128]},
								"east": {"uv": [0, 0], "uv_size": [128, 128]},
								"south": {"uv": [0, 0], "uv_size": [1, 128]},
								"west": {"uv": [0, 0], "uv_size": [128, 128]},
								"up": {"uv": [1, 128], "uv_size": [-1, -128]},
								"down": {"uv": [1, 128], "uv_size": [-1, -128]}
							}
						}
					]
				},
				{
					"name": "waist4",
					"parent": "waist",
					"pivot": [186, 0, -188],
					"rotation": [0, 90, 0]
				},
				{
					"name": "waist3",
					"parent": "waist",
					"pivot": [186, 0, -190],
					"rotation": [0, 90, 0]
				}
			]
		}
	]
}