{
	"format_version": "1.12.0",
	"minecraft:geometry": [
		{
			"description": {
				"identifier": "geometry.spacedog",
				"texture_width": 32,
				"texture_height": 32,
				"visible_bounds_width": 2,
				"visible_bounds_height": 2.5,
				"visible_bounds_offset": [0, 0.75, 0]
			},
			"bones": [
				{
					"name": "waist",
					"pivot": [0, 0, 0],
					"cubes": [
						{"origin": [-2, 2, -3], "size": [4, 3, 6], "uv": [0, 0]}
					]
				},
				{
					"name": "head",
					"parent": "waist",
					"pivot": [0, 4, -3],
					"cubes": [
						{"origin": [-2, 2, -5], "size": [4, 4, 3], "inflate": 0.01, "uv": [0, 9]},
						{"origin": [1, 6, -3], "size": [3, 2, 0], "pivot": [2, 7, -3], "rotation": [0, 0, -10], "uv": [0, 3]},
						{"origin": [-4, 6, -3], "size": [3, 2, 0], "pivot": [-2, 7, -3], "rotation": [0, 0, 10], "uv": [0, 3], "mirror": true},
						{"origin": [-2, 3, -5], "size": [4, 2, 2], "inflate": -0.01, "uv": [0, 20]},
						{"origin": [-1.5, 5, -5.1], "size": [3, 3, 3], "uv": [11, 13]},
						{"origin": [-1, 5.5, -5.2], "size": [2, 2, 0], "uv": [0, 27]}
					]
				},
				{
					"name": "bone",
					"parent": "head",
					"pivot": [-2, 3, -3.5],
					"cubes": [
						{"origin": [-4, 3, -4], "size": [2, 0, 1], "inflate": -0.01, "pivot": [-2, 3, -4], "rotation": [0, 0, -55], "uv": [0, 0]}
					]
				},
				{
					"name": "tail",
					"parent": "waist",
					"pivot": [0, 5, 3],
					"rotation": [40, 0, 0],
					"cubes": [
						{"origin": [-0.5, 5, 3], "size": [1, 0, 3], "uv": [24, 0]}
					]
				},
				{
					"name": "paw",
					"parent": "waist",
					"pivot": [1.5, 2, -1.5],
					"cubes": [
						{"origin": [1, 0, -2], "size": [1, 2, 1], "inflate": 0.01, "uv": [14, 0]}
					]
				},
				{
					"name": "paw2",
					"parent": "waist",
					"pivot": [-1.5, 2, -1.5],
					"cubes": [
						{"origin": [-2, 0, -2], "size": [1, 2, 1], "inflate": 0.01, "uv": [14, 0], "mirror": true}
					]
				},
				{
					"name": "paw3",
					"parent": "waist",
					"pivot": [-1.5, 2, 2.5],
					"cubes": [
						{"origin": [-2, 0, 2], "size": [1, 2, 1], "inflate": 0.01, "uv": [14, 0], "mirror": true}
					]
				},
				{
					"name": "paw4",
					"parent": "waist",
					"pivot": [1.5, 2, 2.5],
					"cubes": [
						{"origin": [1, 0, 2], "size": [1, 2, 1], "inflate": 0.01, "uv": [14, 0], "mirror": true}
					]
				}
			]
		}
	]
}