{
	"format_version": "1.12.0",
	"minecraft:geometry": [
		{
			"description": {
				"identifier": "geometry.stabilize_steering",
				"texture_width": 128,
				"texture_height": 128,
				"visible_bounds_width": 4,
				"visible_bounds_height": 2.5,
				"visible_bounds_offset": [0, 0.75, 0]
			},
			"bones": [
				{
					"name": "waist",
					"pivot": [0, 0, 0],
					"cubes": [
						{"origin": [-16, 0, 1], "size": [32, 12, 7], "uv": [0, 16]},
						{"origin": [16, 0, 1], "size": [19, 12, 7], "pivot": [16, 0, 8], "rotation": [0, 67.5, 0], "uv": [45, 47]},
						{"origin": [-35, 0, 1], "size": [19, 12, 7], "pivot": [-16, 0, 8], "rotation": [0, -67.5, 0], "uv": [0, 35]},
						{"origin": [17, 12, -2], "size": [18, 4, 10], "inflate": 0.01, "pivot": [16, 12, 8], "rotation": [25, 67.5, 0], "uv": [56, 66]},
						{"origin": [-36.46263, 12.3881, -1.73681], "size": [18, 4, 10], "inflate": 0.01, "pivot": [-16.46263, 12.3881, 9.26319], "rotation": [24.3, -67.5, 0], "uv": [0, 66]},
						{"origin": [-15, 12, -4], "size": [30, 4, 12], "inflate": 0.01, "pivot": [0, 12, 8], "rotation": [22.5, 0, 0], "uv": [0, 0]},
						{"origin": [2, 0, -7], "size": [2, 5, 2], "uv": [45, 35]},
						{"origin": [-4, 0, -7], "size": [2, 5, 2], "uv": [45, 35], "mirror": true},
						{"origin": [2, 5, -7], "size": [2, 9, 2], "pivot": [3, 5, -5], "rotation": [12.5, 0, 0], "uv": [0, 0]},
						{"origin": [-4, 5, -7], "size": [2, 9, 2], "pivot": [-3, 5, -5], "rotation": [12.5, 0, 0], "uv": [0, 0], "mirror": true}
					]
				}
			]
		}
	]
}