{
	"format_version": "1.12.0",
	"minecraft:geometry": [
		{
			"description": {
				"identifier": "geometry.start_reactor",
				"texture_width": 64,
				"texture_height": 64,
				"visible_bounds_width": 3,
				"visible_bounds_height": 2.5,
				"visible_bounds_offset": [0, 0.75, 0]
			},
			"bones": [
				{
					"name": "waist",
					"pivot": [0, 0, 0],
					"cubes": [
						{"origin": [-6.5, 0, -6], "size": [13, 7, 14], "uv": [0, 21]},
						{"origin": [-6.5, 0, 7], "size": [13, 11.75, 3], "inflate": 0.01, "uv": [0, 42]},
						{"origin": [-6.5, 0, -6], "size": [13, 7, 14], "inflate": -0.001, "pivot": [0, 7, -6], "rotation": [20, 0, 0], "uv": [0, 0]}
					]
				}
			]
		}
	]
}