{
	"format_version": "1.12.0",
	"minecraft:geometry": [
		{
			"description": {
				"identifier": "geometry.swipe_card",
				"texture_width": 128,
				"texture_height": 128,
				"visible_bounds_width": 4,
				"visible_bounds_height": 1.5,
				"visible_bounds_offset": [0, 0.25, 0]
			},
			"bones": [
				{
					"name": "waist",
					"pivot": [0, 0, 2],
					"cubes": [
						{"origin": [-17, 0, -6.5], "size": [24, 1, 13], "uv": [0, 0]},
						{"origin": [7, -2, -7.5], "size": [10, 3, 14], "uv": [0, 14]}
					]
				}
			]
		}
	]
}