{
	"format_version": "1.12.0",
	"minecraft:geometry": [
		{
			"description": {
				"identifier": "geometry.tv_communications",
				"texture_width": 64,
				"texture_height": 64,
				"visible_bounds_width": 3,
				"visible_bounds_height": 2.5,
				"visible_bounds_offset": [0, 0.75, 0]
			},
			"bones": [
				{
					"name": "waist",
					"pivot": [0, 0, 0],
					"cubes": [
						{"origin": [-9, 0, -5], "size": [18, 1, 8], "uv": [0, 19]},
						{"origin": [-2, 0, 3], "size": [5, 0, 3], "uv": [11, 28]},
						{"origin": [-2.5, 0, 6], "size": [5, 11, 2], "uv": [0, 28]},
						{"origin": [-13, 4, 5], "size": [26, 17, 2], "uv": [0, 0]}
					]
				}
			]
		}
	]
}