{
	"format_version": "1.12.0",
	"minecraft:geometry": [
		{
			"description": {
				"identifier": "geometry.unlock_manifolds",
				"texture_width": 32,
				"texture_height": 32,
				"visible_bounds_width": 2,
				"visible_bounds_height": 2.5,
				"visible_bounds_offset": [0, 0.75, 0]
			},
			"bones": [
				{
					"name": "bone",
					"pivot": [0, 0, 0],
					"cubes": [
						{"origin": [-6, 7, -1], "size": [12, 6, 1], "uv": [0, 0]},
						{"origin": [-5, 6, 0], "size": [3, 8, 2], "uv": [10, 10]},
						{"origin": [-7, 0, 1], "size": [5, 16, 0], "uv": [0, 7]},
						{"origin": [-4, 0, 0.5], "size": [1, 6, 1], "inflate": 0.3, "uv": [19, 19]}
					]
				}
			]
		}
	]
}