{
	"format_version": "1.12.0",
	"minecraft:geometry": [
		{
			"description": {
				"identifier": "geometry.vent",
				"texture_width": 71,
				"texture_height": 45,
				"visible_bounds_width": 3,
				"visible_bounds_height": 2,
				"visible_bounds_offset": [0, 0, 0]
			},
			"bones": [
				{
					"name": "waist",
					"pivot": [0, 0, 0]
				},
				{
					"name": "vent",
					"parent": "waist",
					"pivot": [0, 0, 6],
					"cubes": [
						{
							"origin": [-11, -0.9, 6],
							"size": [22, 1, 16],
							"pivot": [0, -0.9, 7],
							"rotation": [0, 180, 0],
							"uv": {
								"north": {"uv": [0, 0], "uv_size": [0, 0]},
								"east": {"uv": [0, 0], "uv_size": [0, 0]},
								"south": {"uv": [0, 0], "uv_size": [0, 0]},
								"west": {"uv": [0, 0], "uv_size": [0, 0]},
								"up": {"uv": [65.993, 36.987], "uv_size": [-57.994, -30.987]},
								"down": {"uv": [7.999, 6], "uv_size": [0, 0]}
							}
						}
					]
				}
			]
		}
	]
}