{
   "format_version" : "1.14.0",
   "sound_definitions" : {
      "music.elevator" : {
         "category" : "hostile",
         "sounds" : [
            "sounds/music/local_forecast_elevator"
         ]
      },
      "music.impostor.kill" : {
         "category" : "music",
         "sounds" : [
            "sounds/music/impostor/impostor_killMusic"
         ]
      },
      "music.game.main_ambience" : {
         "category" : "music",
         "sounds" : [
			 {
				"name": "sounds/music/game/ambience_Mainambience",
				"volume": 0.5
			 }
         ]
      },
      "music.game.start" : {
         "category" : "music",
         "sounds" : [
            "sounds/music/game/Roundstart_MAIN"
         ]
      },
      "music.game.emergency_meeting" : {
         "category" : "music",
         "sounds" : [
            "sounds/music/game/alarm_emergencymeeting"
         ]
      },
      "music.game.sabotage" : {
         "category" : "music",
         "sounds" : [
            "sounds/music/game/Alarm_sabotage"
         ]
      },
      "music.game.vote" : {
         "category" : "music",
         "sounds" : [
            "sounds/music/game/votescreen_lockin"
         ]
      },
      "music.game.skip" : {
         "category" : "music",
         "sounds" : [
            "sounds/music/game/votescreen_avote"
         ]
      },
      "music.game.task_complete" : {
         "category" : "music",
         "sounds" : [
            "sounds/music/game/task_Complete"
         ]
      },
      "music.game.task_in_progress" : {
         "category" : "music",
         "sounds" : [
            "sounds/music/game/task_Inprogress"
         ]
      },
      "music.game.victory_crew" : {
         "category" : "music",
         "sounds" : [
            "sounds/music/game/victory_crew"
         ]
      },
      "music.game.victory_disconnect" : {
         "category" : "music",
         "sounds" : [
            "sounds/music/game/victory_disconnect"
         ]
      },
      "music.game.victory_impostor" : {
         "category" : "music",
         "sounds" : [
            "sounds/music/game/victory_impostor"
         ]
      },
      "music.game.dead_body_reported" : {
         "category" : "music",
         "sounds" : [
            "sounds/music/game/report_Bobdyfound"
         ]
      },
      "effect.game.bev_button" : {
         "category" : "music",
         "sounds" : [
            "sounds/effect/game/panel_beverageButton"
         ]
      },
      "effect.game.med_button" : {
         "category" : "music",
         "sounds" : [
            "sounds/effect/game/panel_med_button"
         ]
      },
      "effect.game.engine_room" : {
         "category" : "neutral",
         "sounds" : [
            "sounds/effect/game/AMB_EngineRoom"
         ]
      },
      "effect.game.engine_steam" : {
         "category" : "neutral",
         "sounds" : [
            "sounds/effect/game/AMB_EngineSteam"
         ]
      },
      "effect.game.card_hold" : {
         "category" : "music",
         "sounds" : [
            "sounds/effect/game/panel_admin_cardmove1",
            "sounds/effect/game/panel_admin_cardmove2",
            "sounds/effect/game/panel_admin_cardmove3"
         ]
      },
      "effect.game.reactor_hold" : {
         "category" : "music",
         "sounds" : [
            "sounds/effect/game/panel_reactorhand"
         ]
      },
      "effect.game.scan" : {
         "category" : "neutral",
         "sounds" : [
            "sounds/effect/game/panel_medbayscan"
         ]
      },
      "effect.game.panel_security_change" : {
         "category" : "music",
         "sounds" : [
            "sounds/effect/game/panel_securityChange"
         ]
      },
      "effect.game.panel_weapon_fire" : {
         "category" : "music",
         "sounds" : [
            "sounds/effect/game/panel_weaponfire"
         ]
      },
      "effect.game.panel_generic_appear" : {
         "category" : "music",
         "sounds" : [
            "sounds/effect/game/Panel_GenericAppear"
         ]
      },
      "effect.game.swipe_denied" : {
         "category" : "music",
         "sounds" : [
            "sounds/effect/game/panel_admin_carddeny"
         ]
      },
      "effect.game.swipe_accept" : {
         "category" : "music",
         "sounds" : [
            "sounds/effect/game/panel_admin_cardaccept"
         ]
      },
      "effect.game.garbage" : {
         "category" : "music",
         "sounds" : [
            "sounds/effect/game/garbage"
         ]
      },
      "effect.impostor.kill" : {
         "category" : "music",
         "sounds" : [
            "sounds/effect/impostor/impostor_kill"
         ]
      },
      "effect.impostor.kill_alien" : {
         "category" : "music",
         "sounds" : [
            "sounds/effect/impostor/Kill_Alien"
         ]
      },
      "effect.vent.move" : {
         "category" : "music",
         "sounds" : [
            "sounds/effect/vent/vent_move1",
            "sounds/effect/vent/vent_move2",
            "sounds/effect/vent/vent_move3"
         ]
      },
      "effect.vent.open" : {
         "category" : "music",
         "sounds" : [
            "sounds/effect/vent/vent_open"
         ]
      },
      "effect.game.player_spawn" : {
         "category" : "music",
         "sounds" : [
            "sounds/effect/game/Player_SpawnIn2"
         ]
      },
      "effect.game.select" : {
         "category" : "music",
         "sounds" : [
            "sounds/effect/game/UI_Select"
         ]
      },
      "effect.game.step_metal" : {
         "category" : "music",
         "sounds" : [
            "sounds/effect/footstep/FootstepMetal01",
            "sounds/effect/footstep/FootstepMetal02",
            "sounds/effect/footstep/FootstepMetal03"
         ]
      },
      "effect.game.step_tile" : {
         "category" : "music",
         "sounds" : [
            "sounds/effect/footstep/FootstepTile01",
            "sounds/effect/footstep/FootstepTile02",
            "sounds/effect/footstep/FootstepTile03"
         ]
      },
      "step.bone_block" : {
         "category" : "music",
		 "replace": true,
         "sounds" : [
            "sounds/effect/footstep/FootstepMetal01",
            "sounds/effect/footstep/FootstepMetal02",
            "sounds/effect/footstep/FootstepMetal03"
         ]
      },
      "step.coral" : {
         "category" : "music",
		 "replace": true,
         "sounds" : [
            "sounds/effect/footstep/FootstepMetal01",
            "sounds/effect/footstep/FootstepMetal02",
            "sounds/effect/footstep/FootstepMetal03"
         ]
      },
      "step.wood" : {
         "category" : "music",
		 "replace": true,
         "sounds" : [
            "sounds/effect/footstep/FootstepMetal01",
            "sounds/effect/footstep/FootstepMetal02",
            "sounds/effect/footstep/FootstepMetal03"
         ]
      },
      "step.stone" : {
         "category" : "music",
		 "replace": true,
         "sounds" : [
            "sounds/effect/footstep/FootstepMetal01",
            "sounds/effect/footstep/FootstepMetal02",
            "sounds/effect/footstep/FootstepMetal03"
         ]
      },
      "step.nether_brick" : {
         "category" : "music",
		 "replace": true,
         "sounds" : [
            "sounds/effect/footstep/FootstepMetal01",
            "sounds/effect/footstep/FootstepMetal02",
            "sounds/effect/footstep/FootstepMetal03"
         ]
      },
      "random.click" : {
         "replace" : true,
         "category" : "ui",
         "sounds" : [
            "sounds/effect/game/UI_Select"
         ]
      },
      "music.game" : {
         "replace" : true,
         "category" : "music",
         "sounds" : [
            "sounds/effect/game"
         ]
      },
      "music.game.creative" : {
         "replace" : true,
         "category" : "music",
         "sounds" : [
            "sounds/effect/game"
         ]
      }
   }
}
