{
  "format_version": "1.16.0",
  "minecraft:entity": {
    "description": {
      "identifier": "js:stabilize_steering",
      "is_spawnable": true,
      "is_summonable": true,
      "is_experimental": false,
			"scripts": {
				"animate": [
					"stabilize_steering"
				]
			},
			"animations": {
				"stabilize_steering": "controller.animation.stabilize_steering"
			}
    },
	
	"component_groups": {
	  "js:not_in_use": {
		"minecraft:interact": {
			"interactions": [
			  {
				"hurt_item": 0,
				"interact_text": "Remove",
				"on_interact": {
				  "filters": {
					"all_of": [
					  {
						"test": "has_equipment",
						"subject": "other",
						"operator": "==",
						"value": "minecraft:barrier"
					  }
					]
				  },
				  "event": "js:remove",
				  "target": "self"
				},
				"play_sounds": "look",
				"swing": true,
				"use_item": false
			  },
			  {
				"hurt_item": 0,
				"interact_text": "Stabilize Steering",
				"on_interact": {
				  "filters": {
					"any_of": [
						{
							"all_of": [
							  {
								"test": "has_tag",
								"subject": "other",
								"operator": "==",
								"value": "Crewmate"
							  },
							  {
								"test": "has_tag",
								"subject": "other",
								"operator": "!=",
								"value": "Impostor"
							  },
							  {
								"test": "has_tag",
								"subject": "other",
								"operator": "==",
								"value": "task33"
							  },
							  {
								"test": "has_tag",
								"subject": "other",
								"operator": "!=",
								"value": "task33_done"
							  }
							]
						}
					]
				  },
				  "event": "js:fix_wiring",
				  "target": "self"
				},
				"play_sounds": "look",
				"swing": true,
				"use_item": false
			  }
			]
		}
	  },
	  "js:fix_wiring": {
		  "minecraft:is_saddled": {
		  },
          "minecraft:timer": {
            "looping": false,
            "time": 2,
            "time_down_event": {
                "event": "js:fix_wiring_done"
            }
         }
	  },
	  "js:remove": {
		"minecraft:instant_despawn": {}
	  }
	},
	
    "components": {
	  "minecraft:type_family": {
	    "family": [ "task" ]
	  },
      "minecraft:scale": {
        "value": 1.0
      },
	  "minecraft:collision_box": {
	    "width": 0.6,
	    "height": 0.6
	  },
	  "minecraft:health": {
	    "value": 1
	  },
	  "minecraft:push_through": {
	    "value": 1.0
	  },
	  "minecraft:friction_modifier": {
	    "value": -1.0
	  },
	  "minecraft:damage_sensor": {
			"triggers": [
				{
					"cause": "all",
					"deals_damage": false
				}
			]
	   },
      "minecraft:pushable": {
        "is_pushable": false,
        "is_pushable_by_piston": true
      },
	  "minecraft:physics": {
		"has_gravity": false
	  }
    },
	
	"events": {
	"minecraft:entity_spawned": {
	    "add": {
		  "component_groups": [
			"js:not_in_use"
		  ]
		}
	  },
	  "js:remove": {
		"add": {
		  "component_groups": [
			"js:remove"
		  ]
		}
	  },
	  "not_in_use": {
		"add": {
		  "component_groups": [
			"js:not_in_use"
		  ]
		},
		"remove": {
		  "component_groups": [
			"js:in_use"
		  ]
		}
	  },
	  "js:fix_wiring": {
		"add": {
		  "component_groups": [
			"js:fix_wiring"
		  ]
		},
		"remove": {
		  "component_groups": [
			"js:not_in_use"
		  ]
		}
	  },
	  "js:fix_wiring_done": {
		"remove": {
		  "component_groups": [
			"js:fix_wiring"
		  ]
		},
		"add": {
		  "component_groups": [
			"js:not_in_use"
		  ]
		}
	  }
	}
  }
}