{
	"resource_pack_name": "among_us_addon",
	"texture_name": "atlas.items",
	"texture_data": {
		"crewmate": { "textures": "textures/items/crewmate" },
		"crewmate_aqua": { "textures": "textures/items/crewmates/crewmate_aqua" },
		"crewmate_purple": { "textures": "textures/items/crewmates/crewmate_purple" },
		"crewmate_yellow": { "textures": "textures/items/crewmates/crewmate_yellow" },
		"crewmate_black": { "textures": "textures/items/crewmates/crewmate_black" },
		"crewmate_blue": { "textures": "textures/items/crewmates/crewmate_blue" },
		"crewmate_brown": { "textures": "textures/items/crewmates/crewmate_brown" },
		"crewmate_green": { "textures": "textures/items/crewmates/crewmate_green" },
		"crewmate_lime": { "textures": "textures/items/crewmates/crewmate_lime" },
		"crewmate_orange": { "textures": "textures/items/crewmates/crewmate_orange" },
		"crewmate_pink": { "textures": "textures/items/crewmates/crewmate_pink" },
		"crewmate_red": { "textures": "textures/items/crewmates/crewmate_red" },
		"crewmate_white": { "textures": "textures/items/crewmates/crewmate_white" },
		"crewmate_mango": { "textures": "textures/items/crewmates/crewmate_mango" },
		"crewmate_apple": { "textures": "textures/items/crewmates/crewmate_apple" },
		"crewmate_dydyoof": { "textures": "textures/items/crewmates/crewmate_dydyoof" },
		"crewmate_hywel": { "textures": "textures/items/crewmates/crewmate_hywel" },
		"check_box": { "textures": "textures/items/check_box" },
		"cross_button": { "textures": "textures/items/cross_button" },
		"vent_button": { "textures": "textures/items/vent_button" },
		"vent": { "textures": "textures/props/vent" },
		"fuel_tank": { "textures": "textures/items/fuel_tank" },
		"shield_inactive": { "textures": "textures/items/shield_inactive" },
		"shield_active": { "textures": "textures/items/shield_active" },
		"card": { "textures": "textures/items/card" },
		"no_u": { "textures": "textures/items/no_u" },
		"tasks": { "textures": "textures/items/tasks" },
		"fake_task": { "textures": "textures/items/fake_task" },
		"weapons": { "textures": "textures/items/weapons" },
		"security": { "textures": "textures/items/security" },
		"thumbs_up": { "textures": "textures/items/thumbs_up" },
		"thumbs_down": { "textures": "textures/items/thumbs_down" },
		"nais": { "textures": "textures/items/nais" },
		"lights": { "textures": "textures/items/lights" },
		"o2": { "textures": "textures/items/o2" },
		"pizza": { "textures": "textures/items/pizza" },
		"o2_1": { "textures": "textures/items/o2_1" },
		"o2_2": { "textures": "textures/items/o2_2" },
		"o2_3": { "textures": "textures/items/o2_3" },
		"o2_4": { "textures": "textures/items/o2_4" },
		"o2_5": { "textures": "textures/items/o2_5" },
		"o2_6": { "textures": "textures/items/o2_6" },
		"o2_7": { "textures": "textures/items/o2_7" },
		"o2_8": { "textures": "textures/items/o2_8" },
		"o2_9": { "textures": "textures/items/o2_9" },
		"reactor_terminal": { "textures": "textures/items/reactor_terminal" },
		"reactor": { "textures": "textures/items/reactor" },
		"comms": { "textures": "textures/items/comms" },
		"arrow_button": { "textures": "textures/items/arrow" },
		"impostor": { "textures": "textures/items/impostor" }
	}
}
				