{
  "format_version": "1.10.0",
  "minecraft:client_entity": {
    "description": {
      "identifier": "js:asteroid_2",
      "materials": {
		"default": "npc"
      },
      "textures": {
        "default": "textures/props/weapons/asteroid_1",
        "asteroid_2": "textures/props/weapons/asteroid_2",
        "asteroid_3": "textures/props/weapons/asteroid_3",
        "asteroid_4": "textures/props/weapons/asteroid_4",
        "asteroid_5": "textures/props/weapons/asteroid_5"
      },
      "geometry": {
        "default": "geometry.asteroid_1"
      },
      "scripts": {
		"pre_animation": [
			"variable.random = math.round(math.random(0,3));"
		],
        "animate": [
          "asteroid_cont"
        ]
      },
      "animations": {
		"general1": "animation.asteroid.general1",
		"general2": "animation.asteroid.general2",
		"general3": "animation.asteroid.general3",
		"general4": "animation.asteroid.general4",
		
        "asteroid_cont": "controller.animation.asteroid.general"
      },
      "render_controllers": [ 
		"controller.render.asteroid"
	   ]
    }
  }
}