{
  "format_version": "1.10.0",
  "minecraft:client_entity": {
    "description": {
      "identifier": "js:chair",
      "materials": {
		"default": "npc"
      },
      "textures": {
        "default": "textures/props/chairs/admin",
        "communications": "textures/props/chairs/communications",
        "lobby": "textures/props/chairs/lobby",
        "navigation": "textures/props/chairs/navigation",
        "security": "textures/props/chairs/security"
      },
      "geometry": {
        "default": "geometry.chair"
      },
      "render_controllers": [ 
		"controller.render.chair"
	   ]
    }
  }
}