{
  "format_version": "1.10.0",
  "minecraft:client_entity": {
    "description": {
      "identifier": "js:crate",
      "materials": {
		"default": "npc"
      },
      "textures": {
        "default": "textures/props/crate"
      },
      "geometry": {
        "default": "geometry.crate"
      },
      "scripts": {
        "animate": [
          "general"
        ]
      },
      "animations": {
        "general": "animation.crate.general"
      },
      "render_controllers": [ 
		"controller.render.default"
	   ]
    }
  }
}