{
  "format_version": "1.10.0",
  "minecraft:client_entity": {
    "description": {
      "identifier": "js:crewmate_demon",
      "materials": {
		"default": "npc"
      },
      "textures": {
        "default": "textures/crewmate/bendy18",
        "two": "textures/crewmate/inkbendy"
      },
      "geometry": {
        "default": "geometry.crewmatedemon"
      },
      "scripts": {
        "animate": [
			"vent_rot",
			"crewmate_general"
        ]
      },
      "animations": {
        "vent_rot": "animation.vent.general",
        "crewmate_general": "animation.crewmate.general"
      },
      "render_controllers": [ 
		"controller.render.two"
	   ]
    }
  }
}