{
  "format_version": "1.10.0",
  "minecraft:client_entity": {
    "description": {
      "identifier": "js:emergency_button",
      "materials": {
		"default": "slime_outer"
      },
      "textures": {
        "default": "textures/props/emergency_button"
      },
      "geometry": {
        "default": "geometry.emergency_button"
      },
      "scripts": {
        "animate": [
          "button",
          "general"
        ]
      },
      "animations": {
        "off": "animation.emergency_button.off",
        "on": "animation.emergency_button.on",
        "press": "animation.emergency_button.press",
		
		"button": "controller.animation.emergency_button",
        "general": "animation.vent.general"
      },
      "render_controllers": [ 
		"controller.render.default"
	   ]
    }
  }
}