{
  "format_version": "1.10.0",
  "minecraft:client_entity": {
    "description": {
      "identifier": "js:engine",
      "materials": {
		"default": "npc"
      },
      "textures": {
        "default": "textures/props/engine"
      },
      "geometry": {
        "default": "geometry.engine"
      },
      "scripts": {
        "animate": [
          "general",
          "vent_rot"
        ]
      },
      "animations": {
        "general": "animation.engine.general",
        "vent_rot": "animation.vent.general"
      },
      "sound_effects": {
        "engine_room": "effect.game.engine_room",
        "engine_steam": "effect.game.engine_steam"
      },
      "particle_effects": {
        "smoke": "js:engine_smoke",
        "smoke2": "js:engine_smoke2",
        "smoke3": "js:engine_smoke3"
      },
      "render_controllers": [ 
		"controller.render.default"
	   ]
    }
  }
}