{
  "format_version": "1.10.0",
  "minecraft:client_entity": {
    "description": {
      "identifier": "js:fix_light",
      "materials": {
		"default": "phantom"
      },
      "textures": {
        "default": "textures/props/fix_light/fix_light_off",
        "two": "textures/props/fix_light/fix_light_on"
      },
      "geometry": {
        "default": "geometry.fix_light"
      },
      "scripts": {
        "animate": [
          "vent_rot",
          "lever_cont"
        ]
      },
      "animations": {
        "vent_rot": "animation.vent.general",
        "lever_up": "animation.fix_light.close",
        "lever_down": "animation.fix_light.open",
		
        "lever_cont": "controller.animation.lever"
      },
      "render_controllers": [ 
		"controller.render.two"
	   ]
    }
  }
}