{
  "format_version": "1.10.0",
  "minecraft:client_entity": {
    "description": {
      "identifier": "js:js_dy",
      "materials": {
		"default": "npc"
      },
      "textures": {
        "default": "textures/logos/js_dy"
      },
      "geometry": {
        "default": "geometry.js_dy"
      },
      "scripts": {
        "animate": [
          "vent_rot"
        ]
      },
      "animations": {
        "vent_rot": "animation.vent.general"
      },
      "render_controllers": [ 
		"controller.render.default"
	   ]
    }
  }
}