{
  "format_version": "1.10.0",
  "minecraft:client_entity": {
    "description": {
      "identifier": "js:plate",
      "materials": {
		"default": "npc"
      },
      "textures": {
        "default": "textures/props/plate/plate",
        "two": "textures/props/plate/plate1"
      },
      "geometry": {
        "default": "geometry.plate"
      },
      "scripts": {
        "animate": [
			"vent_rot"
        ]
      },
      "animations": {
        "vent_rot": "animation.vent.general"
      },
      "render_controllers": [ 
		"controller.render.two"
	   ]
    }
  }
}