{
  "format_version": "1.10.0",
  "minecraft:client_entity": {
    "description": {
      "identifier": "js:reactor_terminal2",
      "materials": {
		"default": "npc",
		"lit": "phantom"
      },
      "textures": {
        "default": "textures/props/reactor_terminal/reactor_terminal_on",
        "lit": "textures/props/reactor_terminal/reactor_terminal_off"
      },
      "geometry": {
        "default": "geometry.reactor_terminal"
      },
      "scripts": {
        "animate": [
          "vent_rot"
        ]
      },
      "animations": {
        "vent_rot": "animation.vent.general"
      },
      "render_controllers": [ 
		"controller.render.shield_power"
	   ]
    }
  }
}