{
  "format_version": "1.10.0",
  "minecraft:client_entity": {
    "description": {
      "identifier": "js:small_crate2",
      "materials": {
		"default": "npc"
      },
      "textures": {
        "default": "textures/props/small_crate2"
      },
      "geometry": {
        "default": "geometry.small_crate2"
      },
      "scripts": {
        "animate": [
          "general"
        ]
      },
      "animations": {
        "general": "animation.vent.general"
      },
      "render_controllers": [ 
		"controller.render.default"
	   ]
    }
  }
}