{
  "format_version": "1.10.0",
  "minecraft:client_entity": {
    "description": {
      "identifier": "js:small_crate",
      "materials": {
		"default": "npc"
      },
      "textures": {
        "default": "textures/props/small_crate"
      },
      "geometry": {
        "default": "geometry.small_crate"
      },
      "scripts": {
        "animate": [
          "general",
          "small_crate_cont"
        ]
      },
      "animations": {
        "general": "animation.vent.general",
        "down": "animation.small_crate.down",
        "up": "animation.small_crate.up",
		
        "small_crate_cont": "controller.animation.small_crate"
      },
      "render_controllers": [ 
		"controller.render.default"
	   ]
    }
  }
}