{
  "format_version": "1.10.0",
  "minecraft:client_entity": {
    "description": {
      "identifier": "js:space",
      "materials": {
		"default": "charged_creeper"
      },
      "textures": {
        "default": "textures/space/space_73"
      },
      "geometry": {
        "default": "geometry.space"
      },
      "scripts": {
        "animate": [
          "general"
        ]
      },
      "animations": {
        "general": "animation.space.general"
      },
      "render_controllers": [ 
		"controller.render.space"
	   ]
    }
  }
}