{
  "format_version": "1.10.0",
  "minecraft:client_entity": {
    "description": {
      "identifier": "js:vent_3",
      "materials": {
		"default": "npc"
      },
      "textures": {
        "default": "textures/props/vent"
      },
      "geometry": {
        "default": "geometry.vent"
      },
      "scripts": {
        "animate": [
          "general",
          "vent_rot"
        ]
      },
      "animations": {
        "vent_use": "animation.vent.use",
        "vent_rot": "animation.vent.general",
		
        "general": "controller.animation.vent.general"
      },
      "render_controllers": [ 
		"controller.render.default"
	   ]
    }
  }
}