{
  "format_version": "1.16.0",
  "minecraft:entity": {
    "description": {
      "identifier": "js:asteroid_tag_2",
      "is_spawnable": true,
      "is_summonable": true,
      "is_experimental": false,
			"scripts": {
				"animate": [
					"asteroid_tag_2"
				]
			},
			"animations": {
				"asteroid_tag_2": "controller.animation.asteroid_tag_2"
			}
    },
	
	"component_groups": {
	  "js:explode": {
			"minecraft:explode": {
				"fuseLength": 0,
				"fuseLit": true,
				"power": 1,
				"causesFire": false,
				"breaks_blocks": false
			}
		}
	},
	
    "components": {
	  "minecraft:type_family": {
	    "family": [ "asteroid" ]
	  },
     "minecraft:interact": {
			"interactions": [
			  {
				"hurt_item": 0,
				"interact_text": "Remove",
				"on_interact": {
				  "filters": {
					"all_of": [
					  {
						"test": "has_equipment",
						"subject": "other",
						"operator": "==",
						"value": "minecraft:barrier"
					  }
					]
				  },
				  "event": "js:remove",
				  "target": "self"
				},
				"play_sounds": "look",
				"swing": true,
				"use_item": false
			  }
			]
	  },
      "minecraft:scale": {
        "value": 1.0
      },
	  "minecraft:collision_box": {
	    "width": 0.6,
	    "height": 0.6
	  },
	  "minecraft:health": {
	    "value": 1
	  },
	  "minecraft:push_through": {
	    "value": 1.0
	  },
	  "minecraft:friction_modifier": {
	    "value": -1.0
	  },
          "minecraft:timer": {
            "looping": true,
            "time": 0.1,
            "time_down_event": {
                "event": "js:explode"
            }
         },
      "minecraft:pushable": {
        "is_pushable": false,
        "is_pushable_by_piston": true
      },
	  "minecraft:physics": {
		"has_gravity": false
	  }
    },
	
	"events": {
	"minecraft:entity_spawned": {
	  },
	  "js:remove": {
		"add": {
		  "component_groups": [
			"js:remove"
		  ]
		}
	  },
	  "js:explode": {
		"add": {
		  "component_groups": [
			"js:explode"
		  ]
		}
	  }
	}
  }
}