{
  "format_version": "1.16.0",
  "minecraft:entity": {
    "description": {
      "identifier": "js:asteroid",
      "is_spawnable": true,
      "is_summonable": true,
      "is_experimental": false
    },
	
	"component_groups": {
	  "js:asteroid_1": {
		  "minecraft:variant": {
			"value": 0
		  }
	  },
	  "js:asteroid_2": {
		  "minecraft:variant": {
			"value": 1
		  }
	  },
	  "js:asteroid_3": {
		  "minecraft:variant": {
			"value": 2
		  }
	  },
	  "js:asteroid_4": {
		  "minecraft:variant": {
			"value": 3
		  }
	  },
	  "js:asteroid_5": {
		  "minecraft:variant": {
			"value": 4
		  }
	  },
	  "js:remove": {
			"minecraft:instant_despawn": {
			}
		},
	  "js:explode": {
			"minecraft:transformation": {
				"into": "js:asteroid_tag"
			}
		}
	},
	
    "components": {
	  "minecraft:type_family": {
	    "family": [ "asteroid" ]
	  },
     "minecraft:interact": {
			"interactions": [
			  {
				"hurt_item": 0,
				"interact_text": "Remove",
				"on_interact": {
				  "filters": {
					"all_of": [
					  {
						"test": "has_equipment",
						"subject": "other",
						"operator": "==",
						"value": "minecraft:barrier"
					  }
					]
				  },
				  "event": "js:remove",
				  "target": "self"
				},
				"play_sounds": "look",
				"swing": true,
				"use_item": false
			  }
			]
	  },
      "minecraft:scale": {
        "value": 1.0
      },
	  "minecraft:collision_box": {
	    "width": 0.6,
	    "height": 0.6
	  },
	  "minecraft:health": {
	    "value": 1
	  },
	  "minecraft:push_through": {
	    "value": 1.0
	  },
	  "minecraft:friction_modifier": {
	    "value": -1.0
	  },
          "minecraft:timer": {
            "looping": true,
            "time": 5,
            "time_down_event": {
                "event": "js:remove"
            }
         },
				"minecraft:damage_sensor": {
						"triggers": [
							{
								"on_damage": {
								  "filters": {
									"all_of": [
									  {"test": "has_damage", "value": "fatal"},
									  {"test": "has_tag", "operator": "==", "subject": "other", "value": "Crewmate"}
									]
								  },
								  "event": "js:explode"
								},
								"deals_damage": false
							},
							{
								"on_damage": {
								  "filters": {
									"all_of": [
									  {"test": "has_tag", "operator": "!=", "subject": "other", "value": "Crewmate"}
									]
								  }
								},
								"deals_damage": false
							}
						]
					},
      "minecraft:pushable": {
        "is_pushable": false,
        "is_pushable_by_piston": true
      },
	  "minecraft:physics": {
		"has_gravity": false
	  }
    },
	
	"events": {
	"minecraft:entity_spawned": {
		"randomize": [
			{
				"weight": 1,
				"add": {
				  "component_groups": [
					"js:asteroid_1"
				  ]
				}
			},
			{
				"weight": 1,
				"add": {
				  "component_groups": [
					"js:asteroid_2"
				  ]
				}
			},
			{
				"weight": 1,
				"add": {
				  "component_groups": [
					"js:asteroid_3"
				  ]
				}
			},
			{
				"weight": 1,
				"add": {
				  "component_groups": [
					"js:asteroid_4"
				  ]
				}
			},
			{
				"weight": 1,
				"add": {
				  "component_groups": [
					"js:asteroid_5"
				  ]
				}
			}
		]
	  },
	  "js:remove": {
		"add": {
		  "component_groups": [
			"js:remove"
		  ]
		}
	  },
	  "js:explode": {
		"add": {
		  "component_groups": [
			"js:explode"
		  ]
		}
	  }
	}
  }
}