{
  "format_version": "1.16.0",
  "minecraft:entity": {
    "description": {
      "identifier": "js:emergency_button",
      "is_spawnable": true,
      "is_summonable": true,
      "is_experimental": false,
			"scripts": {
				"animate": [
					"emergency_button"
				]
			},
			"animations": {
				"emergency_button": "controller.animation.emergency_button"
			}
    },
	
	"component_groups": {
	  "js:emergency_cannot_use": {
		  "minecraft:variant": {
			"value": 0
		  }
	  },
	  "js:emergency_can_use": {
		  "minecraft:variant": {
			"value": 1
		  }
	  },
	  "js:vent_empty": {
		  "minecraft:environment_sensor": {
				"triggers": [
					 {
						   "filters": {
									"test": "rider_count",
									"subject": "self",
									"operator": ">",
									"value": 0
						   },
						   "event": "vent_used"
					 }
				]
		  },
		  "minecraft:rideable": {
			"seat_count": 1,
			"family_types": [
			  "player"
			],
			"pull_in_entities": true,
			"seats": [
			  {
				"position": [ 0, 0, 0 ]
			  }
			]
		  }
	  },
	  "js:vent_used": {
		"minecraft:is_saddled": {},
		  "minecraft:environment_sensor": {
				"triggers": [
					 {
						   "filters": {
									"test": "rider_count",
									"subject": "self",
									"operator": "==",
									"value": 0
						   },
						   "event": "vent_empty"
					 }
				]
		  }
	  },
	  "js:remove": {
		"minecraft:instant_despawn": {}
	  }
	},
	
    "components": {
	  "minecraft:type_family": {
	    "family": [ "vent" ]
	  },
         "minecraft:scheduler": {
          "min_delay_secs": 0,
          "max_delay_secs": 0,
          "scheduled_events" : [
				{
				  "filters": {
						"test": "has_tag",
						"subject": "self",
						"operator": "==",
						"value": "emergency_off"
					},
					"event": "emergency_cannot_use"
				},
				{
				  "filters": {
						"test": "has_tag",
						"subject": "self",
						"operator": "!=",
						"value": "emergency_off"
					},
					"event": "emergency_can_use"
				}
			]
		  },
     "minecraft:interact": {
			"interactions": [
			  {
				"hurt_item": 0,
				"interact_text": "Remove Vent",
				"on_interact": {
				  "filters": {
					"all_of": [
					  {
						"test": "has_equipment",
						"subject": "other",
						"operator": "==",
						"value": "minecraft:barrier"
					  }
					]
				  },
				  "event": "js:remove",
				  "target": "self"
				},
				"play_sounds": "look",
				"swing": true,
				"use_item": false
			  }
			]
	  },
      "minecraft:scale": {
        "value": 1.0
      },
	  "minecraft:collision_box": {
	    "width": 0.6,
	    "height": 0.6
	  },
	  "minecraft:health": {
	    "value": 1
	  },
	  "minecraft:push_through": {
	    "value": 1.0
	  },
	  "minecraft:friction_modifier": {
	    "value": -1.0
	  },
	  "minecraft:damage_sensor": {
			"triggers": [
				{
					"cause": "all",
					"deals_damage": false
				}
			]
	   },
      "minecraft:pushable": {
        "is_pushable": false,
        "is_pushable_by_piston": true
      },
	  "minecraft:physics": {
		"has_gravity": false
	  }
    },
	
	"events": {
	"minecraft:entity_spawned": {
	    "add": {
		  "component_groups": [
			"js:vent_empty"
		  ]
		},
		"remove": {
		  "component_groups": [
			"js:vent_used"
		  ]
		}
	  },
	  "js:remove": {
		"add": {
		  "component_groups": [
			"js:remove"
		  ]
		}
	  },
	  "vent_empty": {
		"add": {
		  "component_groups": [
			"js:vent_empty"
		  ]
		},
		"remove": {
		  "component_groups": [
			"js:vent_used"
		  ]
		}
	  },
	  "emergency_cannot_use": {
		"add": {
		  "component_groups": [
			"js:emergency_cannot_use"
		  ]
		},
		"remove": {
		  "component_groups": [
			"js:emergency_can_use",
			"js:vent_empty",
			"js:vent_used"
		  ]
		}
	  },
	  "emergency_can_use": {
		"remove": {
		  "component_groups": [
			"js:emergency_cannot_use",
			"js:vent_empty",
			"js:vent_used"
		  ]
		},
		"add": {
		  "component_groups": [
			"js:emergency_can_use",
			"js:vent_empty"
		  ]
		}
	  },
	  "vent_used": {
		"add": {
		  "component_groups": [
			"js:vent_used"
		  ]
		},
		"remove": {
		  "component_groups": [
			"js:vent_empty"
		  ]
		}
	  }
	}
  }
}