{
  "format_version": "1.16.0",
  "minecraft:entity": {
    "description": {
      "identifier": "js:entity_shield",
      "is_spawnable": true,
      "is_summonable": true,
      "is_experimental": false,
	  "runtime_identifier": "minecraft:shulker"
    },
	
	"component_groups": {
	  "js:remove": {
		"minecraft:instant_despawn": {}
	  },
	  "js:small_crate2": {
		  "minecraft:type_family": {
			"family": [ "entity_shield" ]
		  },
		  
		  "minecraft:collision_box": {
			"width": 1.8,
			"height": 1.8
		  }
	    },
	  "js:small_crate": {
		  "minecraft:type_family": {
			"family": [ "entity_shield" ]
		  },
		  
		  "minecraft:collision_box": {
			"width": 1,
			"height": 1
		  }
	    }
	},
	
    "components": {
	  "minecraft:type_family": {
	    "family": [ "entity_shield" ]
	  },
		  
     "minecraft:interact": {
			"interactions": [
			  {
				"hurt_item": 0,
				"interact_text": "Remove",
				"on_interact": {
				  "filters": {
					"all_of": [
					  {
						"test": "has_equipment",
						"subject": "other",
						"operator": "==",
						"value": "minecraft:barrier"
					  }
					]
				  },
				  "event": "js:remove",
				  "target": "self"
				},
				"play_sounds": "look",
				"swing": true,
				"use_item": false
			  }
			]
	  },
      "minecraft:scale": {
        "value": 1.0
      },
	  "minecraft:collision_box": {
	    "width": 1,
	    "height": 1
	  },
	  "minecraft:health": {
	    "value": 1
	  },
	  "minecraft:push_through": {
	    "value": 1.0
	  },
	  "minecraft:friction_modifier": {
	    "value": -1.0
	  },
	  "minecraft:damage_sensor": {
			"triggers": [
				{
					"cause": "all",
					"deals_damage": false
				}
			]
	   },
      "minecraft:pushable": {
        "is_pushable": false,
        "is_pushable_by_piston": true
      },
	  "minecraft:physics": {
		"has_gravity": true
	  }
    },
	
	"events": {
	  "minecraft:entity_spawned": {
	  },
	  "js:remove": {
		"add": {
		  "component_groups": [
			"js:remove"
		  ]
		}
	  },
	  "js:small_crate2": {
		"add": {
		  "component_groups": [
			"js:small_crate2"
		  ]
		}
	  },
	  "js:small_crate": {
		"add": {
		  "component_groups": [
			"js:small_crate"
		  ]
		}
	  }
	}
  }
}