{
  "format_version": "1.16.0",
  "minecraft:entity": {
    "description": {
      "identifier": "js:plate",
      "is_spawnable": true,
      "is_summonable": true,
      "is_experimental": false,
			"scripts": {
				"animate": [
					"rotate"
				]
			},
			"animations": {
				"rotate": "controller.animation.machine.rotate"
			}
    },
	
	"component_groups": {
	  "js:rotate": {
		"minecraft:is_saddled": {},
		"minecraft:timer": {
			 "time": 0,
			 "looping": false,
			 "time_down_event": {
				"event": "js:rotate_done",
				"target": "self"
			}
		}
	  },
	  "js:admin_chair": {
		"minecraft:interact": {
			"interactions": [
			  {
				"hurt_item": 0,
				"interact_text": "Remove Chair",
				"on_interact": {
				  "filters": {
					"all_of": [
					  {
						"test": "has_equipment",
						"subject": "other",
						"operator": "==",
						"value": "minecraft:barrier"
					  }
					]
				  },
				  "event": "js:remove",
				  "target": "self"
				},
				"play_sounds": "look",
				"swing": true,
				"use_item": false
			  },
			  {
				"hurt_item": 0,
				"interact_text": "Change Chair Type",
				"on_interact": {
				  "filters": {
					"all_of": [
					  {
						"test": "has_equipment",
						"subject": "other",
						"operator": "==",
						"value": "minecraft:beacon"
					  }
					]
				  },
				  "event": "js:admin_comm",
				  "target": "self"
				},
				"play_sounds": "look",
				"swing": true,
				"use_item": false
			  },
			  {
				"hurt_item": 0,
				"interact_text": "Rotate",
				"on_interact": {
				  "filters": {
					"all_of": [
					  {
						"test": "has_equipment",
						"subject": "other",
						"operator": "==",
						"value": "minecraft:blaze_rod"
					  }
					]
				  },
				  "event": "js:rotate",
				  "target": "self"
				},
				"play_sounds": "look",
				"swing": true,
				"use_item": false
			  }
			]
		},
		  "minecraft:variant": {
			"value": 0
		  }
	  },
	  "js:communications_chair": {
		"minecraft:interact": {
			"interactions": [
			  {
				"hurt_item": 0,
				"interact_text": "Remove Chair",
				"on_interact": {
				  "filters": {
					"all_of": [
					  {
						"test": "has_equipment",
						"subject": "other",
						"operator": "==",
						"value": "minecraft:barrier"
					  }
					]
				  },
				  "event": "js:remove",
				  "target": "self"
				},
				"play_sounds": "look",
				"swing": true,
				"use_item": false
			  },
			  {
				"hurt_item": 0,
				"interact_text": "Change Chair Type",
				"on_interact": {
				  "filters": {
					"all_of": [
					  {
						"test": "has_equipment",
						"subject": "other",
						"operator": "==",
						"value": "minecraft:beacon"
					  }
					]
				  },
				  "event": "js:security_admin",
				  "target": "self"
				},
				"play_sounds": "look",
				"swing": true,
				"use_item": false
			  },
			  {
				"hurt_item": 0,
				"interact_text": "Rotate",
				"on_interact": {
				  "filters": {
					"all_of": [
					  {
						"test": "has_equipment",
						"subject": "other",
						"operator": "==",
						"value": "minecraft:blaze_rod"
					  }
					]
				  },
				  "event": "js:rotate",
				  "target": "self"
				},
				"play_sounds": "look",
				"swing": true,
				"use_item": false
			  }
			]
		},
		  "minecraft:variant": {
			"value": 1
		  }
	  },
	  "js:remove": {
		"minecraft:instant_despawn": {}
	  }
	},
	
    "components": {
	  "minecraft:type_family": {
	    "family": [ "chair" ]
	  },
      "minecraft:scale": {
        "value": 1.0
      },
	  "minecraft:collision_box": {
	    "width": 0.2,
	    "height": 0.2
	  },
	  "minecraft:health": {
	    "value": 1
	  },
	  "minecraft:push_through": {
	    "value": 1.0
	  },
	  "minecraft:friction_modifier": {
	    "value": -1.0
	  },
	  "minecraft:damage_sensor": {
			"triggers": [
				{
					"cause": "all",
					"deals_damage": false
				}
			]
	   },
      "minecraft:pushable": {
        "is_pushable": false,
        "is_pushable_by_piston": true
      },
	  "minecraft:physics": {
	  }
    },
	
	"events": {
	"minecraft:entity_spawned": {
	    "add": {
		  "component_groups": [
			"js:admin_chair"
		  ]
		}
	  },
	  "js:remove": {
		"add": {
		  "component_groups": [
			"js:remove"
		  ]
		}
	  },
	  "js:admin_comm": {
		"add": {
		  "component_groups": [
			"js:communications_chair"
		  ]
		},
		"remove": {
		  "component_groups": [
			"js:admin_chair"
		  ]
		}
	  },
	  "js:comm_lobby": {
		"add": {
		  "component_groups": [
			"js:lobby_chair"
		  ]
		},
		"remove": {
		  "component_groups": [
			"js:communications_chair"
		  ]
		}
	  },
	  "js:lobby_navi": {
		"add": {
		  "component_groups": [
			"js:navigation_chair"
		  ]
		},
		"remove": {
		  "component_groups": [
			"js:lobby_chair"
		  ]
		}
	  },
	  "js:navi_security": {
		"add": {
		  "component_groups": [
			"js:security_chair"
		  ]
		},
		"remove": {
		  "component_groups": [
			"js:navigation_chair"
		  ]
		}
	  },
	  "js:security_admin": {
		"add": {
		  "component_groups": [
			"js:admin_chair"
		  ]
		},
		"remove": {
		  "component_groups": [
			"js:security_chair"
		  ]
		}
	  },
	  "js:rotate": {
		"add": {
			"component_groups": [
				"js:rotate"
			]
		}
	  },
	  "js:rotate_done": {
		"remove": {
			"component_groups": [
				"js:rotate"
			]
		}
	  }
	}
  }
}