{
  "format_version": "1.16.0",
  "minecraft:entity": {
    "description": {
      "identifier": "js:radio",
      "is_spawnable": true,
      "is_summonable": true,
      "is_experimental": false
    },
	
	"component_groups": {
	  "js:rotate": {
		"minecraft:is_saddled": {},
		"minecraft:timer": {
			 "time": 0,
			 "looping": false,
			 "time_down_event": {
				"event": "js:rotate_done",
				"target": "self"
			}
		}
	  },
	  "js:remove": {
		"minecraft:instant_despawn": {}
	  }
	},
	
    "components": {
	  "minecraft:type_family": {
	    "family": [ "radio" ]
	  },
     "minecraft:interact": {
			"interactions": [
			  {
				"hurt_item": 0,
				"interact_text": "Remove Radio",
				"on_interact": {
				  "filters": {
					"all_of": [
					  {
						"test": "has_equipment",
						"subject": "other",
						"operator": "==",
						"value": "minecraft:barrier"
					  }
					]
				  },
				  "event": "js:remove",
				  "target": "self"
				},
				"play_sounds": "look",
				"swing": true,
				"use_item": false
			  }
			]
	  },
      "minecraft:scale": {
        "value": 1.0
      },
	  "minecraft:collision_box": {
	    "width": 0.6,
	    "height": 0.6
	  },
	  "minecraft:health": {
	    "value": 1
	  },
	  "minecraft:push_through": {
	    "value": 1.0
	  },
	  "minecraft:friction_modifier": {
	    "value": -1.0
	  },
	  "minecraft:damage_sensor": {
			"triggers": [
				{
					"cause": "all",
					"deals_damage": false
				}
			]
	   },
      "minecraft:pushable": {
        "is_pushable": false,
        "is_pushable_by_piston": true
      },
	  "minecraft:is_stackable": {},
	  "minecraft:physics": {
		"has_gravity": true
	  }
    },
	
	"events": {
	  "minecraft:entity_spawned": {
	  },
	  "js:remove": {
		"add": {
		  "component_groups": [
			"js:remove"
		  ]
		}
	  },
	  "js:rotate": {
		"add": {
			"component_groups": [
				"js:rotate"
			]
		}
	  },
	  "js:rotate_done": {
		"remove": {
			"component_groups": [
				"js:rotate"
			]
		}
	  }
	}
  }
}