{
  "format_version": "1.16.0",
  "minecraft:entity": {
    "description": {
      "identifier": "js:reactor_terminal2",
      "is_spawnable": true,
      "is_summonable": true,
      "is_experimental": false,
			"scripts": {
				"animate": [
					"reactor_terminal"
				]
			},
			"animations": {
				"reactor_terminal": "controller.animation.reactor_terminal2"
			}
    },
	
	"component_groups": {
	  "js:not_in_use": {
		"minecraft:interact": {
			"interactions": [
			  {
				"hurt_item": 0,
				"interact_text": "Remove",
				"on_interact": {
				  "filters": {
					"all_of": [
					  {
						"test": "has_equipment",
						"subject": "other",
						"operator": "==",
						"value": "minecraft:barrier"
					  }
					]
				  },
				  "event": "js:remove",
				  "target": "self"
				},
				"play_sounds": "look",
				"swing": true,
				"use_item": false
			  }
			]
		}
	  },
	  "js:in_use": {
        "minecraft:scheduler": {
          "min_delay_secs": 0,
          "max_delay_secs": 0,
          "scheduled_events" : [
				{
				  "filters": {
						"test": "has_tag",
						"subject": "self",
						"operator": "!=",
						"value": "in_use"
					},
					"event": "not_in_use"
				}
			]
		  }
	  },
	  "js:lights_sabotaged": {
		  "minecraft:environment_sensor": {
				"triggers": [
					 {
						   "filters": {
									"test": "has_tag",
									"subject": "self",
									"operator": "!=",
									"value": "reactor_sabotaged"
						   },
						   "event": "lights_not_sabotaged"
					 }
				]
		  },
		"minecraft:is_sheared": {}
	  },
	  "js:lights_not_sabotaged": {
		  "minecraft:environment_sensor": {
				"triggers": [
					 {
						   "filters": {
									"test": "has_tag",
									"subject": "self",
									"operator": "==",
									"value": "reactor_sabotaged"
						   },
						   "event": "lights_sabotaged"
					 }
				]
		  }
	  },
	  "js:fix_wiring": {
		  "minecraft:is_saddled": {
		  }
	  },
	  "js:remove": {
		"minecraft:instant_despawn": {}
	  }
	},
	
    "components": {
	  "minecraft:type_family": {
	    "family": [ "task" ]
	  },
      "minecraft:scale": {
        "value": 1.0
      },
	  "minecraft:collision_box": {
	    "width": 0.4,
	    "height": 0.4
	  },
	  "minecraft:health": {
	    "value": 1
	  },
	  "minecraft:push_through": {
	    "value": 1.0
	  },
	  "minecraft:friction_modifier": {
	    "value": -1.0
	  },
	  "minecraft:damage_sensor": {
			"triggers": [
				{
					"cause": "all",
					"deals_damage": false
				}
			]
	   },
      "minecraft:pushable": {
        "is_pushable": false,
        "is_pushable_by_piston": true
      },
	  "minecraft:physics": {
		"has_gravity": false,
		"has_collision": false
	  }
    },
	
	"events": {
	"minecraft:entity_spawned": {
	    "add": {
		  "component_groups": [
			"js:not_in_use",
			"js:lights_not_sabotaged"
		  ]
		}
	  },
	  "js:remove": {
		"add": {
		  "component_groups": [
			"js:remove"
		  ]
		}
	  },
	  "not_in_use": {
		"add": {
		  "component_groups": [
			"js:not_in_use"
		  ]
		},
		"remove": {
		  "component_groups": [
			"js:in_use"
		  ]
		}
	  },
	  "js:fix_wiring": {
		"add": {
		  "component_groups": [
			"js:fix_wiring",
			"js:in_use"
		  ]
		},
		"remove": {
		  "component_groups": [
			"js:not_in_use"
		  ]
		}
	  },
	  "lights_not_sabotaged": {
		"add": {
		  "component_groups": [
			"js:lights_not_sabotaged"
		  ]
		},
		"remove": {
		  "component_groups": [
			"js:lights_sabotaged"
		  ]
		}
	  },
	  "lights_sabotaged": {
		"add": {
		  "component_groups": [
			"js:lights_sabotaged"
		  ]
		},
		"remove": {
		  "component_groups": [
			"js:lights_not_sabotaged"
		  ]
		}
	  },
	  "js:fix_wiring_done": {
		"remove": {
		  "component_groups": [
			"js:fix_wiring"
		  ]
		}
	  }
	}
  }
}