{
  "format_version": "1.16.0",
  "minecraft:entity": {
    "description": {
      "identifier": "js:security",
      "is_spawnable": true,
      "is_summonable": true,
      "is_experimental": false,
			"scripts": {
				"animate": [
					"camera",
					"security"
				]
			},
			"animations": {
				"camera": "controller.animation.camera",
				"security": "controller.animation.security"
			}
    },
	
	"component_groups": {
	  "js:not_in_use": {
		"minecraft:variant": {
			"value": 0
		},
		"minecraft:interact": {
			"interactions": [
			  {
				"hurt_item": 0,
				"interact_text": "Remove",
				"on_interact": {
				  "filters": {
					"all_of": [
					  {
						"test": "has_equipment",
						"subject": "other",
						"operator": "==",
						"value": "minecraft:barrier"
					  }
					]
				  },
				  "event": "js:remove",
				  "target": "self"
				},
				"play_sounds": "look",
				"swing": true,
				"use_item": false
			  },
			  {
				"hurt_item": 0,
				"interact_text": "Use Cams",
				"on_interact": {
				  "filters": {
					"any_of": [
						{
							"all_of": [
							  {
								"test": "has_tag",
								"subject": "other",
								"operator": "==",
								"value": "Crewmate"
							  },
							  {
								"test": "has_tag",
								"subject": "other",
								"operator": "!=",
								"value": "Security_User"
							  }
							]
						}
					]
				  },
				  "event": "js:fix_wiring",
				  "target": "self"
				},
				"play_sounds": "look",
				"swing": true,
				"use_item": false
			  }
			]
		}
	  },
	  "js:in_use": {
        "minecraft:scheduler": {
          "min_delay_secs": 0,
          "max_delay_secs": 0,
          "scheduled_events" : [
				{
				  "filters": {
						"test": "has_tag",
						"subject": "self",
						"operator": "!=",
						"value": "in_use"
					},
					"event": "not_in_use"
				},
				{
				  "filters": {
						"test": "has_tag",
						"subject": "self",
						"operator": "==",
						"value": "Cam_Navi"
					},
					"event": "navi"
				},
				{
				  "filters": {
						"test": "has_tag",
						"subject": "self",
						"operator": "==",
						"value": "Cam_Admin"
					},
					"event": "admin"
				},
				{
				  "filters": {
						"test": "has_tag",
						"subject": "self",
						"operator": "==",
						"value": "Cam_Security"
					},
					"event": "security"
				},
				{
				  "filters": {
						"test": "has_tag",
						"subject": "self",
						"operator": "==",
						"value": "Cam_Medbay"
					},
					"event": "medbay"
				}
			]
		  }
	  },
	"security": {
		"minecraft:variant": {
			"value": 1
		}
	},
	"admin": {
		"minecraft:variant": {
			"value": 2
		}
	},
	"navi": {
		"minecraft:variant": {
			"value": 3
		}
	},
	"medbay": {
		"minecraft:variant": {
			"value": 4
		}
	},
	  "js:fix_wiring": {
		  "minecraft:is_saddled": {
		  }
	  },
	  "js:remove": {
		"minecraft:instant_despawn": {}
	  }
	},
	
    "components": {
	  "minecraft:type_family": {
	    "family": [ "task" ]
	  },
      "minecraft:scale": {
        "value": 1.0
      },
	  "minecraft:collision_box": {
	    "width": 0.6,
	    "height": 0.6
	  },
	  "minecraft:health": {
	    "value": 1
	  },
	  "minecraft:push_through": {
	    "value": 1.0
	  },
	  "minecraft:friction_modifier": {
	    "value": -1.0
	  },
	  "minecraft:damage_sensor": {
			"triggers": [
				{
					"cause": "all",
					"deals_damage": false
				}
			]
	   },
      "minecraft:pushable": {
        "is_pushable": false,
        "is_pushable_by_piston": true
      },
	  "minecraft:physics": {
		"has_gravity": false
	  }
    },
	
	"events": {
	"minecraft:entity_spawned": {
	    "add": {
		  "component_groups": [
			"js:not_in_use"
		  ]
		}
	  },
	  "js:remove": {
		"add": {
		  "component_groups": [
			"js:remove"
		  ]
		}
	  },
	  "not_in_use": {
		"add": {
		  "component_groups": [
			"js:not_in_use"
		  ]
		},
		"remove": {
		  "component_groups": [
			"navi",
			"admin",
			"medbay",
			"security",
			"js:fix_wiring",
			"js:in_use"
		  ]
		}
	  },
	  "navi": {
		"add": {
		  "component_groups": [
			"navi"
		  ]
		},
		"remove": {
		  "component_groups": [
			"admin",
			"security",
			"medbay"
		  ]
		}
	  },
	  "admin": {
		"add": {
		  "component_groups": [
			"admin"
		  ]
		},
		"remove": {
		  "component_groups": [
			"navi",
			"security",
			"medbay"
		  ]
		}
	  },
	  "security": {
		"add": {
		  "component_groups": [
			"security"
		  ]
		},
		"remove": {
		  "component_groups": [
			"navi",
			"admin",
			"medbay"
		  ]
		}
	  },
	  "medbay": {
		"add": {
		  "component_groups": [
			"medbay"
		  ]
		},
		"remove": {
		  "component_groups": [
			"navi",
			"admin",
			"security"
		  ]
		}
	  },
	  "js:fix_wiring": {
		"add": {
		  "component_groups": [
			"js:fix_wiring",
			"js:in_use"
		  ]
		},
		"remove": {
		  "component_groups": [
			"js:not_in_use"
		  ]
		}
	  },
	  "js:fix_wiring_done": {
		"remove": {
		  "component_groups": [
			"js:fix_wiring"
		  ]
		}
	  }
	}
  }
}