{
  "format_version": "1.16.0",
  "minecraft:entity": {
    "description": {
      "identifier": "js:shield_power",
      "is_spawnable": true,
      "is_summonable": true,
      "is_experimental": false
    },
	
	"component_groups": {
	  "js:shield_power_off": {
        "minecraft:scheduler": {
          "min_delay_secs": 0,
          "max_delay_secs": 0,
          "scheduled_events" : [
				{
				  "filters": {
						"test": "has_tag",
						"subject": "self",
						"operator": "==",
						"value": "shield_power_on"
					},
					"event": "js:shield_power_on"
				}
			]
		  },
		  "minecraft:variant": {
			"value": 0
		  }
	  },
	  "js:shield_power_on": {
        "minecraft:scheduler": {
          "min_delay_secs": 0,
          "max_delay_secs": 0,
          "scheduled_events" : [
				{
				  "filters": {
						"test": "has_tag",
						"subject": "self",
						"operator": "!=",
						"value": "shield_power_on"
					},
					"event": "js:shield_power_off"
				}
			]
		  },
		  "minecraft:variant": {
			"value": 1
		  }
	  },
	  "js:remove": {
		"minecraft:instant_despawn": {}
	  }
	},
	
    "components": {
	  "minecraft:type_family": {
	    "family": [ "inanimate" ]
	  },
     "minecraft:interact": {
			"interactions": [
			  {
				"hurt_item": 0,
				"interact_text": "Remove",
				"on_interact": {
				  "filters": {
					"all_of": [
					  {
						"test": "has_equipment",
						"subject": "other",
						"operator": "==",
						"value": "minecraft:barrier"
					  }
					]
				  },
				  "event": "js:remove",
				  "target": "self"
				},
				"play_sounds": "look",
				"swing": true,
				"use_item": false
			  }
			]
	  },
      "minecraft:scale": {
        "value": 1.0
      },
	  "minecraft:collision_box": {
	    "width": 0.6,
	    "height": 0.6
	  },
	  "minecraft:health": {
	    "value": 1
	  },
	  "minecraft:push_through": {
	    "value": 1.0
	  },
	  "minecraft:friction_modifier": {
	    "value": -1.0
	  },
	  "minecraft:damage_sensor": {
			"triggers": [
				{
					"cause": "all",
					"deals_damage": false
				}
			]
	   },
      "minecraft:pushable": {
        "is_pushable": false,
        "is_pushable_by_piston": true
      },
	  "minecraft:physics": {
		"has_gravity": false
	  }
    },
	
	"events": {
	"minecraft:entity_spawned": {
	    "add": {
		  "component_groups": [
			"js:shield_power_off"
		  ]
		},
		"remove": {
		  "component_groups": [
			"js:shield_power_on"
		  ]
		}
	  },
	  "js:remove": {
		"add": {
		  "component_groups": [
			"js:remove"
		  ]
		}
	  },
	  "js:shield_power_on": {
		"add": {
		  "component_groups": [
			"js:shield_power_on"
		  ]
		},
		"remove": {
		  "component_groups": [
			"js:shield_power_off"
		  ]
		}
	  },
	  "js:shield_power_off": {
		"add": {
		  "component_groups": [
			"js:shield_power_off"
		  ]
		},
		"remove": {
		  "component_groups": [
			"js:shield_power_on"
		  ]
		}
	  }
	}
  }
}