{
  "format_version": "1.16.0",
  "minecraft:entity": {
    "description": {
      "identifier": "js:small_crate",
      "is_spawnable": true,
      "is_summonable": true,
      "is_experimental": false,
			"scripts": {
				"animate": [
					"sellout_lol"
				]
			},
			"animations": {
				"sellout_lol": "controller.animation.sellout_lol"
			}
    },
	
	"component_groups": {
	  "js:remove": {
		"minecraft:instant_despawn": {}
	  },
	  "js:up": {
		"minecraft:interact": {
			"interactions": [
			  {
				"hurt_item": 0,
				"interact_text": "Remove",
				"on_interact": {
				  "filters": {
					"all_of": [
					  {
						"test": "has_equipment",
						"subject": "other",
						"operator": "==",
						"value": "minecraft:barrier"
					  }
					]
				  },
				  "event": "js:remove",
				  "target": "self"
				},
				"play_sounds": "look",
				"swing": true,
				"use_item": false
			  },
			  {
				"hurt_item": 0,
				"cooldown": 0.2,
				"interact_text": "Down",
				"on_interact": {
				  "event": "js:down",
				  "target": "self"
				},
				"play_sounds": "look",
				"swing": true,
				"use_item": false
			  }
			]
		},
		"minecraft:variant": {
			"value": 0
		}
	   },
	  "js:down": {
		"minecraft:interact": {
			"interactions": [
			  {
				"hurt_item": 0,
				"interact_text": "Remove",
				"on_interact": {
				  "filters": {
					"all_of": [
					  {
						"test": "has_equipment",
						"subject": "other",
						"operator": "==",
						"value": "minecraft:barrier"
					  }
					]
				  },
				  "event": "js:remove",
				  "target": "self"
				},
				"play_sounds": "look",
				"swing": true,
				"use_item": false
			  },
			  {
				"hurt_item": 0,
				"cooldown": 0.2,
				"interact_text": "Up",
				"on_interact": {
				  "event": "js:up",
				  "target": "self"
				},
				"play_sounds": "look",
				"swing": true,
				"use_item": false
			  }
			]
		},
		"minecraft:variant": {
			"value": 1
		}
	   }
	},
	
    "components": {
	  "minecraft:type_family": {
	    "family": [ "smol_crate" ]
	  },
      "minecraft:rideable": {
        "seat_count": 1,
        "family_types": [
          "entity_shield"
        ],
        "pull_in_entities": true,
        "seats": [
          {
            "position": [ 0,0,0 ],
            "min_rider_count": 0,
            "max_rider_count": 0,
            "lock_rider_rotation": 0
          }
        ]
      },
        "minecraft:addrider": {
          "entity_type": "js:entity_shield",
		  "spawn_event": "js:small_crate"
		},
      "minecraft:scale": {
        "value": 1.0
      },
	  "minecraft:collision_box": {
	    "width": 1.1,
	    "height": 1.1
	  },
	  "minecraft:health": {
	    "value": 1
	  },
	  "minecraft:push_through": {
	    "value": 1.0
	  },
	  "minecraft:friction_modifier": {
	    "value": -1.0
	  },
	  "minecraft:damage_sensor": {
			"triggers": [
				{
					"cause": "all",
					"deals_damage": false
				}
			]
	   },
      "minecraft:pushable": {
        "is_pushable": false,
        "is_pushable_by_piston": true
      },
	  "minecraft:physics": {
	  }
    },
	
	"events": {
	  "minecraft:entity_spawned": {
		"add": {
			"component_groups": [
				"js:down"
			]
		}
	  },
	  "js:remove": {
		"add": {
		  "component_groups": [
			"js:remove"
		  ]
		}
	  },
	  "js:rotate": {
		"add": {
			"component_groups": [
				"js:rotate"
			]
		}
	  },
	  "js:up": {
		"add": {
			"component_groups": [
				"js:up"
			]
		},
		"remove": {
			"component_groups": [
				"js:down"
			]
		}
	  },
	  "js:down": {
		"add": {
			"component_groups": [
				"js:down"
			]
		},
		"remove": {
			"component_groups": [
				"js:up"
			]
		}
	  },
	  "js:eternal": {
		"add": {
			"component_groups": [
				"js:eternal"
			]
		}
	  },
	  "js:rotate_done": {
		"remove": {
			"component_groups": [
				"js:rotate"
			]
		}
	  }
	}
  }
}