{
  "format_version": "1.16.0",
  "minecraft:entity": {
    "description": {
      "identifier": "js:vent_2",
      "is_spawnable": true,
      "is_summonable": true,
      "is_experimental": false,
			"scripts": {
				"animate": [
					"vent_1_tp",
					"vent_2"
				]
			},
			"animations": {
				"vent_1_tp": "controller.animation.vent_1_tp",
				"vent_2": "controller.animation.vent_2"
			}
    },
	
	"component_groups": {
	  "js:not_in_use": {
		"minecraft:variant": {
			"value": 0
		},
		"minecraft:interact": {
			"interactions": [
			  {
				"hurt_item": 0,
				"interact_text": "Remove",
				"on_interact": {
				  "filters": {
					"all_of": [
					  {
						"test": "has_equipment",
						"subject": "other",
						"operator": "==",
						"value": "minecraft:barrier"
					  }
					]
				  },
				  "event": "js:remove",
				  "target": "self"
				},
				"play_sounds": "look",
				"swing": true,
				"use_item": false
			  },
			  {
				"hurt_item": 0,
				"interact_text": "Use Vent",
				"on_interact": {
				  "filters": {
					"any_of": [
						{
							"all_of": [
							  {
								"test": "has_tag",
								"subject": "other",
								"operator": "==",
								"value": "Impostor"
							  },
							  {
								"test": "has_tag",
								"subject": "other",
								"operator": "!=",
								"value": "Vent_User"
							  }
							]
						}
					]
				  },
				  "event": "js:fix_wiring",
				  "target": "self"
				},
				"play_sounds": "look",
				"swing": true,
				"use_item": false
			  }
			]
		}
	  },
	  /*Vent_Cafe
	  Vent_Se_Hallway
	  Vent_Lower_Engine
	  Vent_Upper_Engine
	  Vent_Electrical
	  Vent_Security
	  Vent_Medbay
	  Vent_Reactor1
	  Vent_Reactor2
	  Vent_Admin
	  Vent_Weapons
	  Vent_Shields
	  Vent_Navi1
	  Vent_Navi2*/
	"Vent_Cafe": {
		"minecraft:variant": {
			"value": 1
		}
	},
	"Vent_Se_Hallway": {
		"minecraft:variant": {
			"value": 2
		}
	},
	"Vent_Lower_Engine": {
		"minecraft:variant": {
			"value": 3
		}
	},
	"Vent_Upper_Engine": {
		"minecraft:variant": {
			"value": 4
		}
	},
	"Vent_Electrical": {
		"minecraft:variant": {
			"value": 5
		}
	},
	"Vent_Security": {
		"minecraft:variant": {
			"value": 6
		}
	},
	"Vent_Medbay": {
		"minecraft:variant": {
			"value": 7
		}
	},
	"Vent_Reactor1": {
		"minecraft:variant": {
			"value": 8
		}
	},
	"Vent_Reactor2": {
		"minecraft:variant": {
			"value": 9
		}
	},
	"Vent_Admin": {
		"minecraft:variant": {
			"value": 10
		}
	},
	"Vent_Weapons": {
		"minecraft:variant": {
			"value": 11
		}
	},
	"Vent_Shields": {
		"minecraft:variant": {
			"value": 12
		}
	},
	"Vent_Navi1": {
		"minecraft:variant": {
			"value": 13
		}
	},
	"Vent_Navi2": {
		"minecraft:variant": {
			"value": 14
		}
	},
	  "js:fix_wiring": {
		  "minecraft:is_saddled": {
		  },
          "minecraft:timer": {
            "looping": false,
            "time": 0.1,
            "time_down_event": {
                "event": "js:fix_wiring_done"
            }
         }
	  },
	  "js:remove": {
		"minecraft:instant_despawn": {}
	  }
	},
	
    "components": {
	  "minecraft:type_family": {
	    "family": [ "task" ]
	  },
      "minecraft:scale": {
        "value": 1.0
      },
	  "minecraft:collision_box": {
	    "width": 0.6,
	    "height": 0.6
	  },
	  "minecraft:health": {
	    "value": 1
	  },
	  "minecraft:push_through": {
	    "value": 1.0
	  },
	  "minecraft:friction_modifier": {
	    "value": -1.0
	  },
	  "minecraft:damage_sensor": {
			"triggers": [
				{
					"cause": "all",
					"deals_damage": false
				}
			]
	   },
      "minecraft:pushable": {
        "is_pushable": false,
        "is_pushable_by_piston": true
      },
	  "minecraft:physics": {
		"has_gravity": false
	  }
    },
	
	"events": {
	"minecraft:entity_spawned": {
	    "add": {
		  "component_groups": [
			"js:not_in_use"
		  ]
		}
	  },
	  "js:remove": {
		"add": {
		  "component_groups": [
			"js:remove"
		  ]
		}
	  },
	  "not_in_use": {
		"add": {
		  "component_groups": [
			"js:not_in_use"
		  ]
		},
		"remove": {
		  "component_groups": [
			"navi",
			"admin",
			"medbay",
			"security",
			"js:fix_wiring",
			"js:in_use"
		  ]
		}
	  },

	  "Vent_Cafe": {
		"add": {
		  "component_groups": [
			"Vent_Cafe"
		  ]
		},
		"remove": {
		  "component_groups": [
			"Vent_Se_Hallway",
			"Vent_Lower_Engine",
			"Vent_Upper_Engine",
			"Vent_Electrical",
			"Vent_Security",
			"Vent_Medbay",
			"Vent_Reactor1",
			"Vent_Reactor2",
			"Vent_Admin",
			"Vent_Weapons",
			"Vent_Shields",
			"Vent_Navi1",
			"Vent_Navi2"
		  ]
		}
	  },
	  "Vent_Se_Hallway": {
		"add": {
		  "component_groups": [
			"Vent_Se_Hallway"
		  ]
		},
		"remove": {
		  "component_groups": [
			"Vent_Cafe",
			"Vent_Lower_Engine",
			"Vent_Upper_Engine",
			"Vent_Electrical",
			"Vent_Security",
			"Vent_Medbay",
			"Vent_Reactor1",
			"Vent_Reactor2",
			"Vent_Admin",
			"Vent_Weapons",
			"Vent_Shields",
			"Vent_Navi1",
			"Vent_Navi2"
		  ]
		}
	  },
	  "Vent_Lower_Engine": {
		"add": {
		  "component_groups": [
			"Vent_Lower_Engine"
		  ]
		},
		"remove": {
		  "component_groups": [
			"Vent_Cafe",
			"Vent_Se_Hallway",
			"Vent_Upper_Engine",
			"Vent_Electrical",
			"Vent_Security",
			"Vent_Medbay",
			"Vent_Reactor1",
			"Vent_Reactor2",
			"Vent_Admin",
			"Vent_Weapons",
			"Vent_Shields",
			"Vent_Navi1",
			"Vent_Navi2"
		  ]
		}
	  },
	  "Vent_Upper_Engine": {
		"add": {
		  "component_groups": [
			"Vent_Upper_Engine"
		  ]
		},
		"remove": {
		  "component_groups": [
			"Vent_Cafe",
			"Vent_Se_Hallway",
			"Vent_Lower_Engine",
			"Vent_Electrical",
			"Vent_Security",
			"Vent_Medbay",
			"Vent_Reactor1",
			"Vent_Reactor2",
			"Vent_Admin",
			"Vent_Weapons",
			"Vent_Shields",
			"Vent_Navi1",
			"Vent_Navi2"
		  ]
		}
	  },
	  "Vent_Electrical": {
		"add": {
		  "component_groups": [
			"Vent_Electrical"
		  ]
		},
		"remove": {
		  "component_groups": [
			"Vent_Cafe",
			"Vent_Se_Hallway",
			"Vent_Upper_Engine",
			"Vent_Lower_Engine",
			"Vent_Security",
			"Vent_Medbay",
			"Vent_Reactor1",
			"Vent_Reactor2",
			"Vent_Admin",
			"Vent_Weapons",
			"Vent_Shields",
			"Vent_Navi1",
			"Vent_Navi2"
		  ]
		}
	  },
	  "Vent_Security": {
		"add": {
		  "component_groups": [
			"Vent_Security"
		  ]
		},
		"remove": {
		  "component_groups": [
			"Vent_Cafe",
			"Vent_Se_Hallway",
			"Vent_Upper_Engine",
			"Vent_Lower_Engine",
			"Vent_Electrical",
			"Vent_Medbay",
			"Vent_Reactor1",
			"Vent_Reactor2",
			"Vent_Admin",
			"Vent_Weapons",
			"Vent_Shields",
			"Vent_Navi1",
			"Vent_Navi2"
		  ]
		}
	  },
	  "Vent_Medbay": {
		"add": {
		  "component_groups": [
			"Vent_Medbay"
		  ]
		},
		"remove": {
		  "component_groups": [
			"Vent_Cafe",
			"Vent_Se_Hallway",
			"Vent_Upper_Engine",
			"Vent_Lower_Engine",
			"Vent_Electrical",
			"Vent_Security",
			"Vent_Reactor1",
			"Vent_Reactor2",
			"Vent_Admin",
			"Vent_Weapons",
			"Vent_Shields",
			"Vent_Navi1",
			"Vent_Navi2"
		  ]
		}
	  },
	  "Vent_Reactor1": {
		"add": {
		  "component_groups": [
			"Vent_Reactor1"
		  ]
		},
		"remove": {
		  "component_groups": [
			"Vent_Cafe",
			"Vent_Se_Hallway",
			"Vent_Upper_Engine",
			"Vent_Lower_Engine",
			"Vent_Electrical",
			"Vent_Security",
			"Vent_Medbay",
			"Vent_Reactor2",
			"Vent_Admin",
			"Vent_Weapons",
			"Vent_Shields",
			"Vent_Navi1",
			"Vent_Navi2"
		  ]
		}
	  },
	  "Vent_Reactor2": {
		"add": {
		  "component_groups": [
			"Vent_Reactor2"
		  ]
		},
		"remove": {
		  "component_groups": [
			"Vent_Cafe",
			"Vent_Se_Hallway",
			"Vent_Upper_Engine",
			"Vent_Lower_Engine",
			"Vent_Electrical",
			"Vent_Security",
			"Vent_Medbay",
			"Vent_Reactor1",
			"Vent_Admin",
			"Vent_Weapons",
			"Vent_Shields",
			"Vent_Navi1",
			"Vent_Navi2"
		  ]
		}
	  },
	  "Vent_Admin": {
		"add": {
		  "component_groups": [
			"Vent_Admin"
		  ]
		},
		"remove": {
		  "component_groups": [
			"Vent_Cafe",
			"Vent_Se_Hallway",
			"Vent_Upper_Engine",
			"Vent_Lower_Engine",
			"Vent_Electrical",
			"Vent_Security",
			"Vent_Medbay",
			"Vent_Reactor1",
			"Vent_Reactor2",
			"Vent_Weapons",
			"Vent_Shields",
			"Vent_Navi1",
			"Vent_Navi2"
		  ]
		}
	  },
	  "Vent_Weapons": {
		"add": {
		  "component_groups": [
			"Vent_Weapons"
		  ]
		},
		"remove": {
		  "component_groups": [
			"Vent_Cafe",
			"Vent_Se_Hallway",
			"Vent_Upper_Engine",
			"Vent_Lower_Engine",
			"Vent_Electrical",
			"Vent_Security",
			"Vent_Medbay",
			"Vent_Reactor1",
			"Vent_Reactor2",
			"Vent_Admin",
			"Vent_Shields",
			"Vent_Navi1",
			"Vent_Navi2"
		  ]
		}
	  },
	  "Vent_Shields": {
		"add": {
		  "component_groups": [
			"Vent_Shields"
		  ]
		},
		"remove": {
		  "component_groups": [
			"Vent_Cafe",
			"Vent_Se_Hallway",
			"Vent_Upper_Engine",
			"Vent_Lower_Engine",
			"Vent_Electrical",
			"Vent_Security",
			"Vent_Medbay",
			"Vent_Reactor1",
			"Vent_Reactor2",
			"Vent_Admin",
			"Vent_Weapons",
			"Vent_Navi1",
			"Vent_Navi2"
		  ]
		}
	  },
	  "Vent_Navi1": {
		"add": {
		  "component_groups": [
			"Vent_Navi1"
		  ]
		},
		"remove": {
		  "component_groups": [
			"Vent_Cafe",
			"Vent_Se_Hallway",
			"Vent_Upper_Engine",
			"Vent_Lower_Engine",
			"Vent_Electrical",
			"Vent_Security",
			"Vent_Medbay",
			"Vent_Reactor1",
			"Vent_Reactor2",
			"Vent_Admin",
			"Vent_Weapons",
			"Vent_Shields",
			"Vent_Navi2"
		  ]
		}
	  },
	  "Vent_Navi2": {
		"add": {
		  "component_groups": [
			"Vent_Navi2"
		  ]
		},
		"remove": {
		  "component_groups": [
			"Vent_Cafe",
			"Vent_Se_Hallway",
			"Vent_Upper_Engine",
			"Vent_Lower_Engine",
			"Vent_Electrical",
			"Vent_Security",
			"Vent_Medbay",
			"Vent_Reactor1",
			"Vent_Reactor2",
			"Vent_Admin",
			"Vent_Weapons",
			"Vent_Shields",
			"Vent_Navi1"
		  ]
		}
	  },
	  "js:fix_wiring": {
		"add": {
		  "component_groups": [
			"js:fix_wiring",
			"js:in_use"
		  ]
		},
		"remove": {
		  "component_groups": [
			"js:not_in_use"
		  ]
		}
	  },
	  "js:fix_wiring_done": {
		"remove": {
		  "component_groups": [
			"js:fix_wiring"
		  ]
		},
		"add": {
		  "component_groups": [
			"js:not_in_use"
		  ]
		}
	  }
	}
  }
}